#include "ui.h"
#include "screens.h"
#include "images.h"
#include "actions.h"
#include "vars.h"

// ASSETS DEFINITION
const uint8_t assets[56264] = {
    0x7E, 0x45, 0x45, 0x5A, 0x03, 0x00, 0x06, 0x00, 0x00, 0x00, 0x00, 0x00, 0x24, 0x00, 0x00, 0x00,
    0x24, 0x00, 0x00, 0x00, 0x00, 0x00, 0x00, 0x00, 0x00, 0x00, 0x00, 0x00, 0x00, 0x00, 0x00, 0x00,
    0x00, 0x00, 0x00, 0x00, 0x20, 0x00, 0x00, 0x00, 0x00, 0x00, 0x00, 0x00, 0x00, 0x00, 0x00, 0x00,
    0x20, 0x03, 0xE0, 0x01, 0x01, 0x00, 0x00, 0x00, 0x24, 0x00, 0x00, 0x00, 0x02, 0x00, 0x00, 0x00,
    0x20, 0x00, 0x00, 0x00, 0x09, 0x00, 0x00, 0x00, 0x1C, 0x00, 0x00, 0x00, 0x2D, 0x00, 0x00, 0x00,
    0x38, 0xD7, 0x00, 0x00, 0x1C, 0x00, 0x00, 0x00, 0x30, 0x00, 0x00, 0x00, 0x9C, 0x00, 0x00, 0x00,
    0x00, 0x00, 0xFF, 0xFF, 0xA0, 0x00, 0x00, 0x00, 0xCC, 0x00, 0x00, 0x00, 0xF8, 0x00, 0x00, 0x00,
    0x24, 0x01, 0x00, 0x00, 0x50, 0x01, 0x00, 0x00, 0x7C, 0x01, 0x00, 0x00, 0xA8, 0x01, 0x00, 0x00,
    0xD4, 0x01, 0x00, 0x00, 0x00, 0x02, 0x00, 0x00, 0x2C, 0x02, 0x00, 0x00, 0x38, 0x02, 0x00, 0x00,
    0x44, 0x02, 0x00, 0x00, 0x50, 0x02, 0x00, 0x00, 0x5C, 0x02, 0x00, 0x00, 0x68, 0x02, 0x00, 0x00,
    0x74, 0x02, 0x00, 0x00, 0x80, 0x02, 0x00, 0x00, 0x8C, 0x02, 0x00, 0x00, 0x98, 0x02, 0x00, 0x00,
    0xA4, 0x02, 0x00, 0x00, 0xB0, 0x02, 0x00, 0x00, 0xBC, 0x02, 0x00, 0x00, 0xC8, 0x02, 0x00, 0x00,
    0xD4, 0x02, 0x00, 0x00, 0xE0, 0x02, 0x00, 0x00, 0xEC, 0x02, 0x00, 0x00, 0xF8, 0x02, 0x00, 0x00,
    0x04, 0x03, 0x00, 0x00, 0x10, 0x03, 0x00, 0x00, 0x1C, 0x03, 0x00, 0x00, 0x28, 0x03, 0x00, 0x00,
    0x34, 0x03, 0x00, 0x00, 0x40, 0x03, 0x00, 0x00, 0x4C, 0x03, 0x00, 0x00, 0x58, 0x03, 0x00, 0x00,
    0x64, 0x03, 0x00, 0x00, 0x70, 0x03, 0x00, 0x00, 0x7C, 0x03, 0x00, 0x00, 0x00, 0x00, 0x00, 0x00,
    0x00, 0x00, 0x00, 0x00, 0x07, 0x00, 0x00, 0x00, 0x74, 0x03, 0x00, 0x00, 0x00, 0x00, 0x00, 0x00,
    0x00, 0x00, 0x00, 0x00, 0x01, 0x00, 0x00, 0x00, 0x24, 0xD7, 0x00, 0x00, 0x00, 0x00, 0x00, 0x00,
    0x00, 0x00, 0x00, 0x00, 0x00, 0x00, 0x00, 0x00, 0x00, 0x00, 0x00, 0x00, 0x00, 0x00, 0x00, 0x00,
    0x00, 0x00, 0x00, 0x00, 0x05, 0x00, 0x00, 0x00, 0x60, 0x03, 0x00, 0x00, 0x00, 0x00, 0x00, 0x00,
    0x00, 0x00, 0x00, 0x00, 0x00, 0x00, 0x00, 0x00, 0x00, 0x00, 0x00, 0x00, 0x00, 0x00, 0x00, 0x00,
    0x00, 0x00, 0x00, 0x00, 0x00, 0x00, 0x00, 0x00, 0x00, 0x00, 0x00, 0x00, 0x00, 0x00, 0x00, 0x00,
    0x00, 0x00, 0x00, 0x00, 0xAC, 0x01, 0x00, 0x00, 0x44, 0x03, 0x00, 0x00, 0x01, 0x00, 0x00, 0x00,
    0xEC, 0x09, 0x00, 0x00, 0x2D, 0x00, 0x00, 0x00, 0xC8, 0xD6, 0x00, 0x00, 0x00, 0x00, 0x00, 0x00,
    0x00, 0x00, 0x00, 0x00, 0x00, 0x00, 0x00, 0x00, 0x00, 0x00, 0x00, 0x00, 0x00, 0x00, 0x00, 0x00,
    0x00, 0x00, 0x00, 0x00, 0x8E, 0x00, 0x00, 0x00, 0xC8, 0x09, 0x00, 0x00, 0x00, 0x00, 0x00, 0x00,
    0x00, 0x00, 0x00, 0x00, 0x22, 0x00, 0x00, 0x00, 0xC8, 0xD6, 0x00, 0x00, 0x00, 0x00, 0x00, 0x00,
    0x00, 0x00, 0x00, 0x00, 0x00, 0x00, 0x00, 0x00, 0x00, 0x00, 0x00, 0x00, 0x00, 0x00, 0x00, 0x00,
    0x00, 0x00, 0x00, 0x00, 0x06, 0x00, 0x00, 0x00, 0xD0, 0x0B, 0x00, 0x00, 0x01, 0x00, 0x00, 0x00,
    0xE0, 0x0B, 0x00, 0x00, 0x05, 0x00, 0x00, 0x00, 0xBC, 0xD6, 0x00, 0x00, 0x00, 0x00, 0x00, 0x00,
    0x00, 0x00, 0x00, 0x00, 0x00, 0x00, 0x00, 0x00, 0x00, 0x00, 0x00, 0x00, 0x01, 0x00, 0x00, 0x00,
    0xC4, 0x0B, 0x00, 0x00, 0x06, 0x00, 0x00, 0x00, 0xC0, 0x0B, 0x00, 0x00, 0x00, 0x00, 0x00, 0x00,
    0x00, 0x00, 0x00, 0x00, 0x05, 0x00, 0x00, 0x00, 0x94, 0xD6, 0x00, 0x00, 0x00, 0x00, 0x00, 0x00,
    0x00, 0x00, 0x00, 0x00, 0x00, 0x00, 0x00, 0x00, 0x00, 0x00, 0x00, 0x00, 0x00, 0x00, 0x00, 0x00,
    0x00, 0x00, 0x00, 0x00, 0x06, 0x00, 0x00, 0x00, 0xA8, 0x0B, 0x00, 0x00, 0x00, 0x00, 0x00, 0x00,
    0x00, 0x00, 0x00, 0x00, 0x05, 0x00, 0x00, 0x00, 0x6C, 0xD6, 0x00, 0x00, 0x00, 0x00, 0x00, 0x00,
    0x00, 0x00, 0x00, 0x00, 0x00, 0x00, 0x00, 0x00, 0x00, 0x00, 0x00, 0x00, 0x00, 0x00, 0x00, 0x00,
    0x00, 0x00, 0x00, 0x00, 0x06, 0x00, 0x00, 0x00, 0x90, 0x0B, 0x00, 0x00, 0x00, 0x00, 0x00, 0x00,
    0x00, 0x00, 0x00, 0x00, 0x05, 0x00, 0x00, 0x00, 0x44, 0xD6, 0x00, 0x00, 0x00, 0x00, 0x00, 0x00,
    0x00, 0x00, 0x00, 0x00, 0x00, 0x00, 0x00, 0x00, 0x00, 0x00, 0x00, 0x00, 0x00, 0x00, 0x00, 0x00,
    0x00, 0x00, 0x00, 0x00, 0x03, 0x00, 0x00, 0x00, 0x78, 0x0B, 0x00, 0x00, 0x00, 0x00, 0x00, 0x00,
    0x00, 0x00, 0x00, 0x00, 0x02, 0x00, 0x00, 0x00, 0x1C, 0xD6, 0x00, 0x00, 0x00, 0x00, 0x00, 0x00,
    0x00, 0x00, 0x00, 0x00, 0x00, 0x00, 0x00, 0x00, 0x00, 0x00, 0x00, 0x00, 0x00, 0x00, 0x00, 0x00,
    0x00, 0x00, 0x00, 0x00, 0x07, 0x00, 0x00, 0x00, 0x00, 0x00, 0x00, 0x00, 0x00, 0x00, 0x00, 0x00,
    0x00, 0x00, 0x00, 0x00, 0x02, 0x00, 0x00, 0x00, 0x00, 0x00, 0x00, 0x00, 0x01, 0x00, 0x00, 0x00,
    0x00, 0x00, 0x00, 0x00, 0x02, 0x00, 0x00, 0x00, 0x00, 0x00, 0x00, 0x00, 0x00, 0x00, 0x00, 0x00,
    0x00, 0x00, 0x00, 0x00, 0x02, 0x00, 0x00, 0x00, 0x00, 0x00, 0x00, 0x00, 0x00, 0x00, 0x00, 0x00,
    0x00, 0x00, 0x00, 0x00, 0x07, 0x00, 0x00, 0x00, 0x00, 0x00, 0x00, 0x00, 0x00, 0x00, 0x00, 0x00,
    0x00, 0x00, 0x00, 0x00, 0x07, 0x00, 0x00, 0x00, 0x00, 0x00, 0x00, 0x00, 0x00, 0x00, 0x00, 0x00,
    0x00, 0x00, 0x00, 0x00, 0x07, 0x00, 0x00, 0x00, 0x00, 0x00, 0x00, 0x00, 0x00, 0x00, 0x00, 0x00,
    0x00, 0x00, 0x00, 0x00, 0x0B, 0x00, 0x00, 0x00, 0x00, 0x00, 0x00, 0x00, 0x00, 0x00, 0x20, 0x41,
    0x00, 0x00, 0x00, 0x00, 0x0B, 0x00, 0x00, 0x00, 0x00, 0x00, 0x00, 0x00, 0x00, 0x00, 0x20, 0x41,
    0x00, 0x00, 0x00, 0x00, 0x07, 0x00, 0x00, 0x00, 0x00, 0x00, 0x00, 0x00, 0xFF, 0xFF, 0xFF, 0xFF,
    0x00, 0x00, 0x00, 0x00, 0x10, 0x00, 0x00, 0x00, 0x00, 0x00, 0x00, 0x00, 0xB0, 0x0A, 0x00, 0x00,
    0x00, 0x00, 0x00, 0x00, 0x0B, 0x00, 0x00, 0x00, 0x00, 0x00, 0x00, 0x00, 0x00, 0x00, 0x48, 0x42,
    0x00, 0x00, 0x00, 0x00, 0x0E, 0x00, 0x00, 0x00, 0x00, 0x00, 0x00, 0x00, 0xB8, 0x0C, 0x00, 0x00,
    0x00, 0x00, 0x00, 0x00, 0x07, 0x00, 0x00, 0x00, 0x00, 0x00, 0x00, 0x00, 0x00, 0x00, 0x00, 0x00,
    0x00, 0x00, 0x00, 0x00, 0x07, 0x00, 0x00, 0x00, 0x00, 0x00, 0x00, 0x00, 0x01, 0x00, 0x00, 0x00,
    0x00, 0x00, 0x00, 0x00, 0x02, 0x00, 0x00, 0x00, 0x00, 0x00, 0x00, 0x00, 0x00, 0x00, 0x00, 0x00,
    0x00, 0x00, 0x00, 0x00, 0x10, 0x00, 0x00, 0x00, 0x00, 0x00, 0x00, 0x00, 0x80, 0x0C, 0x00, 0x00,
    0x00, 0x00, 0x00, 0x00, 0x07, 0x00, 0x00, 0x00, 0x00, 0x00, 0x00, 0x00, 0xFF, 0xFF, 0xFF, 0xFF,
    0x00, 0x00, 0x00, 0x00, 0x07, 0x00, 0x00, 0x00, 0x00, 0x00, 0x00, 0x00, 0x00, 0x00, 0x00, 0x00,
    0x00, 0x00, 0x00, 0x00, 0x0E, 0x00, 0x00, 0x00, 0x00, 0x00, 0x00, 0x00, 0x58, 0x0E, 0x00, 0x00,
    0x00, 0x00, 0x00, 0x00, 0x07, 0x00, 0x00, 0x00, 0x00, 0x00, 0x00, 0x00, 0x00, 0x00, 0x00, 0x00,
    0x00, 0x00, 0x00, 0x00, 0x0E, 0x00, 0x00, 0x00, 0x00, 0x00, 0x00, 0x00, 0x3C, 0x0E, 0x00, 0x00,
    0x00, 0x00, 0x00, 0x00, 0x0E, 0x00, 0x00, 0x00, 0x00, 0x00, 0x00, 0x00, 0x30, 0x0E, 0x00, 0x00,
    0x00, 0x00, 0x00, 0x00, 0x0E, 0x00, 0x00, 0x00, 0x00, 0x00, 0x00, 0x00, 0x24, 0x0E, 0x00, 0x00,
    0x00, 0x00, 0x00, 0x00, 0x02, 0x00, 0x00, 0x00, 0x00, 0x00, 0x00, 0x00, 0x00, 0x00, 0x00, 0x00,
    0x00, 0x00, 0x00, 0x00, 0x07, 0x00, 0x00, 0x00, 0x00, 0x00, 0x00, 0x00, 0x00, 0x00, 0x00, 0x00,
    0x00, 0x00, 0x00, 0x00, 0x07, 0x00, 0x00, 0x00, 0x00, 0x00, 0x00, 0x00, 0x00, 0x00, 0x00, 0x00,
    0x00, 0x00, 0x00, 0x00, 0x0E, 0x00, 0x00, 0x00, 0x00, 0x00, 0x00, 0x00, 0xE8, 0x0D, 0x00, 0x00,
    0x00, 0x00, 0x00, 0x00, 0x44, 0x65, 0x66, 0x61, 0x75, 0x6C, 0x74, 0x00, 0xDC, 0x0D, 0x00, 0x00,
    0xF8, 0x0D, 0x00, 0x00, 0x14, 0x0E, 0x00, 0x00, 0x30, 0x0E, 0x00, 0x00, 0x4C, 0x0E, 0x00, 0x00,
    0x68, 0x0E, 0x00, 0x00, 0x84, 0x0E, 0x00, 0x00, 0xA8, 0x0E, 0x00, 0x00, 0xC4, 0x0E, 0x00, 0x00,
    0xE0, 0x0E, 0x00, 0x00, 0xFC, 0x0E, 0x00, 0x00, 0x18, 0x0F, 0x00, 0x00, 0x34, 0x0F, 0x00, 0x00,
    0x50, 0x0F, 0x00, 0x00, 0x6C, 0x0F, 0x00, 0x00, 0x88, 0x0F, 0x00, 0x00, 0xA4, 0x0F, 0x00, 0x00,
    0xC0, 0x0F, 0x00, 0x00, 0xDC, 0x0F, 0x00, 0x00, 0xF8, 0x0F, 0x00, 0x00, 0x14, 0x10, 0x00, 0x00,
    0x30, 0x10, 0x00, 0x00, 0x4C, 0x10, 0x00, 0x00, 0x68, 0x10, 0x00, 0x00, 0x84, 0x10, 0x00, 0x00,
    0xA0, 0x10, 0x00, 0x00, 0xBC, 0x10, 0x00, 0x00, 0xD8, 0x10, 0x00, 0x00, 0xF4, 0x10, 0x00, 0x00,
    0x10, 0x11, 0x00, 0x00, 0x2C, 0x11, 0x00, 0x00, 0x48, 0x11, 0x00, 0x00, 0x64, 0x11, 0x00, 0x00,
    0x80, 0x11, 0x00, 0x00, 0x9C, 0x11, 0x00, 0x00, 0xB8, 0x11, 0x00, 0x00, 0xD4, 0x11, 0x00, 0x00,
    0xF0, 0x11, 0x00, 0x00, 0x0C, 0x12, 0x00, 0x00, 0x28, 0x12, 0x00, 0x00, 0x44, 0x12, 0x00, 0x00,
    0x60, 0x12, 0x00, 0x00, 0x7C, 0x12, 0x00, 0x00, 0x98, 0x12, 0x00, 0x00, 0xB4, 0x12, 0x00, 0x00,
    0xD0, 0x12, 0x00, 0x00, 0xEC, 0x12, 0x00, 0x00, 0x08, 0x13, 0x00, 0x00, 0x24, 0x13, 0x00, 0x00,
    0x40, 0x13, 0x00, 0x00, 0x5C, 0x13, 0x00, 0x00, 0x78, 0x13, 0x00, 0x00, 0x94, 0x13, 0x00, 0x00,
    0xB0, 0x13, 0x00, 0x00, 0xCC, 0x13, 0x00, 0x00, 0xE8, 0x13, 0x00, 0x00, 0x04, 0x14, 0x00, 0x00,
    0x20, 0x14, 0x00, 0x00, 0x3C, 0x14, 0x00, 0x00, 0x58, 0x14, 0x00, 0x00, 0x74, 0x14, 0x00, 0x00,
    0x90, 0x14, 0x00, 0x00, 0xAC, 0x14, 0x00, 0x00, 0xC8, 0x14, 0x00, 0x00, 0xE4, 0x14, 0x00, 0x00,
    0x00, 0x15, 0x00, 0x00, 0x1C, 0x15, 0x00, 0x00, 0x38, 0x15, 0x00, 0x00, 0x54, 0x15, 0x00, 0x00,
    0x70, 0x15, 0x00, 0x00, 0x8C, 0x15, 0x00, 0x00, 0xA8, 0x15, 0x00, 0x00, 0xC4, 0x15, 0x00, 0x00,
    0xE0, 0x15, 0x00, 0x00, 0xFC, 0x15, 0x00, 0x00, 0x18, 0x16, 0x00, 0x00, 0x34, 0x16, 0x00, 0x00,
    0x50, 0x16, 0x00, 0x00, 0x6C, 0x16, 0x00, 0x00, 0x88, 0x16, 0x00, 0x00, 0xA4, 0x16, 0x00, 0x00,
    0xC0, 0x16, 0x00, 0x00, 0xDC, 0x16, 0x00, 0x00, 0xF8, 0x16, 0x00, 0x00, 0x14, 0x17, 0x00, 0x00,
    0x30, 0x17, 0x00, 0x00, 0x4C, 0x17, 0x00, 0x00, 0x68, 0x17, 0x00, 0x00, 0x84, 0x17, 0x00, 0x00,
    0xA0, 0x17, 0x00, 0x00, 0xBC, 0x17, 0x00, 0x00, 0xD8, 0x17, 0x00, 0x00, 0xF4, 0x17, 0x00, 0x00,
    0x10, 0x18, 0x00, 0x00, 0x2C, 0x18, 0x00, 0x00, 0x48, 0x18, 0x00, 0x00, 0x64, 0x18, 0x00, 0x00,
    0x80, 0x18, 0x00, 0x00, 0x9C, 0x18, 0x00, 0x00, 0xB8, 0x18, 0x00, 0x00, 0xD4, 0x18, 0x00, 0x00,
    0xF0, 0x18, 0x00, 0x00, 0x0C, 0x19, 0x00, 0x00, 0x28, 0x19, 0x00, 0x00, 0x44, 0x19, 0x00, 0x00,
    0x60, 0x19, 0x00, 0x00, 0x7C, 0x19, 0x00, 0x00, 0x98, 0x19, 0x00, 0x00, 0xB4, 0x19, 0x00, 0x00,
    0xD0, 0x19, 0x00, 0x00, 0xEC, 0x19, 0x00, 0x00, 0x08, 0x1A, 0x00, 0x00, 0x24, 0x1A, 0x00, 0x00,
    0x40, 0x1A, 0x00, 0x00, 0x5C, 0x1A, 0x00, 0x00, 0x78, 0x1A, 0x00, 0x00, 0x94, 0x1A, 0x00, 0x00,
    0xB0, 0x1A, 0x00, 0x00, 0xCC, 0x1A, 0x00, 0x00, 0xE8, 0x1A, 0x00, 0x00, 0x04, 0x1B, 0x00, 0x00,
    0x20, 0x1B, 0x00, 0x00, 0x3C, 0x1B, 0x00, 0x00, 0x58, 0x1B, 0x00, 0x00, 0x74, 0x1B, 0x00, 0x00,
    0x90, 0x1B, 0x00, 0x00, 0xAC, 0x1B, 0x00, 0x00, 0xC8, 0x1B, 0x00, 0x00, 0xE4, 0x1B, 0x00, 0x00,
    0x00, 0x1C, 0x00, 0x00, 0x1C, 0x1C, 0x00, 0x00, 0x38, 0x1C, 0x00, 0x00, 0x54, 0x1C, 0x00, 0x00,
    0x70, 0x1C, 0x00, 0x00, 0x8C, 0x1C, 0x00, 0x00, 0xA8, 0x1C, 0x00, 0x00, 0xC4, 0x1C, 0x00, 0x00,
    0xE0, 0x1C, 0x00, 0x00, 0xFC, 0x1C, 0x00, 0x00, 0x18, 0x1D, 0x00, 0x00, 0x34, 0x1D, 0x00, 0x00,
    0x50, 0x1D, 0x00, 0x00, 0x6C, 0x1D, 0x00, 0x00, 0x88, 0x1D, 0x00, 0x00, 0xA4, 0x1D, 0x00, 0x00,
    0xC0, 0x1D, 0x00, 0x00, 0xDC, 0x1D, 0x00, 0x00, 0xF8, 0x1D, 0x00, 0x00, 0x14, 0x1E, 0x00, 0x00,
    0x30, 0x1E, 0x00, 0x00, 0x4C, 0x1E, 0x00, 0x00, 0x68, 0x1E, 0x00, 0x00, 0x84, 0x1E, 0x00, 0x00,
    0xA0, 0x1E, 0x00, 0x00, 0xBC, 0x1E, 0x00, 0x00, 0xD8, 0x1E, 0x00, 0x00, 0xF4, 0x1E, 0x00, 0x00,
    0x10, 0x1F, 0x00, 0x00, 0x2C, 0x1F, 0x00, 0x00, 0x48, 0x1F, 0x00, 0x00, 0x64, 0x1F, 0x00, 0x00,
    0x80, 0x1F, 0x00, 0x00, 0x9C, 0x1F, 0x00, 0x00, 0xB8, 0x1F, 0x00, 0x00, 0xD4, 0x1F, 0x00, 0x00,
    0xF0, 0x1F, 0x00, 0x00, 0x0C, 0x20, 0x00, 0x00, 0x28, 0x20, 0x00, 0x00, 0x44, 0x20, 0x00, 0x00,
    0x60, 0x20, 0x00, 0x00, 0x7C, 0x20, 0x00, 0x00, 0x98, 0x20, 0x00, 0x00, 0xB4, 0x20, 0x00, 0x00,
    0xD0, 0x20, 0x00, 0x00, 0xEC, 0x20, 0x00, 0x00, 0x08, 0x21, 0x00, 0x00, 0x24, 0x21, 0x00, 0x00,
    0x40, 0x21, 0x00, 0x00, 0x5C, 0x21, 0x00, 0x00, 0x78, 0x21, 0x00, 0x00, 0x94, 0x21, 0x00, 0x00,
    0xB0, 0x21, 0x00, 0x00, 0xCC, 0x21, 0x00, 0x00, 0xE8, 0x21, 0x00, 0x00, 0x04, 0x22, 0x00, 0x00,
    0x20, 0x22, 0x00, 0x00, 0x3C, 0x22, 0x00, 0x00, 0x58, 0x22, 0x00, 0x00, 0x74, 0x22, 0x00, 0x00,
    0x90, 0x22, 0x00, 0x00, 0xAC, 0x22, 0x00, 0x00, 0xC8, 0x22, 0x00, 0x00, 0xE4, 0x22, 0x00, 0x00,
    0x00, 0x23, 0x00, 0x00, 0x1C, 0x23, 0x00, 0x00, 0x38, 0x23, 0x00, 0x00, 0x54, 0x23, 0x00, 0x00,
    0x70, 0x23, 0x00, 0x00, 0x8C, 0x23, 0x00, 0x00, 0xA8, 0x23, 0x00, 0x00, 0xC4, 0x23, 0x00, 0x00,
    0xE0, 0x23, 0x00, 0x00, 0xFC, 0x23, 0x00, 0x00, 0x18, 0x24, 0x00, 0x00, 0x34, 0x24, 0x00, 0x00,
    0x50, 0x24, 0x00, 0x00, 0x6C, 0x24, 0x00, 0x00, 0x88, 0x24, 0x00, 0x00, 0xA4, 0x24, 0x00, 0x00,
    0xC0, 0x24, 0x00, 0x00, 0xDC, 0x24, 0x00, 0x00, 0xF8, 0x24, 0x00, 0x00, 0x14, 0x25, 0x00, 0x00,
    0x30, 0x25, 0x00, 0x00, 0x4C, 0x25, 0x00, 0x00, 0x68, 0x25, 0x00, 0x00, 0x84, 0x25, 0x00, 0x00,
    0xA0, 0x25, 0x00, 0x00, 0xBC, 0x25, 0x00, 0x00, 0xD8, 0x25, 0x00, 0x00, 0xF4, 0x25, 0x00, 0x00,
    0x10, 0x26, 0x00, 0x00, 0x2C, 0x26, 0x00, 0x00, 0x48, 0x26, 0x00, 0x00, 0x64, 0x26, 0x00, 0x00,
    0x80, 0x26, 0x00, 0x00, 0x9C, 0x26, 0x00, 0x00, 0xB8, 0x26, 0x00, 0x00, 0xD4, 0x26, 0x00, 0x00,
    0xF0, 0x26, 0x00, 0x00, 0x0C, 0x27, 0x00, 0x00, 0x28, 0x27, 0x00, 0x00, 0x44, 0x27, 0x00, 0x00,
    0x60, 0x27, 0x00, 0x00, 0x7C, 0x27, 0x00, 0x00, 0x98, 0x27, 0x00, 0x00, 0xB4, 0x27, 0x00, 0x00,
    0xD0, 0x27, 0x00, 0x00, 0xEC, 0x27, 0x00, 0x00, 0x08, 0x28, 0x00, 0x00, 0x24, 0x28, 0x00, 0x00,
    0x40, 0x28, 0x00, 0x00, 0x5C, 0x28, 0x00, 0x00, 0x78, 0x28, 0x00, 0x00, 0x94, 0x28, 0x00, 0x00,
    0xB0, 0x28, 0x00, 0x00, 0xCC, 0x28, 0x00, 0x00, 0xE8, 0x28, 0x00, 0x00, 0x04, 0x29, 0x00, 0x00,
    0x20, 0x29, 0x00, 0x00, 0x3C, 0x29, 0x00, 0x00, 0x58, 0x29, 0x00, 0x00, 0x74, 0x29, 0x00, 0x00,
    0x90, 0x29, 0x00, 0x00, 0xAC, 0x29, 0x00, 0x00, 0xC8, 0x29, 0x00, 0x00, 0xE4, 0x29, 0x00, 0x00,
    0x00, 0x2A, 0x00, 0x00, 0x1C, 0x2A, 0x00, 0x00, 0x38, 0x2A, 0x00, 0x00, 0x54, 0x2A, 0x00, 0x00,
    0x70, 0x2A, 0x00, 0x00, 0x8C, 0x2A, 0x00, 0x00, 0xA8, 0x2A, 0x00, 0x00, 0xC4, 0x2A, 0x00, 0x00,
    0xE0, 0x2A, 0x00, 0x00, 0xFC, 0x2A, 0x00, 0x00, 0x18, 0x2B, 0x00, 0x00, 0x34, 0x2B, 0x00, 0x00,
    0x50, 0x2B, 0x00, 0x00, 0x6C, 0x2B, 0x00, 0x00, 0x88, 0x2B, 0x00, 0x00, 0xA4, 0x2B, 0x00, 0x00,
    0xC0, 0x2B, 0x00, 0x00, 0xDC, 0x2B, 0x00, 0x00, 0xF8, 0x2B, 0x00, 0x00, 0x14, 0x2C, 0x00, 0x00,
    0x30, 0x2C, 0x00, 0x00, 0x4C, 0x2C, 0x00, 0x00, 0x68, 0x2C, 0x00, 0x00, 0x84, 0x2C, 0x00, 0x00,
    0xA0, 0x2C, 0x00, 0x00, 0xBC, 0x2C, 0x00, 0x00, 0xD8, 0x2C, 0x00, 0x00, 0xF4, 0x2C, 0x00, 0x00,
    0x10, 0x2D, 0x00, 0x00, 0x2C, 0x2D, 0x00, 0x00, 0x48, 0x2D, 0x00, 0x00, 0x64, 0x2D, 0x00, 0x00,
    0x80, 0x2D, 0x00, 0x00, 0x9C, 0x2D, 0x00, 0x00, 0xB8, 0x2D, 0x00, 0x00, 0xD4, 0x2D, 0x00, 0x00,
    0xF0, 0x2D, 0x00, 0x00, 0x0C, 0x2E, 0x00, 0x00, 0x28, 0x2E, 0x00, 0x00, 0x44, 0x2E, 0x00, 0x00,
    0x60, 0x2E, 0x00, 0x00, 0x7C, 0x2E, 0x00, 0x00, 0x98, 0x2E, 0x00, 0x00, 0xB4, 0x2E, 0x00, 0x00,
    0xD0, 0x2E, 0x00, 0x00, 0xEC, 0x2E, 0x00, 0x00, 0x08, 0x2F, 0x00, 0x00, 0x24, 0x2F, 0x00, 0x00,
    0x40, 0x2F, 0x00, 0x00, 0x5C, 0x2F, 0x00, 0x00, 0x78, 0x2F, 0x00, 0x00, 0x94, 0x2F, 0x00, 0x00,
    0xB0, 0x2F, 0x00, 0x00, 0xCC, 0x2F, 0x00, 0x00, 0xE8, 0x2F, 0x00, 0x00, 0x04, 0x30, 0x00, 0x00,
    0x20, 0x30, 0x00, 0x00, 0x3C, 0x30, 0x00, 0x00, 0x58, 0x30, 0x00, 0x00, 0x74, 0x30, 0x00, 0x00,
    0x90, 0x30, 0x00, 0x00, 0xAC, 0x30, 0x00, 0x00, 0xC8, 0x30, 0x00, 0x00, 0xE4, 0x30, 0x00, 0x00,
    0x00, 0x31, 0x00, 0x00, 0x1C, 0x31, 0x00, 0x00, 0x38, 0x31, 0x00, 0x00, 0x54, 0x31, 0x00, 0x00,
    0x70, 0x31, 0x00, 0x00, 0x8C, 0x31, 0x00, 0x00, 0xA8, 0x31, 0x00, 0x00, 0xC4, 0x31, 0x00, 0x00,
    0xE0, 0x31, 0x00, 0x00, 0xFC, 0x31, 0x00, 0x00, 0x18, 0x32, 0x00, 0x00, 0x34, 0x32, 0x00, 0x00,
    0x50, 0x32, 0x00, 0x00, 0x6C, 0x32, 0x00, 0x00, 0x88, 0x32, 0x00, 0x00, 0xA4, 0x32, 0x00, 0x00,
    0xC0, 0x32, 0x00, 0x00, 0xDC, 0x32, 0x00, 0x00, 0xF8, 0x32, 0x00, 0x00, 0x14, 0x33, 0x00, 0x00,
    0x30, 0x33, 0x00, 0x00, 0x4C, 0x33, 0x00, 0x00, 0x68, 0x33, 0x00, 0x00, 0x84, 0x33, 0x00, 0x00,
    0xA0, 0x33, 0x00, 0x00, 0xBC, 0x33, 0x00, 0x00, 0xD8, 0x33, 0x00, 0x00, 0xF4, 0x33, 0x00, 0x00,
    0x10, 0x34, 0x00, 0x00, 0x2C, 0x34, 0x00, 0x00, 0x48, 0x34, 0x00, 0x00, 0x64, 0x34, 0x00, 0x00,
    0x80, 0x34, 0x00, 0x00, 0x9C, 0x34, 0x00, 0x00, 0xB8, 0x34, 0x00, 0x00, 0xD4, 0x34, 0x00, 0x00,
    0xF0, 0x34, 0x00, 0x00, 0x0C, 0x35, 0x00, 0x00, 0x28, 0x35, 0x00, 0x00, 0x44, 0x35, 0x00, 0x00,
    0x60, 0x35, 0x00, 0x00, 0x7C, 0x35, 0x00, 0x00, 0x98, 0x35, 0x00, 0x00, 0xB4, 0x35, 0x00, 0x00,
    0xD0, 0x35, 0x00, 0x00, 0xEC, 0x35, 0x00, 0x00, 0x08, 0x36, 0x00, 0x00, 0x24, 0x36, 0x00, 0x00,
    0x40, 0x36, 0x00, 0x00, 0x5C, 0x36, 0x00, 0x00, 0x78, 0x36, 0x00, 0x00, 0x94, 0x36, 0x00, 0x00,
    0xB0, 0x36, 0x00, 0x00, 0xCC, 0x36, 0x00, 0x00, 0xE8, 0x36, 0x00, 0x00, 0x04, 0x37, 0x00, 0x00,
    0x20, 0x37, 0x00, 0x00, 0x3C, 0x37, 0x00, 0x00, 0x58, 0x37, 0x00, 0x00, 0x74, 0x37, 0x00, 0x00,
    0x90, 0x37, 0x00, 0x00, 0xAC, 0x37, 0x00, 0x00, 0xC8, 0x37, 0x00, 0x00, 0xE4, 0x37, 0x00, 0x00,
    0x00, 0x38, 0x00, 0x00, 0x1C, 0x38, 0x00, 0x00, 0x38, 0x38, 0x00, 0x00, 0x54, 0x38, 0x00, 0x00,
    0x70, 0x38, 0x00, 0x00, 0x8C, 0x38, 0x00, 0x00, 0xA8, 0x38, 0x00, 0x00, 0xC4, 0x38, 0x00, 0x00,
    0xE0, 0x38, 0x00, 0x00, 0xFC, 0x38, 0x00, 0x00, 0x18, 0x39, 0x00, 0x00, 0x3C, 0x39, 0x00, 0x00,
    0x60, 0x39, 0x00, 0x00, 0x84, 0x39, 0x00, 0x00, 0xA8, 0x39, 0x00, 0x00, 0xC8, 0x39, 0x00, 0x00,
    0xEC, 0x39, 0x00, 0x00, 0x10, 0x3A, 0x00, 0x00, 0x34, 0x3A, 0x00, 0x00, 0x58, 0x3A, 0x00, 0x00,
    0x7C, 0x3A, 0x00, 0x00, 0xA0, 0x3A, 0x00, 0x00, 0xC4, 0x3A, 0x00, 0x00, 0xE8, 0x3A, 0x00, 0x00,
    0x0C, 0x3B, 0x00, 0x00, 0x30, 0x3B, 0x00, 0x00, 0x54, 0x3B, 0x00, 0x00, 0x78, 0x3B, 0x00, 0x00,
    0x9C, 0x3B, 0x00, 0x00, 0xC0, 0x3B, 0x00, 0x00, 0xE4, 0x3B, 0x00, 0x00, 0x08, 0x3C, 0x00, 0x00,
    0x2C, 0x3C, 0x00, 0x00, 0x50, 0x3C, 0x00, 0x00, 0x74, 0x3C, 0x00, 0x00, 0x98, 0x3C, 0x00, 0x00,
    0xBC, 0x3C, 0x00, 0x00, 0xE0, 0x3C, 0x00, 0x00, 0x04, 0x3D, 0x00, 0x00, 0x28, 0x3D, 0x00, 0x00,
    0x4C, 0x3D, 0x00, 0x00, 0x70, 0x3D, 0x00, 0x00, 0x94, 0x3D, 0x00, 0x00, 0xB8, 0x3D, 0x00, 0x00,
    0xDC, 0x3D, 0x00, 0x00, 0x00, 0x3E, 0x00, 0x00, 0x24, 0x3E, 0x00, 0x00, 0x48, 0x3E, 0x00, 0x00,
    0x6C, 0x3E, 0x00, 0x00, 0x90, 0x3E, 0x00, 0x00, 0xB4, 0x3E, 0x00, 0x00, 0xD8, 0x3E, 0x00, 0x00,
    0xFC, 0x3E, 0x00, 0x00, 0x20, 0x3F, 0x00, 0x00, 0x44, 0x3F, 0x00, 0x00, 0x68, 0x3F, 0x00, 0x00,
    0x74, 0x3F, 0x00, 0x00, 0x90, 0x3F, 0x00, 0x00, 0xAC, 0x3F, 0x00, 0x00, 0xC8, 0x3F, 0x00, 0x00,
    0xE4, 0x3F, 0x00, 0x00, 0x00, 0x40, 0x00, 0x00, 0x1C, 0x40, 0x00, 0x00, 0x38, 0x40, 0x00, 0x00,
    0x54, 0x40, 0x00, 0x00, 0x70, 0x40, 0x00, 0x00, 0x8C, 0x40, 0x00, 0x00, 0xA8, 0x40, 0x00, 0x00,
    0xC4, 0x40, 0x00, 0x00, 0xE0, 0x40, 0x00, 0x00, 0xFC, 0x40, 0x00, 0x00, 0x18, 0x41, 0x00, 0x00,
    0x34, 0x41, 0x00, 0x00, 0x50, 0x41, 0x00, 0x00, 0x6C, 0x41, 0x00, 0x00, 0x88, 0x41, 0x00, 0x00,
    0xA4, 0x41, 0x00, 0x00, 0xC0, 0x41, 0x00, 0x00, 0xDC, 0x41, 0x00, 0x00, 0xF8, 0x41, 0x00, 0x00,
    0x14, 0x42, 0x00, 0x00, 0x30, 0x42, 0x00, 0x00, 0x4C, 0x42, 0x00, 0x00, 0x68, 0x42, 0x00, 0x00,
    0x84, 0x42, 0x00, 0x00, 0xA0, 0x42, 0x00, 0x00, 0xBC, 0x42, 0x00, 0x00, 0xD8, 0x42, 0x00, 0x00,
    0xF4, 0x42, 0x00, 0x00, 0x10, 0x43, 0x00, 0x00, 0x2C, 0x43, 0x00, 0x00, 0x48, 0x43, 0x00, 0x00,
    0x64, 0x43, 0x00, 0x00, 0x80, 0x43, 0x00, 0x00, 0x9C, 0x43, 0x00, 0x00, 0xB8, 0x43, 0x00, 0x00,
    0xD4, 0x43, 0x00, 0x00, 0xF0, 0x43, 0x00, 0x00, 0x0C, 0x44, 0x00, 0x00, 0x28, 0x44, 0x00, 0x00,
    0x44, 0x44, 0x00, 0x00, 0x60, 0x44, 0x00, 0x00, 0x7C, 0x44, 0x00, 0x00, 0x98, 0x44, 0x00, 0x00,
    0xB4, 0x44, 0x00, 0x00, 0xD0, 0x44, 0x00, 0x00, 0xEC, 0x44, 0x00, 0x00, 0x08, 0x45, 0x00, 0x00,
    0x24, 0x45, 0x00, 0x00, 0x40, 0x45, 0x00, 0x00, 0x5C, 0x45, 0x00, 0x00, 0x78, 0x45, 0x00, 0x00,
    0x94, 0x45, 0x00, 0x00, 0xB0, 0x45, 0x00, 0x00, 0xCC, 0x45, 0x00, 0x00, 0xE8, 0x45, 0x00, 0x00,
    0x04, 0x46, 0x00, 0x00, 0x20, 0x46, 0x00, 0x00, 0x3C, 0x46, 0x00, 0x00, 0x58, 0x46, 0x00, 0x00,
    0x74, 0x46, 0x00, 0x00, 0x90, 0x46, 0x00, 0x00, 0xAC, 0x46, 0x00, 0x00, 0xC8, 0x46, 0x00, 0x00,
    0xE4, 0x46, 0x00, 0x00, 0x00, 0x47, 0x00, 0x00, 0x1C, 0x47, 0x00, 0x00, 0x38, 0x47, 0x00, 0x00,
    0x54, 0x47, 0x00, 0x00, 0x70, 0x47, 0x00, 0x00, 0x8C, 0x47, 0x00, 0x00, 0xA8, 0x47, 0x00, 0x00,
    0xC4, 0x47, 0x00, 0x00, 0xE0, 0x47, 0x00, 0x00, 0xFC, 0x47, 0x00, 0x00, 0x18, 0x48, 0x00, 0x00,
    0x34, 0x48, 0x00, 0x00, 0x50, 0x48, 0x00, 0x00, 0x6C, 0x48, 0x00, 0x00, 0x88, 0x48, 0x00, 0x00,
    0xA4, 0x48, 0x00, 0x00, 0xC0, 0x48, 0x00, 0x00, 0xDC, 0x48, 0x00, 0x00, 0xF8, 0x48, 0x00, 0x00,
    0x14, 0x49, 0x00, 0x00, 0x30, 0x49, 0x00, 0x00, 0x4C, 0x49, 0x00, 0x00, 0x68, 0x49, 0x00, 0x00,
    0x84, 0x49, 0x00, 0x00, 0xA0, 0x49, 0x00, 0x00, 0xBC, 0x49, 0x00, 0x00, 0xD8, 0x49, 0x00, 0x00,
    0xF4, 0x49, 0x00, 0x00, 0x10, 0x4A, 0x00, 0x00, 0x2C, 0x4A, 0x00, 0x00, 0x48, 0x4A, 0x00, 0x00,
    0x64, 0x4A, 0x00, 0x00, 0x80, 0x4A, 0x00, 0x00, 0x9C, 0x4A, 0x00, 0x00, 0xB8, 0x4A, 0x00, 0x00,
    0xD4, 0x4A, 0x00, 0x00, 0xF0, 0x4A, 0x00, 0x00, 0x0C, 0x4B, 0x00, 0x00, 0x28, 0x4B, 0x00, 0x00,
    0x44, 0x4B, 0x00, 0x00, 0x68, 0x4B, 0x00, 0x00, 0x8C, 0x4B, 0x00, 0x00, 0xB0, 0x4B, 0x00, 0x00,
    0xD4, 0x4B, 0x00, 0x00, 0xF8, 0x4B, 0x00, 0x00, 0x1C, 0x4C, 0x00, 0x00, 0x40, 0x4C, 0x00, 0x00,
    0x64, 0x4C, 0x00, 0x00, 0x88, 0x4C, 0x00, 0x00, 0xAC, 0x4C, 0x00, 0x00, 0xD0, 0x4C, 0x00, 0x00,
    0xF4, 0x4C, 0x00, 0x00, 0x18, 0x4D, 0x00, 0x00, 0x3C, 0x4D, 0x00, 0x00, 0x60, 0x4D, 0x00, 0x00,
    0x84, 0x4D, 0x00, 0x00, 0xA8, 0x4D, 0x00, 0x00, 0xCC, 0x4D, 0x00, 0x00, 0xF0, 0x4D, 0x00, 0x00,
    0x14, 0x4E, 0x00, 0x00, 0x38, 0x4E, 0x00, 0x00, 0x5C, 0x4E, 0x00, 0x00, 0x80, 0x4E, 0x00, 0x00,
    0xA4, 0x4E, 0x00, 0x00, 0xC8, 0x4E, 0x00, 0x00, 0xEC, 0x4E, 0x00, 0x00, 0x10, 0x4F, 0x00, 0x00,
    0x34, 0x4F, 0x00, 0x00, 0x58, 0x4F, 0x00, 0x00, 0x7C, 0x4F, 0x00, 0x00, 0xA0, 0x4F, 0x00, 0x00,
    0xC4, 0x4F, 0x00, 0x00, 0xE8, 0x4F, 0x00, 0x00, 0x0C, 0x50, 0x00, 0x00, 0x30, 0x50, 0x00, 0x00,
    0x4C, 0x50, 0x00, 0x00, 0x70, 0x50, 0x00, 0x00, 0x94, 0x50, 0x00, 0x00, 0xB8, 0x50, 0x00, 0x00,
    0xD4, 0x50, 0x00, 0x00, 0x00, 0x00, 0x00, 0x00, 0xDC, 0x50, 0x00, 0x00, 0x00, 0x51, 0x00, 0x00,
    0x1C, 0x51, 0x00, 0x00, 0x40, 0x51, 0x00, 0x00, 0x64, 0x51, 0x00, 0x00, 0x88, 0x51, 0x00, 0x00,
    0xA4, 0x51, 0x00, 0x00, 0xC8, 0x51, 0x00, 0x00, 0xE4, 0x51, 0x00, 0x00, 0x08, 0x52, 0x00, 0x00,
    0x2C, 0x52, 0x00, 0x00, 0x50, 0x52, 0x00, 0x00, 0x6C, 0x52, 0x00, 0x00, 0x90, 0x52, 0x00, 0x00,
    0xAC, 0x52, 0x00, 0x00, 0xD0, 0x52, 0x00, 0x00, 0xF4, 0x52, 0x00, 0x00, 0x18, 0x53, 0x00, 0x00,
    0x34, 0x53, 0x00, 0x00, 0x58, 0x53, 0x00, 0x00, 0x74, 0x53, 0x00, 0x00, 0x22, 0x00, 0x00, 0x00,
    0x00, 0x40, 0x01, 0x00, 0x10, 0x00, 0x00, 0x00, 0x00, 0x00, 0x00, 0x00, 0x80, 0x53, 0x00, 0x00,
    0x00, 0x00, 0x00, 0x00, 0x10, 0x00, 0x00, 0x00, 0x00, 0x00, 0x00, 0x00, 0xC8, 0x53, 0x00, 0x00,
    0x00, 0x00, 0x00, 0x00, 0x10, 0x00, 0x00, 0x00, 0x00, 0x00, 0x00, 0x00, 0x10, 0x54, 0x00, 0x00,
    0x00, 0x00, 0x00, 0x00, 0x10, 0x00, 0x00, 0x00, 0x00, 0x00, 0x00, 0x00, 0x58, 0x54, 0x00, 0x00,
    0x00, 0x00, 0x00, 0x00, 0x10, 0x00, 0x00, 0x00, 0x00, 0x00, 0x00, 0x00, 0xA0, 0x54, 0x00, 0x00,
    0x00, 0x00, 0x00, 0x00, 0x10, 0x00, 0x00, 0x00, 0x00, 0x00, 0x00, 0x00, 0xE8, 0x54, 0x00, 0x00,
    0x00, 0x00, 0x00, 0x00, 0x10, 0x00, 0x00, 0x00, 0x00, 0x00, 0x00, 0x00, 0x30, 0x55, 0x00, 0x00,
    0x00, 0x00, 0x00, 0x00, 0x10, 0x00, 0x00, 0x00, 0x00, 0x00, 0x00, 0x00, 0x78, 0x55, 0x00, 0x00,
    0x00, 0x00, 0x00, 0x00, 0x10, 0x00, 0x00, 0x00, 0x00, 0x00, 0x00, 0x00, 0xC0, 0x55, 0x00, 0x00,
    0x00, 0x00, 0x00, 0x00, 0x10, 0x00, 0x00, 0x00, 0x00, 0x00, 0x00, 0x00, 0x08, 0x56, 0x00, 0x00,
    0x00, 0x00, 0x00, 0x00, 0x10, 0x00, 0x00, 0x00, 0x00, 0x00, 0x00, 0x00, 0x50, 0x56, 0x00, 0x00,
    0x00, 0x00, 0x00, 0x00, 0x10, 0x00, 0x00, 0x00, 0x00, 0x00, 0x00, 0x00, 0x98, 0x56, 0x00, 0x00,
    0x00, 0x00, 0x00, 0x00, 0x10, 0x00, 0x00, 0x00, 0x00, 0x00, 0x00, 0x00, 0xE0, 0x56, 0x00, 0x00,
    0x00, 0x00, 0x00, 0x00, 0x10, 0x00, 0x00, 0x00, 0x00, 0x00, 0x00, 0x00, 0x28, 0x57, 0x00, 0x00,
    0x00, 0x00, 0x00, 0x00, 0x10, 0x00, 0x00, 0x00, 0x00, 0x00, 0x00, 0x00, 0x70, 0x57, 0x00, 0x00,
    0x00, 0x00, 0x00, 0x00, 0x10, 0x00, 0x00, 0x00, 0x00, 0x00, 0x00, 0x00, 0xB8, 0x57, 0x00, 0x00,
    0x00, 0x00, 0x00, 0x00, 0x10, 0x00, 0x00, 0x00, 0x00, 0x00, 0x00, 0x00, 0x00, 0x58, 0x00, 0x00,
    0x00, 0x00, 0x00, 0x00, 0x10, 0x00, 0x00, 0x00, 0x00, 0x00, 0x00, 0x00, 0x48, 0x58, 0x00, 0x00,
    0x00, 0x00, 0x00, 0x00, 0x10, 0x00, 0x00, 0x00, 0x00, 0x00, 0x00, 0x00, 0x90, 0x58, 0x00, 0x00,
    0x00, 0x00, 0x00, 0x00, 0x10, 0x00, 0x00, 0x00, 0x00, 0x00, 0x00, 0x00, 0xD8, 0x58, 0x00, 0x00,
    0x00, 0x00, 0x00, 0x00, 0x10, 0x00, 0x00, 0x00, 0x00, 0x00, 0x00, 0x00, 0x20, 0x59, 0x00, 0x00,
    0x00, 0x00, 0x00, 0x00, 0x10, 0x00, 0x00, 0x00, 0x00, 0x00, 0x00, 0x00, 0x68, 0x59, 0x00, 0x00,
    0x00, 0x00, 0x00, 0x00, 0x10, 0x00, 0x00, 0x00, 0x00, 0x00, 0x00, 0x00, 0xB0, 0x59, 0x00, 0x00,
    0x00, 0x00, 0x00, 0x00, 0x10, 0x00, 0x00, 0x00, 0x00, 0x00, 0x00, 0x00, 0xF8, 0x59, 0x00, 0x00,
    0x00, 0x00, 0x00, 0x00, 0x10, 0x00, 0x00, 0x00, 0x00, 0x00, 0x00, 0x00, 0x40, 0x5A, 0x00, 0x00,
    0x00, 0x00, 0x00, 0x00, 0x10, 0x00, 0x00, 0x00, 0x00, 0x00, 0x00, 0x00, 0x88, 0x5A, 0x00, 0x00,
    0x00, 0x00, 0x00, 0x00, 0x10, 0x00, 0x00, 0x00, 0x00, 0x00, 0x00, 0x00, 0xD0, 0x5A, 0x00, 0x00,
    0x00, 0x00, 0x00, 0x00, 0x10, 0x00, 0x00, 0x00, 0x00, 0x00, 0x00, 0x00, 0x18, 0x5B, 0x00, 0x00,
    0x00, 0x00, 0x00, 0x00, 0x10, 0x00, 0x00, 0x00, 0x00, 0x00, 0x00, 0x00, 0x60, 0x5B, 0x00, 0x00,
    0x00, 0x00, 0x00, 0x00, 0x10, 0x00, 0x00, 0x00, 0x00, 0x00, 0x00, 0x00, 0xA8, 0x5B, 0x00, 0x00,
    0x00, 0x00, 0x00, 0x00, 0x10, 0x00, 0x00, 0x00, 0x00, 0x00, 0x00, 0x00, 0xF0, 0x5B, 0x00, 0x00,
    0x00, 0x00, 0x00, 0x00, 0x10, 0x00, 0x00, 0x00, 0x00, 0x00, 0x00, 0x00, 0x38, 0x5C, 0x00, 0x00,
    0x00, 0x00, 0x00, 0x00, 0x10, 0x00, 0x00, 0x00, 0x00, 0x00, 0x00, 0x00, 0x80, 0x5C, 0x00, 0x00,
    0x00, 0x00, 0x00, 0x00, 0x10, 0x00, 0x00, 0x00, 0x00, 0x00, 0x00, 0x00, 0xC8, 0x5C, 0x00, 0x00,
    0x00, 0x00, 0x00, 0x00, 0x59, 0x45, 0x53, 0x00, 0x00, 0x00, 0x00, 0x00, 0x20, 0x00, 0x00, 0x00,
    0x01, 0x40, 0x01, 0x00, 0x10, 0x00, 0x00, 0x00, 0x00, 0x00, 0x00, 0x00, 0x00, 0x5D, 0x00, 0x00,
    0x00, 0x00, 0x00, 0x00, 0x10, 0x00, 0x00, 0x00, 0x00, 0x00, 0x00, 0x00, 0x58, 0x5D, 0x00, 0x00,
    0x00, 0x00, 0x00, 0x00, 0x10, 0x00, 0x00, 0x00, 0x00, 0x00, 0x00, 0x00, 0xB0, 0x5D, 0x00, 0x00,
    0x00, 0x00, 0x00, 0x00, 0x10, 0x00, 0x00, 0x00, 0x00, 0x00, 0x00, 0x00, 0x08, 0x5E, 0x00, 0x00,
    0x00, 0x00, 0x00, 0x00, 0x10, 0x00, 0x00, 0x00, 0x00, 0x00, 0x00, 0x00, 0x60, 0x5E, 0x00, 0x00,
    0x00, 0x00, 0x00, 0x00, 0x10, 0x00, 0x00, 0x00, 0x00, 0x00, 0x00, 0x00, 0xB8, 0x5E, 0x00, 0x00,
    0x00, 0x00, 0x00, 0x00, 0x10, 0x00, 0x00, 0x00, 0x00, 0x00, 0x00, 0x00, 0x10, 0x5F, 0x00, 0x00,
    0x00, 0x00, 0x00, 0x00, 0x10, 0x00, 0x00, 0x00, 0x00, 0x00, 0x00, 0x00, 0x68, 0x5F, 0x00, 0x00,
    0x00, 0x00, 0x00, 0x00, 0x10, 0x00, 0x00, 0x00, 0x00, 0x00, 0x00, 0x00, 0xC0, 0x5F, 0x00, 0x00,
    0x00, 0x00, 0x00, 0x00, 0x10, 0x00, 0x00, 0x00, 0x00, 0x00, 0x00, 0x00, 0x18, 0x60, 0x00, 0x00,
    0x00, 0x00, 0x00, 0x00, 0x10, 0x00, 0x00, 0x00, 0x00, 0x00, 0x00, 0x00, 0x70, 0x60, 0x00, 0x00,
    0x00, 0x00, 0x00, 0x00, 0x10, 0x00, 0x00, 0x00, 0x00, 0x00, 0x00, 0x00, 0xC8, 0x60, 0x00, 0x00,
    0x00, 0x00, 0x00, 0x00, 0x10, 0x00, 0x00, 0x00, 0x00, 0x00, 0x00, 0x00, 0x20, 0x61, 0x00, 0x00,
    0x00, 0x00, 0x00, 0x00, 0x10, 0x00, 0x00, 0x00, 0x00, 0x00, 0x00, 0x00, 0x78, 0x61, 0x00, 0x00,
    0x00, 0x00, 0x00, 0x00, 0x10, 0x00, 0x00, 0x00, 0x00, 0x00, 0x00, 0x00, 0xD0, 0x61, 0x00, 0x00,
    0x00, 0x00, 0x00, 0x00, 0x10, 0x00, 0x00, 0x00, 0x00, 0x00, 0x00, 0x00, 0x28, 0x62, 0x00, 0x00,
    0x00, 0x00, 0x00, 0x00, 0x10, 0x00, 0x00, 0x00, 0x00, 0x00, 0x00, 0x00, 0x80, 0x62, 0x00, 0x00,
    0x00, 0x00, 0x00, 0x00, 0x10, 0x00, 0x00, 0x00, 0x00, 0x00, 0x00, 0x00, 0xD8, 0x62, 0x00, 0x00,
    0x00, 0x00, 0x00, 0x00, 0x10, 0x00, 0x00, 0x00, 0x00, 0x00, 0x00, 0x00, 0x30, 0x63, 0x00, 0x00,
    0x00, 0x00, 0x00, 0x00, 0x10, 0x00, 0x00, 0x00, 0x00, 0x00, 0x00, 0x00, 0x88, 0x63, 0x00, 0x00,
    0x00, 0x00, 0x00, 0x00, 0x10, 0x00, 0x00, 0x00, 0x00, 0x00, 0x00, 0x00, 0xE0, 0x63, 0x00, 0x00,
    0x00, 0x00, 0x00, 0x00, 0x10, 0x00, 0x00, 0x00, 0x00, 0x00, 0x00, 0x00, 0x38, 0x64, 0x00, 0x00,
    0x00, 0x00, 0x00, 0x00, 0x10, 0x00, 0x00, 0x00, 0x00, 0x00, 0x00, 0x00, 0x90, 0x64, 0x00, 0x00,
    0x00, 0x00, 0x00, 0x00, 0x10, 0x00, 0x00, 0x00, 0x00, 0x00, 0x00, 0x00, 0xE8, 0x64, 0x00, 0x00,
    0x00, 0x00, 0x00, 0x00, 0x10, 0x00, 0x00, 0x00, 0x00, 0x00, 0x00, 0x00, 0x40, 0x65, 0x00, 0x00,
    0x00, 0x00, 0x00, 0x00, 0x10, 0x00, 0x00, 0x00, 0x00, 0x00, 0x00, 0x00, 0x98, 0x65, 0x00, 0x00,
    0x00, 0x00, 0x00, 0x00, 0x10, 0x00, 0x00, 0x00, 0x00, 0x00, 0x00, 0x00, 0xF0, 0x65, 0x00, 0x00,
    0x00, 0x00, 0x00, 0x00, 0x10, 0x00, 0x00, 0x00, 0x00, 0x00, 0x00, 0x00, 0x48, 0x66, 0x00, 0x00,
    0x00, 0x00, 0x00, 0x00, 0x10, 0x00, 0x00, 0x00, 0x00, 0x00, 0x00, 0x00, 0xA0, 0x66, 0x00, 0x00,
    0x00, 0x00, 0x00, 0x00, 0x10, 0x00, 0x00, 0x00, 0x00, 0x00, 0x00, 0x00, 0xF8, 0x66, 0x00, 0x00,
    0x00, 0x00, 0x00, 0x00, 0x10, 0x00, 0x00, 0x00, 0x00, 0x00, 0x00, 0x00, 0x50, 0x67, 0x00, 0x00,
    0x00, 0x00, 0x00, 0x00, 0x10, 0x00, 0x00, 0x00, 0x00, 0x00, 0x00, 0x00, 0xA8, 0x67, 0x00, 0x00,
    0x00, 0x00, 0x00, 0x00, 0x00, 0x00, 0x00, 0x00, 0x00, 0x00, 0x00, 0x00, 0x00, 0x00, 0x00, 0x00,
    0x00, 0x00, 0x00, 0x00, 0x53, 0x41, 0x49, 0x00, 0x30, 0x75, 0x00, 0x00, 0x00, 0x00, 0x00, 0x00,
    0x00, 0x00, 0x00, 0x00, 0x03, 0x00, 0x00, 0x00, 0xE4, 0x67, 0x00, 0x00, 0x00, 0x00, 0x00, 0x00,
    0x00, 0x00, 0x00, 0x00, 0xFF, 0xFF, 0x00, 0x00, 0x31, 0x75, 0x00, 0x00, 0x00, 0x00, 0x00, 0x00,
    0x00, 0x00, 0x00, 0x00, 0x03, 0x00, 0x00, 0x00, 0xD0, 0x67, 0x00, 0x00, 0x00, 0x00, 0x00, 0x00,
    0x00, 0x00, 0x00, 0x00, 0xFF, 0xFF, 0x00, 0x00, 0x32, 0x75, 0x00, 0x00, 0x00, 0x00, 0x00, 0x00,
    0x00, 0x00, 0x00, 0x00, 0x03, 0x00, 0x00, 0x00, 0xBC, 0x67, 0x00, 0x00, 0x00, 0x00, 0x00, 0x00,
    0x00, 0x00, 0x00, 0x00, 0xFF, 0xFF, 0x00, 0x00, 0x33, 0x75, 0x00, 0x00, 0x00, 0x00, 0x00, 0x00,
    0x00, 0x00, 0x00, 0x00, 0x03, 0x00, 0x00, 0x00, 0xA8, 0x67, 0x00, 0x00, 0x00, 0x00, 0x00, 0x00,
    0x00, 0x00, 0x00, 0x00, 0xFF, 0xFF, 0x00, 0x00, 0x34, 0x75, 0x00, 0x00, 0x00, 0x00, 0x00, 0x00,
    0x00, 0x00, 0x00, 0x00, 0x03, 0x00, 0x00, 0x00, 0x94, 0x67, 0x00, 0x00, 0x01, 0x00, 0x00, 0x00,
    0x98, 0x67, 0x00, 0x00, 0xFF, 0xFF, 0x00, 0x00, 0x33, 0x75, 0x00, 0x00, 0x00, 0x00, 0x00, 0x00,
    0x00, 0x00, 0x00, 0x00, 0x03, 0x00, 0x00, 0x00, 0x84, 0x67, 0x00, 0x00, 0x00, 0x00, 0x00, 0x00,
    0x00, 0x00, 0x00, 0x00, 0xFF, 0xFF, 0x00, 0x00, 0x14, 0x04, 0x00, 0x00, 0x01, 0x00, 0x00, 0x00,
    0x78, 0x67, 0x00, 0x00, 0x00, 0x00, 0x00, 0x00, 0x00, 0x00, 0x00, 0x00, 0x01, 0x00, 0x00, 0x00,
    0x6C, 0x67, 0x00, 0x00, 0xFF, 0xFF, 0x00, 0x00, 0x01, 0x00, 0x00, 0x00, 0x64, 0x67, 0x00, 0x00,
    0x34, 0x75, 0x00, 0x00, 0x00, 0x00, 0x00, 0x00, 0x00, 0x00, 0x00, 0x00, 0x03, 0x00, 0x00, 0x00,
    0x54, 0x67, 0x00, 0x00, 0x01, 0x00, 0x00, 0x00, 0x58, 0x67, 0x00, 0x00, 0xFF, 0xFF, 0x00, 0x00,
    0x31, 0x75, 0x00, 0x00, 0x00, 0x00, 0x00, 0x00, 0x00, 0x00, 0x00, 0x00, 0x03, 0x00, 0x00, 0x00,
    0x44, 0x67, 0x00, 0x00, 0x00, 0x00, 0x00, 0x00, 0x00, 0x00, 0x00, 0x00, 0xFF, 0xFF, 0x00, 0x00,
    0x33, 0x75, 0x00, 0x00, 0x00, 0x00, 0x00, 0x00, 0x00, 0x00, 0x00, 0x00, 0x03, 0x00, 0x00, 0x00,
    0x30, 0x67, 0x00, 0x00, 0x00, 0x00, 0x00, 0x00, 0x00, 0x00, 0x00, 0x00, 0xFF, 0xFF, 0x00, 0x00,
    0x34, 0x75, 0x00, 0x00, 0x00, 0x00, 0x00, 0x00, 0x00, 0x00, 0x00, 0x00, 0x03, 0x00, 0x00, 0x00,
    0x1C, 0x67, 0x00, 0x00, 0x01, 0x00, 0x00, 0x00, 0x20, 0x67, 0x00, 0x00, 0xFF, 0xFF, 0x00, 0x00,
    0x33, 0x75, 0x00, 0x00, 0x00, 0x00, 0x00, 0x00, 0x00, 0x00, 0x00, 0x00, 0x03, 0x00, 0x00, 0x00,
    0x0C, 0x67, 0x00, 0x00, 0x00, 0x00, 0x00, 0x00, 0x00, 0x00, 0x00, 0x00, 0xFF, 0xFF, 0x00, 0x00,
    0x30, 0x75, 0x00, 0x00, 0x00, 0x00, 0x00, 0x00, 0x00, 0x00, 0x00, 0x00, 0x03, 0x00, 0x00, 0x00,
    0xF8, 0x66, 0x00, 0x00, 0x01, 0x00, 0x00, 0x00, 0xFC, 0x66, 0x00, 0x00, 0xFF, 0xFF, 0x00, 0x00,
    0x31, 0x75, 0x00, 0x00, 0x00, 0x00, 0x00, 0x00, 0x00, 0x00, 0x00, 0x00, 0x03, 0x00, 0x00, 0x00,
    0xE8, 0x66, 0x00, 0x00, 0x00, 0x00, 0x00, 0x00, 0x00, 0x00, 0x00, 0x00, 0xFF, 0xFF, 0x00, 0x00,
    0x30, 0x75, 0x00, 0x00, 0x00, 0x00, 0x00, 0x00, 0x00, 0x00, 0x00, 0x00, 0x03, 0x00, 0x00, 0x00,
    0xD4, 0x66, 0x00, 0x00, 0x00, 0x00, 0x00, 0x00, 0x00, 0x00, 0x00, 0x00, 0xFF, 0xFF, 0x00, 0x00,
    0x32, 0x75, 0x00, 0x00, 0x00, 0x00, 0x00, 0x00, 0x00, 0x00, 0x00, 0x00, 0x03, 0x00, 0x00, 0x00,
    0xC0, 0x66, 0x00, 0x00, 0x00, 0x00, 0x00, 0x00, 0x00, 0x00, 0x00, 0x00, 0xFF, 0xFF, 0x00, 0x00,
    0x34, 0x75, 0x00, 0x00, 0x00, 0x00, 0x00, 0x00, 0x00, 0x00, 0x00, 0x00, 0x04, 0x00, 0x00, 0x00,
    0xAC, 0x66, 0x00, 0x00, 0x01, 0x00, 0x00, 0x00, 0xB4, 0x66, 0x00, 0x00, 0xFF, 0xFF, 0x00, 0x00,
    0x32, 0x75, 0x00, 0x00, 0x00, 0x00, 0x00, 0x00, 0x00, 0x00, 0x00, 0x00, 0x03, 0x00, 0x00, 0x00,
    0xA0, 0x66, 0x00, 0x00, 0x00, 0x00, 0x00, 0x00, 0x00, 0x00, 0x00, 0x00, 0xFF, 0xFF, 0x00, 0x00,
    0x33, 0x75, 0x00, 0x00, 0x00, 0x00, 0x00, 0x00, 0x00, 0x00, 0x00, 0x00, 0x03, 0x00, 0x00, 0x00,
    0x8C, 0x66, 0x00, 0x00, 0x00, 0x00, 0x00, 0x00, 0x00, 0x00, 0x00, 0x00, 0xFF, 0xFF, 0x00, 0x00,
    0x34, 0x75, 0x00, 0x00, 0x00, 0x00, 0x00, 0x00, 0x00, 0x00, 0x00, 0x00, 0x04, 0x00, 0x00, 0x00,
    0x78, 0x66, 0x00, 0x00, 0x01, 0x00, 0x00, 0x00, 0x80, 0x66, 0x00, 0x00, 0xFF, 0xFF, 0x00, 0x00,
    0x32, 0x75, 0x00, 0x00, 0x00, 0x00, 0x00, 0x00, 0x00, 0x00, 0x00, 0x00, 0x03, 0x00, 0x00, 0x00,
    0x6C, 0x66, 0x00, 0x00, 0x00, 0x00, 0x00, 0x00, 0x00, 0x00, 0x00, 0x00, 0xFF, 0xFF, 0x00, 0x00,
    0x33, 0x75, 0x00, 0x00, 0x00, 0x00, 0x00, 0x00, 0x00, 0x00, 0x00, 0x00, 0x03, 0x00, 0x00, 0x00,
    0x58, 0x66, 0x00, 0x00, 0x00, 0x00, 0x00, 0x00, 0x00, 0x00, 0x00, 0x00, 0xFF, 0xFF, 0x00, 0x00,
    0x34, 0x75, 0x00, 0x00, 0x00, 0x00, 0x00, 0x00, 0x00, 0x00, 0x00, 0x00, 0x04, 0x00, 0x00, 0x00,
    0x44, 0x66, 0x00, 0x00, 0x01, 0x00, 0x00, 0x00, 0x4C, 0x66, 0x00, 0x00, 0xFF, 0xFF, 0x00, 0x00,
    0x32, 0x75, 0x00, 0x00, 0x00, 0x00, 0x00, 0x00, 0x00, 0x00, 0x00, 0x00, 0x03, 0x00, 0x00, 0x00,
    0x38, 0x66, 0x00, 0x00, 0x00, 0x00, 0x00, 0x00, 0x00, 0x00, 0x00, 0x00, 0xFF, 0xFF, 0x00, 0x00,
    0x33, 0x75, 0x00, 0x00, 0x00, 0x00, 0x00, 0x00, 0x00, 0x00, 0x00, 0x00, 0x03, 0x00, 0x00, 0x00,
    0x24, 0x66, 0x00, 0x00, 0x00, 0x00, 0x00, 0x00, 0x00, 0x00, 0x00, 0x00, 0xFF, 0xFF, 0x00, 0x00,
    0x30, 0x75, 0x00, 0x00, 0x00, 0x00, 0x00, 0x00, 0x00, 0x00, 0x00, 0x00, 0x03, 0x00, 0x00, 0x00,
    0x10, 0x66, 0x00, 0x00, 0x00, 0x00, 0x00, 0x00, 0x00, 0x00, 0x00, 0x00, 0xFF, 0xFF, 0x00, 0x00,
    0x35, 0x75, 0x00, 0x00, 0x00, 0x00, 0x00, 0x00, 0x00, 0x00, 0x00, 0x00, 0x04, 0x00, 0x00, 0x00,
    0xFC, 0x65, 0x00, 0x00, 0x00, 0x00, 0x00, 0x00, 0x00, 0x00, 0x00, 0x00, 0xFF, 0xFF, 0x00, 0x00,
    0x36, 0x75, 0x00, 0x00, 0x00, 0x00, 0x00, 0x00, 0x00, 0x00, 0x00, 0x00, 0x03, 0x00, 0x00, 0x00,
    0xEC, 0x65, 0x00, 0x00, 0x00, 0x00, 0x00, 0x00, 0x00, 0x00, 0x00, 0x00, 0xFF, 0xFF, 0x00, 0x00,
    0x33, 0x75, 0x00, 0x00, 0x00, 0x00, 0x00, 0x00, 0x00, 0x00, 0x00, 0x00, 0x03, 0x00, 0x00, 0x00,
    0xD8, 0x65, 0x00, 0x00, 0x00, 0x00, 0x00, 0x00, 0x00, 0x00, 0x00, 0x00, 0xFF, 0xFF, 0x00, 0x00,
    0x30, 0x75, 0x00, 0x00, 0x00, 0x00, 0x00, 0x00, 0x00, 0x00, 0x00, 0x00, 0x03, 0x00, 0x00, 0x00,
    0xC4, 0x65, 0x00, 0x00, 0x00, 0x00, 0x00, 0x00, 0x00, 0x00, 0x00, 0x00, 0xFF, 0xFF, 0x00, 0x00,
    0x30, 0x75, 0x00, 0x00, 0x00, 0x00, 0x00, 0x00, 0x00, 0x00, 0x00, 0x00, 0x03, 0x00, 0x00, 0x00,
    0xB0, 0x65, 0x00, 0x00, 0x00, 0x00, 0x00, 0x00, 0x00, 0x00, 0x00, 0x00, 0xFF, 0xFF, 0x00, 0x00,
    0x33, 0x75, 0x00, 0x00, 0x00, 0x00, 0x00, 0x00, 0x00, 0x00, 0x00, 0x00, 0x03, 0x00, 0x00, 0x00,
    0x9C, 0x65, 0x00, 0x00, 0x00, 0x00, 0x00, 0x00, 0x00, 0x00, 0x00, 0x00, 0xFF, 0xFF, 0x00, 0x00,
    0x33, 0x75, 0x00, 0x00, 0x00, 0x00, 0x00, 0x00, 0x00, 0x00, 0x00, 0x00, 0x04, 0x00, 0x00, 0x00,
    0x88, 0x65, 0x00, 0x00, 0x00, 0x00, 0x00, 0x00, 0x00, 0x00, 0x00, 0x00, 0xFF, 0xFF, 0x00, 0x00,
    0x33, 0x75, 0x00, 0x00, 0x00, 0x00, 0x00, 0x00, 0x00, 0x00, 0x00, 0x00, 0x03, 0x00, 0x00, 0x00,
    0x78, 0x65, 0x00, 0x00, 0x00, 0x00, 0x00, 0x00, 0x00, 0x00, 0x00, 0x00, 0xFF, 0xFF, 0x00, 0x00,
    0x30, 0x75, 0x00, 0x00, 0x00, 0x00, 0x00, 0x00, 0x00, 0x00, 0x00, 0x00, 0x03, 0x00, 0x00, 0x00,
    0x64, 0x65, 0x00, 0x00, 0x00, 0x00, 0x00, 0x00, 0x00, 0x00, 0x00, 0x00, 0xFF, 0xFF, 0x00, 0x00,
    0x33, 0x75, 0x00, 0x00, 0x00, 0x00, 0x00, 0x00, 0x00, 0x00, 0x00, 0x00, 0x03, 0x00, 0x00, 0x00,
    0x50, 0x65, 0x00, 0x00, 0x00, 0x00, 0x00, 0x00, 0x00, 0x00, 0x00, 0x00, 0xFF, 0xFF, 0x00, 0x00,
    0x33, 0x75, 0x00, 0x00, 0x00, 0x00, 0x00, 0x00, 0x00, 0x00, 0x00, 0x00, 0x04, 0x00, 0x00, 0x00,
    0x3C, 0x65, 0x00, 0x00, 0x00, 0x00, 0x00, 0x00, 0x00, 0x00, 0x00, 0x00, 0xFF, 0xFF, 0x00, 0x00,
    0x33, 0x75, 0x00, 0x00, 0x00, 0x00, 0x00, 0x00, 0x00, 0x00, 0x00, 0x00, 0x03, 0x00, 0x00, 0x00,
    0x2C, 0x65, 0x00, 0x00, 0x00, 0x00, 0x00, 0x00, 0x00, 0x00, 0x00, 0x00, 0xFF, 0xFF, 0x00, 0x00,
    0x33, 0x75, 0x00, 0x00, 0x00, 0x00, 0x00, 0x00, 0x00, 0x00, 0x00, 0x00, 0x04, 0x00, 0x00, 0x00,
    0x18, 0x65, 0x00, 0x00, 0x00, 0x00, 0x00, 0x00, 0x00, 0x00, 0x00, 0x00, 0xFF, 0xFF, 0x00, 0x00,
    0x30, 0x75, 0x00, 0x00, 0x00, 0x00, 0x00, 0x00, 0x00, 0x00, 0x00, 0x00, 0x03, 0x00, 0x00, 0x00,
    0x08, 0x65, 0x00, 0x00, 0x00, 0x00, 0x00, 0x00, 0x00, 0x00, 0x00, 0x00, 0xFF, 0xFF, 0x00, 0x00,
    0x33, 0x75, 0x00, 0x00, 0x00, 0x00, 0x00, 0x00, 0x00, 0x00, 0x00, 0x00, 0x03, 0x00, 0x00, 0x00,
    0xF4, 0x64, 0x00, 0x00, 0x00, 0x00, 0x00, 0x00, 0x00, 0x00, 0x00, 0x00, 0xFF, 0xFF, 0x00, 0x00,
    0x33, 0x75, 0x00, 0x00, 0x00, 0x00, 0x00, 0x00, 0x00, 0x00, 0x00, 0x00, 0x04, 0x00, 0x00, 0x00,
    0xE0, 0x64, 0x00, 0x00, 0x00, 0x00, 0x00, 0x00, 0x00, 0x00, 0x00, 0x00, 0xFF, 0xFF, 0x00, 0x00,
    0x30, 0x75, 0x00, 0x00, 0x00, 0x00, 0x00, 0x00, 0x00, 0x00, 0x00, 0x00, 0x03, 0x00, 0x00, 0x00,
    0xD0, 0x64, 0x00, 0x00, 0x00, 0x00, 0x00, 0x00, 0x00, 0x00, 0x00, 0x00, 0xFF, 0xFF, 0x00, 0x00,
    0x30, 0x75, 0x00, 0x00, 0x00, 0x00, 0x00, 0x00, 0x00, 0x00, 0x00, 0x00, 0x03, 0x00, 0x00, 0x00,
    0xBC, 0x64, 0x00, 0x00, 0x00, 0x00, 0x00, 0x00, 0x00, 0x00, 0x00, 0x00, 0xFF, 0xFF, 0x00, 0x00,
    0x33, 0x75, 0x00, 0x00, 0x00, 0x00, 0x00, 0x00, 0x00, 0x00, 0x00, 0x00, 0x03, 0x00, 0x00, 0x00,
    0xA8, 0x64, 0x00, 0x00, 0x00, 0x00, 0x00, 0x00, 0x00, 0x00, 0x00, 0x00, 0xFF, 0xFF, 0x00, 0x00,
    0x33, 0x75, 0x00, 0x00, 0x00, 0x00, 0x00, 0x00, 0x00, 0x00, 0x00, 0x00, 0x04, 0x00, 0x00, 0x00,
    0x94, 0x64, 0x00, 0x00, 0x00, 0x00, 0x00, 0x00, 0x00, 0x00, 0x00, 0x00, 0xFF, 0xFF, 0x00, 0x00,
    0x30, 0x75, 0x00, 0x00, 0x00, 0x00, 0x00, 0x00, 0x00, 0x00, 0x00, 0x00, 0x03, 0x00, 0x00, 0x00,
    0x84, 0x64, 0x00, 0x00, 0x00, 0x00, 0x00, 0x00, 0x00, 0x00, 0x00, 0x00, 0xFF, 0xFF, 0x00, 0x00,
    0x33, 0x75, 0x00, 0x00, 0x00, 0x00, 0x00, 0x00, 0x00, 0x00, 0x00, 0x00, 0x03, 0x00, 0x00, 0x00,
    0x70, 0x64, 0x00, 0x00, 0x00, 0x00, 0x00, 0x00, 0x00, 0x00, 0x00, 0x00, 0xFF, 0xFF, 0x00, 0x00,
    0x33, 0x75, 0x00, 0x00, 0x00, 0x00, 0x00, 0x00, 0x00, 0x00, 0x00, 0x00, 0x04, 0x00, 0x00, 0x00,
    0x5C, 0x64, 0x00, 0x00, 0x00, 0x00, 0x00, 0x00, 0x00, 0x00, 0x00, 0x00, 0xFF, 0xFF, 0x00, 0x00,
    0x30, 0x75, 0x00, 0x00, 0x00, 0x00, 0x00, 0x00, 0x00, 0x00, 0x00, 0x00, 0x03, 0x00, 0x00, 0x00,
    0x4C, 0x64, 0x00, 0x00, 0x00, 0x00, 0x00, 0x00, 0x00, 0x00, 0x00, 0x00, 0xFF, 0xFF, 0x00, 0x00,
    0x33, 0x75, 0x00, 0x00, 0x00, 0x00, 0x00, 0x00, 0x00, 0x00, 0x00, 0x00, 0x03, 0x00, 0x00, 0x00,
    0x38, 0x64, 0x00, 0x00, 0x00, 0x00, 0x00, 0x00, 0x00, 0x00, 0x00, 0x00, 0xFF, 0xFF, 0x00, 0x00,
    0x33, 0x75, 0x00, 0x00, 0x00, 0x00, 0x00, 0x00, 0x00, 0x00, 0x00, 0x00, 0x04, 0x00, 0x00, 0x00,
    0x24, 0x64, 0x00, 0x00, 0x00, 0x00, 0x00, 0x00, 0x00, 0x00, 0x00, 0x00, 0xFF, 0xFF, 0x00, 0x00,
    0x30, 0x75, 0x00, 0x00, 0x00, 0x00, 0x00, 0x00, 0x00, 0x00, 0x00, 0x00, 0x03, 0x00, 0x00, 0x00,
    0x14, 0x64, 0x00, 0x00, 0x00, 0x00, 0x00, 0x00, 0x00, 0x00, 0x00, 0x00, 0xFF, 0xFF, 0x00, 0x00,
    0x33, 0x75, 0x00, 0x00, 0x00, 0x00, 0x00, 0x00, 0x00, 0x00, 0x00, 0x00, 0x03, 0x00, 0x00, 0x00,
    0x00, 0x64, 0x00, 0x00, 0x00, 0x00, 0x00, 0x00, 0x00, 0x00, 0x00, 0x00, 0xFF, 0xFF, 0x00, 0x00,
    0x37, 0x75, 0x00, 0x00, 0x00, 0x00, 0x00, 0x00, 0x00, 0x00, 0x00, 0x00, 0x04, 0x00, 0x00, 0x00,
    0xEC, 0x63, 0x00, 0x00, 0x00, 0x00, 0x00, 0x00, 0x00, 0x00, 0x00, 0x00, 0xFF, 0xFF, 0x00, 0x00,
    0x30, 0x75, 0x00, 0x00, 0x00, 0x00, 0x00, 0x00, 0x00, 0x00, 0x00, 0x00, 0x03, 0x00, 0x00, 0x00,
    0xDC, 0x63, 0x00, 0x00, 0x00, 0x00, 0x00, 0x00, 0x00, 0x00, 0x00, 0x00, 0xFF, 0xFF, 0x00, 0x00,
    0x33, 0x75, 0x00, 0x00, 0x00, 0x00, 0x00, 0x00, 0x00, 0x00, 0x00, 0x00, 0x03, 0x00, 0x00, 0x00,
    0xC8, 0x63, 0x00, 0x00, 0x00, 0x00, 0x00, 0x00, 0x00, 0x00, 0x00, 0x00, 0xFF, 0xFF, 0x00, 0x00,
    0x30, 0x75, 0x00, 0x00, 0x00, 0x00, 0x00, 0x00, 0x00, 0x00, 0x00, 0x00, 0x03, 0x00, 0x00, 0x00,
    0xB4, 0x63, 0x00, 0x00, 0x00, 0x00, 0x00, 0x00, 0x00, 0x00, 0x00, 0x00, 0xFF, 0xFF, 0x00, 0x00,
    0x30, 0x75, 0x00, 0x00, 0x00, 0x00, 0x00, 0x00, 0x00, 0x00, 0x00, 0x00, 0x03, 0x00, 0x00, 0x00,
    0xA0, 0x63, 0x00, 0x00, 0x00, 0x00, 0x00, 0x00, 0x00, 0x00, 0x00, 0x00, 0xFF, 0xFF, 0x00, 0x00,
    0x33, 0x75, 0x00, 0x00, 0x00, 0x00, 0x00, 0x00, 0x00, 0x00, 0x00, 0x00, 0x03, 0x00, 0x00, 0x00,
    0x8C, 0x63, 0x00, 0x00, 0x00, 0x00, 0x00, 0x00, 0x00, 0x00, 0x00, 0x00, 0xFF, 0xFF, 0x00, 0x00,
    0x30, 0x75, 0x00, 0x00, 0x00, 0x00, 0x00, 0x00, 0x00, 0x00, 0x00, 0x00, 0x03, 0x00, 0x00, 0x00,
    0x78, 0x63, 0x00, 0x00, 0x00, 0x00, 0x00, 0x00, 0x00, 0x00, 0x00, 0x00, 0xFF, 0xFF, 0x00, 0x00,
    0x33, 0x75, 0x00, 0x00, 0x00, 0x00, 0x00, 0x00, 0x00, 0x00, 0x00, 0x00, 0x03, 0x00, 0x00, 0x00,
    0x64, 0x63, 0x00, 0x00, 0x00, 0x00, 0x00, 0x00, 0x00, 0x00, 0x00, 0x00, 0xFF, 0xFF, 0x00, 0x00,
    0x33, 0x75, 0x00, 0x00, 0x00, 0x00, 0x00, 0x00, 0x00, 0x00, 0x00, 0x00, 0x03, 0x00, 0x00, 0x00,
    0x50, 0x63, 0x00, 0x00, 0x00, 0x00, 0x00, 0x00, 0x00, 0x00, 0x00, 0x00, 0xFF, 0xFF, 0x00, 0x00,
    0x33, 0x75, 0x00, 0x00, 0x00, 0x00, 0x00, 0x00, 0x00, 0x00, 0x00, 0x00, 0x03, 0x00, 0x00, 0x00,
    0x3C, 0x63, 0x00, 0x00, 0x00, 0x00, 0x00, 0x00, 0x00, 0x00, 0x00, 0x00, 0xFF, 0xFF, 0x00, 0x00,
    0x30, 0x75, 0x00, 0x00, 0x00, 0x00, 0x00, 0x00, 0x00, 0x00, 0x00, 0x00, 0x03, 0x00, 0x00, 0x00,
    0x28, 0x63, 0x00, 0x00, 0x00, 0x00, 0x00, 0x00, 0x00, 0x00, 0x00, 0x00, 0xFF, 0xFF, 0x00, 0x00,
    0x33, 0x75, 0x00, 0x00, 0x00, 0x00, 0x00, 0x00, 0x00, 0x00, 0x00, 0x00, 0x03, 0x00, 0x00, 0x00,
    0x14, 0x63, 0x00, 0x00, 0x00, 0x00, 0x00, 0x00, 0x00, 0x00, 0x00, 0x00, 0xFF, 0xFF, 0x00, 0x00,
    0x30, 0x75, 0x00, 0x00, 0x00, 0x00, 0x00, 0x00, 0x00, 0x00, 0x00, 0x00, 0x03, 0x00, 0x00, 0x00,
    0x00, 0x63, 0x00, 0x00, 0x00, 0x00, 0x00, 0x00, 0x00, 0x00, 0x00, 0x00, 0xFF, 0xFF, 0x00, 0x00,
    0x33, 0x75, 0x00, 0x00, 0x00, 0x00, 0x00, 0x00, 0x00, 0x00, 0x00, 0x00, 0x03, 0x00, 0x00, 0x00,
    0xEC, 0x62, 0x00, 0x00, 0x00, 0x00, 0x00, 0x00, 0x00, 0x00, 0x00, 0x00, 0xFF, 0xFF, 0x00, 0x00,
    0x33, 0x75, 0x00, 0x00, 0x00, 0x00, 0x00, 0x00, 0x00, 0x00, 0x00, 0x00, 0x03, 0x00, 0x00, 0x00,
    0xD8, 0x62, 0x00, 0x00, 0x00, 0x00, 0x00, 0x00, 0x00, 0x00, 0x00, 0x00, 0xFF, 0xFF, 0x00, 0x00,
    0x30, 0x75, 0x00, 0x00, 0x00, 0x00, 0x00, 0x00, 0x00, 0x00, 0x00, 0x00, 0x03, 0x00, 0x00, 0x00,
    0xC4, 0x62, 0x00, 0x00, 0x00, 0x00, 0x00, 0x00, 0x00, 0x00, 0x00, 0x00, 0xFF, 0xFF, 0x00, 0x00,
    0x33, 0x75, 0x00, 0x00, 0x00, 0x00, 0x00, 0x00, 0x00, 0x00, 0x00, 0x00, 0x03, 0x00, 0x00, 0x00,
    0xB0, 0x62, 0x00, 0x00, 0x00, 0x00, 0x00, 0x00, 0x00, 0x00, 0x00, 0x00, 0xFF, 0xFF, 0x00, 0x00,
    0x30, 0x75, 0x00, 0x00, 0x00, 0x00, 0x00, 0x00, 0x00, 0x00, 0x00, 0x00, 0x03, 0x00, 0x00, 0x00,
    0x9C, 0x62, 0x00, 0x00, 0x00, 0x00, 0x00, 0x00, 0x00, 0x00, 0x00, 0x00, 0xFF, 0xFF, 0x00, 0x00,
    0x33, 0x75, 0x00, 0x00, 0x00, 0x00, 0x00, 0x00, 0x00, 0x00, 0x00, 0x00, 0x03, 0x00, 0x00, 0x00,
    0x88, 0x62, 0x00, 0x00, 0x00, 0x00, 0x00, 0x00, 0x00, 0x00, 0x00, 0x00, 0xFF, 0xFF, 0x00, 0x00,
    0x33, 0x75, 0x00, 0x00, 0x00, 0x00, 0x00, 0x00, 0x00, 0x00, 0x00, 0x00, 0x03, 0x00, 0x00, 0x00,
    0x74, 0x62, 0x00, 0x00, 0x00, 0x00, 0x00, 0x00, 0x00, 0x00, 0x00, 0x00, 0xFF, 0xFF, 0x00, 0x00,
    0x33, 0x75, 0x00, 0x00, 0x00, 0x00, 0x00, 0x00, 0x00, 0x00, 0x00, 0x00, 0x03, 0x00, 0x00, 0x00,
    0x60, 0x62, 0x00, 0x00, 0x00, 0x00, 0x00, 0x00, 0x00, 0x00, 0x00, 0x00, 0xFF, 0xFF, 0x00, 0x00,
    0x33, 0x75, 0x00, 0x00, 0x00, 0x00, 0x00, 0x00, 0x00, 0x00, 0x00, 0x00, 0x03, 0x00, 0x00, 0x00,
    0x4C, 0x62, 0x00, 0x00, 0x00, 0x00, 0x00, 0x00, 0x00, 0x00, 0x00, 0x00, 0xFF, 0xFF, 0x00, 0x00,
    0x30, 0x75, 0x00, 0x00, 0x00, 0x00, 0x00, 0x00, 0x00, 0x00, 0x00, 0x00, 0x03, 0x00, 0x00, 0x00,
    0x38, 0x62, 0x00, 0x00, 0x00, 0x00, 0x00, 0x00, 0x00, 0x00, 0x00, 0x00, 0xFF, 0xFF, 0x00, 0x00,
    0x30, 0x75, 0x00, 0x00, 0x00, 0x00, 0x00, 0x00, 0x00, 0x00, 0x00, 0x00, 0x04, 0x00, 0x00, 0x00,
    0x24, 0x62, 0x00, 0x00, 0x00, 0x00, 0x00, 0x00, 0x00, 0x00, 0x00, 0x00, 0xFF, 0xFF, 0x00, 0x00,
    0x33, 0x75, 0x00, 0x00, 0x00, 0x00, 0x00, 0x00, 0x00, 0x00, 0x00, 0x00, 0x04, 0x00, 0x00, 0x00,
    0x14, 0x62, 0x00, 0x00, 0x00, 0x00, 0x00, 0x00, 0x00, 0x00, 0x00, 0x00, 0xFF, 0xFF, 0x00, 0x00,
    0x33, 0x75, 0x00, 0x00, 0x00, 0x00, 0x00, 0x00, 0x00, 0x00, 0x00, 0x00, 0x04, 0x00, 0x00, 0x00,
    0x04, 0x62, 0x00, 0x00, 0x00, 0x00, 0x00, 0x00, 0x00, 0x00, 0x00, 0x00, 0xFF, 0xFF, 0x00, 0x00,
    0x33, 0x75, 0x00, 0x00, 0x00, 0x00, 0x00, 0x00, 0x00, 0x00, 0x00, 0x00, 0x05, 0x00, 0x00, 0x00,
    0xF4, 0x61, 0x00, 0x00, 0x00, 0x00, 0x00, 0x00, 0x00, 0x00, 0x00, 0x00, 0xFF, 0xFF, 0x00, 0x00,
    0x33, 0x75, 0x00, 0x00, 0x00, 0x00, 0x00, 0x00, 0x00, 0x00, 0x00, 0x00, 0x04, 0x00, 0x00, 0x00,
    0xE8, 0x61, 0x00, 0x00, 0x00, 0x00, 0x00, 0x00, 0x00, 0x00, 0x00, 0x00, 0xFF, 0xFF, 0x00, 0x00,
    0x36, 0x75, 0x00, 0x00, 0x00, 0x00, 0x00, 0x00, 0x00, 0x00, 0x00, 0x00, 0x03, 0x00, 0x00, 0x00,
    0xD8, 0x61, 0x00, 0x00, 0x00, 0x00, 0x00, 0x00, 0x00, 0x00, 0x00, 0x00, 0xFF, 0xFF, 0x00, 0x00,
    0x33, 0x75, 0x00, 0x00, 0x00, 0x00, 0x00, 0x00, 0x00, 0x00, 0x00, 0x00, 0x03, 0x00, 0x00, 0x00,
    0xC4, 0x61, 0x00, 0x00, 0x00, 0x00, 0x00, 0x00, 0x00, 0x00, 0x00, 0x00, 0xFF, 0xFF, 0x00, 0x00,
    0x30, 0x75, 0x00, 0x00, 0x00, 0x00, 0x00, 0x00, 0x00, 0x00, 0x00, 0x00, 0x03, 0x00, 0x00, 0x00,
    0xB0, 0x61, 0x00, 0x00, 0x00, 0x00, 0x00, 0x00, 0x00, 0x00, 0x00, 0x00, 0xFF, 0xFF, 0x00, 0x00,
    0x30, 0x75, 0x00, 0x00, 0x00, 0x00, 0x00, 0x00, 0x00, 0x00, 0x00, 0x00, 0x03, 0x00, 0x00, 0x00,
    0x9C, 0x61, 0x00, 0x00, 0x00, 0x00, 0x00, 0x00, 0x00, 0x00, 0x00, 0x00, 0xFF, 0xFF, 0x00, 0x00,
    0x33, 0x75, 0x00, 0x00, 0x00, 0x00, 0x00, 0x00, 0x00, 0x00, 0x00, 0x00, 0x03, 0x00, 0x00, 0x00,
    0x88, 0x61, 0x00, 0x00, 0x00, 0x00, 0x00, 0x00, 0x00, 0x00, 0x00, 0x00, 0xFF, 0xFF, 0x00, 0x00,
    0x32, 0x75, 0x00, 0x00, 0x00, 0x00, 0x00, 0x00, 0x00, 0x00, 0x00, 0x00, 0x03, 0x00, 0x00, 0x00,
    0x74, 0x61, 0x00, 0x00, 0x00, 0x00, 0x00, 0x00, 0x00, 0x00, 0x00, 0x00, 0xFF, 0xFF, 0x00, 0x00,
    0x38, 0x75, 0x00, 0x00, 0x00, 0x00, 0x00, 0x00, 0x00, 0x00, 0x00, 0x00, 0x03, 0x00, 0x00, 0x00,
    0x60, 0x61, 0x00, 0x00, 0x00, 0x00, 0x00, 0x00, 0x00, 0x00, 0x00, 0x00, 0xFF, 0xFF, 0x00, 0x00,
    0x30, 0x75, 0x00, 0x00, 0x00, 0x00, 0x00, 0x00, 0x00, 0x00, 0x00, 0x00, 0x03, 0x00, 0x00, 0x00,
    0x4C, 0x61, 0x00, 0x00, 0x01, 0x00, 0x00, 0x00, 0x50, 0x61, 0x00, 0x00, 0xFF, 0xFF, 0x00, 0x00,
    0x30, 0x75, 0x00, 0x00, 0x00, 0x00, 0x00, 0x00, 0x00, 0x00, 0x00, 0x00, 0x03, 0x00, 0x00, 0x00,
    0x3C, 0x61, 0x00, 0x00, 0x00, 0x00, 0x00, 0x00, 0x00, 0x00, 0x00, 0x00, 0xFF, 0xFF, 0x00, 0x00,
    0x33, 0x75, 0x00, 0x00, 0x00, 0x00, 0x00, 0x00, 0x00, 0x00, 0x00, 0x00, 0x04, 0x00, 0x00, 0x00,
    0x28, 0x61, 0x00, 0x00, 0x00, 0x00, 0x00, 0x00, 0x00, 0x00, 0x00, 0x00, 0xFF, 0xFF, 0x00, 0x00,
    0x30, 0x75, 0x00, 0x00, 0x00, 0x00, 0x00, 0x00, 0x00, 0x00, 0x00, 0x00, 0x03, 0x00, 0x00, 0x00,
    0x18, 0x61, 0x00, 0x00, 0x00, 0x00, 0x00, 0x00, 0x00, 0x00, 0x00, 0x00, 0xFF, 0xFF, 0x00, 0x00,
    0x33, 0x75, 0x00, 0x00, 0x00, 0x00, 0x00, 0x00, 0x00, 0x00, 0x00, 0x00, 0x04, 0x00, 0x00, 0x00,
    0x04, 0x61, 0x00, 0x00, 0x00, 0x00, 0x00, 0x00, 0x00, 0x00, 0x00, 0x00, 0xFF, 0xFF, 0x00, 0x00,
    0x33, 0x75, 0x00, 0x00, 0x00, 0x00, 0x00, 0x00, 0x00, 0x00, 0x00, 0x00, 0x04, 0x00, 0x00, 0x00,
    0xF4, 0x60, 0x00, 0x00, 0x00, 0x00, 0x00, 0x00, 0x00, 0x00, 0x00, 0x00, 0xFF, 0xFF, 0x00, 0x00,
    0x33, 0x75, 0x00, 0x00, 0x00, 0x00, 0x00, 0x00, 0x00, 0x00, 0x00, 0x00, 0x04, 0x00, 0x00, 0x00,
    0xE4, 0x60, 0x00, 0x00, 0x00, 0x00, 0x00, 0x00, 0x00, 0x00, 0x00, 0x00, 0xFF, 0xFF, 0x00, 0x00,
    0x33, 0x75, 0x00, 0x00, 0x00, 0x00, 0x00, 0x00, 0x00, 0x00, 0x00, 0x00, 0x04, 0x00, 0x00, 0x00,
    0xD4, 0x60, 0x00, 0x00, 0x00, 0x00, 0x00, 0x00, 0x00, 0x00, 0x00, 0x00, 0xFF, 0xFF, 0x00, 0x00,
    0x33, 0x75, 0x00, 0x00, 0x00, 0x00, 0x00, 0x00, 0x00, 0x00, 0x00, 0x00, 0x03, 0x00, 0x00, 0x00,
    0xC4, 0x60, 0x00, 0x00, 0x00, 0x00, 0x00, 0x00, 0x00, 0x00, 0x00, 0x00, 0xFF, 0xFF, 0x00, 0x00,
    0x37, 0x75, 0x00, 0x00, 0x00, 0x00, 0x00, 0x00, 0x00, 0x00, 0x00, 0x00, 0x05, 0x00, 0x00, 0x00,
    0xB0, 0x60, 0x00, 0x00, 0x00, 0x00, 0x00, 0x00, 0x00, 0x00, 0x00, 0x00, 0xFF, 0xFF, 0x00, 0x00,
    0x30, 0x75, 0x00, 0x00, 0x00, 0x00, 0x00, 0x00, 0x00, 0x00, 0x00, 0x00, 0x03, 0x00, 0x00, 0x00,
    0xA4, 0x60, 0x00, 0x00, 0x00, 0x00, 0x00, 0x00, 0x00, 0x00, 0x00, 0x00, 0xFF, 0xFF, 0x00, 0x00,
    0x33, 0x75, 0x00, 0x00, 0x00, 0x00, 0x00, 0x00, 0x00, 0x00, 0x00, 0x00, 0x04, 0x00, 0x00, 0x00,
    0x90, 0x60, 0x00, 0x00, 0x00, 0x00, 0x00, 0x00, 0x00, 0x00, 0x00, 0x00, 0xFF, 0xFF, 0x00, 0x00,
    0x33, 0x75, 0x00, 0x00, 0x00, 0x00, 0x00, 0x00, 0x00, 0x00, 0x00, 0x00, 0x03, 0x00, 0x00, 0x00,
    0x80, 0x60, 0x00, 0x00, 0x00, 0x00, 0x00, 0x00, 0x00, 0x00, 0x00, 0x00, 0xFF, 0xFF, 0x00, 0x00,
    0x33, 0x75, 0x00, 0x00, 0x00, 0x00, 0x00, 0x00, 0x00, 0x00, 0x00, 0x00, 0x03, 0x00, 0x00, 0x00,
    0x6C, 0x60, 0x00, 0x00, 0x00, 0x00, 0x00, 0x00, 0x00, 0x00, 0x00, 0x00, 0xFF, 0xFF, 0x00, 0x00,
    0x30, 0x75, 0x00, 0x00, 0x00, 0x00, 0x00, 0x00, 0x00, 0x00, 0x00, 0x00, 0x04, 0x00, 0x00, 0x00,
    0x58, 0x60, 0x00, 0x00, 0x00, 0x00, 0x00, 0x00, 0x00, 0x00, 0x00, 0x00, 0xFF, 0xFF, 0x00, 0x00,
    0x30, 0x75, 0x00, 0x00, 0x00, 0x00, 0x00, 0x00, 0x00, 0x00, 0x00, 0x00, 0x03, 0x00, 0x00, 0x00,
    0x48, 0x60, 0x00, 0x00, 0x01, 0x00, 0x00, 0x00, 0x4C, 0x60, 0x00, 0x00, 0xFF, 0xFF, 0x00, 0x00,
    0x30, 0x75, 0x00, 0x00, 0x00, 0x00, 0x00, 0x00, 0x00, 0x00, 0x00, 0x00, 0x03, 0x00, 0x00, 0x00,
    0x38, 0x60, 0x00, 0x00, 0x00, 0x00, 0x00, 0x00, 0x00, 0x00, 0x00, 0x00, 0xFF, 0xFF, 0x00, 0x00,
    0x33, 0x75, 0x00, 0x00, 0x00, 0x00, 0x00, 0x00, 0x00, 0x00, 0x00, 0x00, 0x04, 0x00, 0x00, 0x00,
    0x24, 0x60, 0x00, 0x00, 0x00, 0x00, 0x00, 0x00, 0x00, 0x00, 0x00, 0x00, 0xFF, 0xFF, 0x00, 0x00,
    0x30, 0x75, 0x00, 0x00, 0x00, 0x00, 0x00, 0x00, 0x00, 0x00, 0x00, 0x00, 0x03, 0x00, 0x00, 0x00,
    0x14, 0x60, 0x00, 0x00, 0x00, 0x00, 0x00, 0x00, 0x00, 0x00, 0x00, 0x00, 0xFF, 0xFF, 0x00, 0x00,
    0x33, 0x75, 0x00, 0x00, 0x00, 0x00, 0x00, 0x00, 0x00, 0x00, 0x00, 0x00, 0x04, 0x00, 0x00, 0x00,
    0x00, 0x60, 0x00, 0x00, 0x00, 0x00, 0x00, 0x00, 0x00, 0x00, 0x00, 0x00, 0xFF, 0xFF, 0x00, 0x00,
    0x33, 0x75, 0x00, 0x00, 0x00, 0x00, 0x00, 0x00, 0x00, 0x00, 0x00, 0x00, 0x04, 0x00, 0x00, 0x00,
    0xF0, 0x5F, 0x00, 0x00, 0x00, 0x00, 0x00, 0x00, 0x00, 0x00, 0x00, 0x00, 0xFF, 0xFF, 0x00, 0x00,
    0x33, 0x75, 0x00, 0x00, 0x00, 0x00, 0x00, 0x00, 0x00, 0x00, 0x00, 0x00, 0x04, 0x00, 0x00, 0x00,
    0xE0, 0x5F, 0x00, 0x00, 0x00, 0x00, 0x00, 0x00, 0x00, 0x00, 0x00, 0x00, 0xFF, 0xFF, 0x00, 0x00,
    0x33, 0x75, 0x00, 0x00, 0x00, 0x00, 0x00, 0x00, 0x00, 0x00, 0x00, 0x00, 0x04, 0x00, 0x00, 0x00,
    0xD0, 0x5F, 0x00, 0x00, 0x00, 0x00, 0x00, 0x00, 0x00, 0x00, 0x00, 0x00, 0xFF, 0xFF, 0x00, 0x00,
    0x33, 0x75, 0x00, 0x00, 0x00, 0x00, 0x00, 0x00, 0x00, 0x00, 0x00, 0x00, 0x03, 0x00, 0x00, 0x00,
    0xC0, 0x5F, 0x00, 0x00, 0x00, 0x00, 0x00, 0x00, 0x00, 0x00, 0x00, 0x00, 0xFF, 0xFF, 0x00, 0x00,
    0x37, 0x75, 0x00, 0x00, 0x00, 0x00, 0x00, 0x00, 0x00, 0x00, 0x00, 0x00, 0x05, 0x00, 0x00, 0x00,
    0xAC, 0x5F, 0x00, 0x00, 0x00, 0x00, 0x00, 0x00, 0x00, 0x00, 0x00, 0x00, 0xFF, 0xFF, 0x00, 0x00,
    0x30, 0x75, 0x00, 0x00, 0x00, 0x00, 0x00, 0x00, 0x00, 0x00, 0x00, 0x00, 0x03, 0x00, 0x00, 0x00,
    0xA0, 0x5F, 0x00, 0x00, 0x00, 0x00, 0x00, 0x00, 0x00, 0x00, 0x00, 0x00, 0xFF, 0xFF, 0x00, 0x00,
    0x33, 0x75, 0x00, 0x00, 0x00, 0x00, 0x00, 0x00, 0x00, 0x00, 0x00, 0x00, 0x04, 0x00, 0x00, 0x00,
    0x8C, 0x5F, 0x00, 0x00, 0x00, 0x00, 0x00, 0x00, 0x00, 0x00, 0x00, 0x00, 0xFF, 0xFF, 0x00, 0x00,
    0x33, 0x75, 0x00, 0x00, 0x00, 0x00, 0x00, 0x00, 0x00, 0x00, 0x00, 0x00, 0x03, 0x00, 0x00, 0x00,
    0x7C, 0x5F, 0x00, 0x00, 0x00, 0x00, 0x00, 0x00, 0x00, 0x00, 0x00, 0x00, 0xFF, 0xFF, 0x00, 0x00,
    0x33, 0x75, 0x00, 0x00, 0x00, 0x00, 0x00, 0x00, 0x00, 0x00, 0x00, 0x00, 0x03, 0x00, 0x00, 0x00,
    0x68, 0x5F, 0x00, 0x00, 0x00, 0x00, 0x00, 0x00, 0x00, 0x00, 0x00, 0x00, 0xFF, 0xFF, 0x00, 0x00,
    0x30, 0x75, 0x00, 0x00, 0x00, 0x00, 0x00, 0x00, 0x00, 0x00, 0x00, 0x00, 0x04, 0x00, 0x00, 0x00,
    0x54, 0x5F, 0x00, 0x00, 0x00, 0x00, 0x00, 0x00, 0x00, 0x00, 0x00, 0x00, 0xFF, 0xFF, 0x00, 0x00,
    0x30, 0x75, 0x00, 0x00, 0x00, 0x00, 0x00, 0x00, 0x00, 0x00, 0x00, 0x00, 0x03, 0x00, 0x00, 0x00,
    0x44, 0x5F, 0x00, 0x00, 0x01, 0x00, 0x00, 0x00, 0x48, 0x5F, 0x00, 0x00, 0xFF, 0xFF, 0x00, 0x00,
    0x33, 0x75, 0x00, 0x00, 0x00, 0x00, 0x00, 0x00, 0x00, 0x00, 0x00, 0x00, 0x04, 0x00, 0x00, 0x00,
    0x34, 0x5F, 0x00, 0x00, 0x00, 0x00, 0x00, 0x00, 0x00, 0x00, 0x00, 0x00, 0xFF, 0xFF, 0x00, 0x00,
    0x30, 0x75, 0x00, 0x00, 0x00, 0x00, 0x00, 0x00, 0x00, 0x00, 0x00, 0x00, 0x03, 0x00, 0x00, 0x00,
    0x24, 0x5F, 0x00, 0x00, 0x00, 0x00, 0x00, 0x00, 0x00, 0x00, 0x00, 0x00, 0xFF, 0xFF, 0x00, 0x00,
    0x30, 0x75, 0x00, 0x00, 0x00, 0x00, 0x00, 0x00, 0x00, 0x00, 0x00, 0x00, 0x03, 0x00, 0x00, 0x00,
    0x10, 0x5F, 0x00, 0x00, 0x00, 0x00, 0x00, 0x00, 0x00, 0x00, 0x00, 0x00, 0xFF, 0xFF, 0x00, 0x00,
    0x33, 0x75, 0x00, 0x00, 0x00, 0x00, 0x00, 0x00, 0x00, 0x00, 0x00, 0x00, 0x04, 0x00, 0x00, 0x00,
    0xFC, 0x5E, 0x00, 0x00, 0x00, 0x00, 0x00, 0x00, 0x00, 0x00, 0x00, 0x00, 0xFF, 0xFF, 0x00, 0x00,
    0x33, 0x75, 0x00, 0x00, 0x00, 0x00, 0x00, 0x00, 0x00, 0x00, 0x00, 0x00, 0x04, 0x00, 0x00, 0x00,
    0xEC, 0x5E, 0x00, 0x00, 0x00, 0x00, 0x00, 0x00, 0x00, 0x00, 0x00, 0x00, 0xFF, 0xFF, 0x00, 0x00,
    0x33, 0x75, 0x00, 0x00, 0x00, 0x00, 0x00, 0x00, 0x00, 0x00, 0x00, 0x00, 0x04, 0x00, 0x00, 0x00,
    0xDC, 0x5E, 0x00, 0x00, 0x00, 0x00, 0x00, 0x00, 0x00, 0x00, 0x00, 0x00, 0xFF, 0xFF, 0x00, 0x00,
    0x33, 0x75, 0x00, 0x00, 0x00, 0x00, 0x00, 0x00, 0x00, 0x00, 0x00, 0x00, 0x04, 0x00, 0x00, 0x00,
    0xCC, 0x5E, 0x00, 0x00, 0x00, 0x00, 0x00, 0x00, 0x00, 0x00, 0x00, 0x00, 0xFF, 0xFF, 0x00, 0x00,
    0x33, 0x75, 0x00, 0x00, 0x00, 0x00, 0x00, 0x00, 0x00, 0x00, 0x00, 0x00, 0x03, 0x00, 0x00, 0x00,
    0xBC, 0x5E, 0x00, 0x00, 0x00, 0x00, 0x00, 0x00, 0x00, 0x00, 0x00, 0x00, 0xFF, 0xFF, 0x00, 0x00,
    0x37, 0x75, 0x00, 0x00, 0x00, 0x00, 0x00, 0x00, 0x00, 0x00, 0x00, 0x00, 0x05, 0x00, 0x00, 0x00,
    0xA8, 0x5E, 0x00, 0x00, 0x00, 0x00, 0x00, 0x00, 0x00, 0x00, 0x00, 0x00, 0xFF, 0xFF, 0x00, 0x00,
    0x30, 0x75, 0x00, 0x00, 0x00, 0x00, 0x00, 0x00, 0x00, 0x00, 0x00, 0x00, 0x03, 0x00, 0x00, 0x00,
    0x9C, 0x5E, 0x00, 0x00, 0x00, 0x00, 0x00, 0x00, 0x00, 0x00, 0x00, 0x00, 0xFF, 0xFF, 0x00, 0x00,
    0x33, 0x75, 0x00, 0x00, 0x00, 0x00, 0x00, 0x00, 0x00, 0x00, 0x00, 0x00, 0x04, 0x00, 0x00, 0x00,
    0x88, 0x5E, 0x00, 0x00, 0x00, 0x00, 0x00, 0x00, 0x00, 0x00, 0x00, 0x00, 0xFF, 0xFF, 0x00, 0x00,
    0x33, 0x75, 0x00, 0x00, 0x00, 0x00, 0x00, 0x00, 0x00, 0x00, 0x00, 0x00, 0x03, 0x00, 0x00, 0x00,
    0x78, 0x5E, 0x00, 0x00, 0x00, 0x00, 0x00, 0x00, 0x00, 0x00, 0x00, 0x00, 0xFF, 0xFF, 0x00, 0x00,
    0x33, 0x75, 0x00, 0x00, 0x00, 0x00, 0x00, 0x00, 0x00, 0x00, 0x00, 0x00, 0x03, 0x00, 0x00, 0x00,
    0x64, 0x5E, 0x00, 0x00, 0x00, 0x00, 0x00, 0x00, 0x00, 0x00, 0x00, 0x00, 0xFF, 0xFF, 0x00, 0x00,
    0x30, 0x75, 0x00, 0x00, 0x00, 0x00, 0x00, 0x00, 0x00, 0x00, 0x00, 0x00, 0x04, 0x00, 0x00, 0x00,
    0x50, 0x5E, 0x00, 0x00, 0x00, 0x00, 0x00, 0x00, 0x00, 0x00, 0x00, 0x00, 0xFF, 0xFF, 0x00, 0x00,
    0x30, 0x75, 0x00, 0x00, 0x00, 0x00, 0x00, 0x00, 0x00, 0x00, 0x00, 0x00, 0x03, 0x00, 0x00, 0x00,
    0x40, 0x5E, 0x00, 0x00, 0x01, 0x00, 0x00, 0x00, 0x44, 0x5E, 0x00, 0x00, 0xFF, 0xFF, 0x00, 0x00,
    0x30, 0x75, 0x00, 0x00, 0x00, 0x00, 0x00, 0x00, 0x00, 0x00, 0x00, 0x00, 0x03, 0x00, 0x00, 0x00,
    0x30, 0x5E, 0x00, 0x00, 0x00, 0x00, 0x00, 0x00, 0x00, 0x00, 0x00, 0x00, 0xFF, 0xFF, 0x00, 0x00,
    0x33, 0x75, 0x00, 0x00, 0x00, 0x00, 0x00, 0x00, 0x00, 0x00, 0x00, 0x00, 0x04, 0x00, 0x00, 0x00,
    0x1C, 0x5E, 0x00, 0x00, 0x00, 0x00, 0x00, 0x00, 0x00, 0x00, 0x00, 0x00, 0xFF, 0xFF, 0x00, 0x00,
    0x30, 0x75, 0x00, 0x00, 0x00, 0x00, 0x00, 0x00, 0x00, 0x00, 0x00, 0x00, 0x03, 0x00, 0x00, 0x00,
    0x0C, 0x5E, 0x00, 0x00, 0x00, 0x00, 0x00, 0x00, 0x00, 0x00, 0x00, 0x00, 0xFF, 0xFF, 0x00, 0x00,
    0x33, 0x75, 0x00, 0x00, 0x00, 0x00, 0x00, 0x00, 0x00, 0x00, 0x00, 0x00, 0x04, 0x00, 0x00, 0x00,
    0xF8, 0x5D, 0x00, 0x00, 0x00, 0x00, 0x00, 0x00, 0x00, 0x00, 0x00, 0x00, 0xFF, 0xFF, 0x00, 0x00,
    0x33, 0x75, 0x00, 0x00, 0x00, 0x00, 0x00, 0x00, 0x00, 0x00, 0x00, 0x00, 0x04, 0x00, 0x00, 0x00,
    0xE8, 0x5D, 0x00, 0x00, 0x00, 0x00, 0x00, 0x00, 0x00, 0x00, 0x00, 0x00, 0xFF, 0xFF, 0x00, 0x00,
    0x33, 0x75, 0x00, 0x00, 0x00, 0x00, 0x00, 0x00, 0x00, 0x00, 0x00, 0x00, 0x04, 0x00, 0x00, 0x00,
    0xD8, 0x5D, 0x00, 0x00, 0x00, 0x00, 0x00, 0x00, 0x00, 0x00, 0x00, 0x00, 0xFF, 0xFF, 0x00, 0x00,
    0x33, 0x75, 0x00, 0x00, 0x00, 0x00, 0x00, 0x00, 0x00, 0x00, 0x00, 0x00, 0x04, 0x00, 0x00, 0x00,
    0xC8, 0x5D, 0x00, 0x00, 0x00, 0x00, 0x00, 0x00, 0x00, 0x00, 0x00, 0x00, 0xFF, 0xFF, 0x00, 0x00,
    0x33, 0x75, 0x00, 0x00, 0x00, 0x00, 0x00, 0x00, 0x00, 0x00, 0x00, 0x00, 0x03, 0x00, 0x00, 0x00,
    0xB8, 0x5D, 0x00, 0x00, 0x00, 0x00, 0x00, 0x00, 0x00, 0x00, 0x00, 0x00, 0xFF, 0xFF, 0x00, 0x00,
    0x37, 0x75, 0x00, 0x00, 0x00, 0x00, 0x00, 0x00, 0x00, 0x00, 0x00, 0x00, 0x05, 0x00, 0x00, 0x00,
    0xA4, 0x5D, 0x00, 0x00, 0x00, 0x00, 0x00, 0x00, 0x00, 0x00, 0x00, 0x00, 0xFF, 0xFF, 0x00, 0x00,
    0x30, 0x75, 0x00, 0x00, 0x00, 0x00, 0x00, 0x00, 0x00, 0x00, 0x00, 0x00, 0x03, 0x00, 0x00, 0x00,
    0x98, 0x5D, 0x00, 0x00, 0x00, 0x00, 0x00, 0x00, 0x00, 0x00, 0x00, 0x00, 0xFF, 0xFF, 0x00, 0x00,
    0x33, 0x75, 0x00, 0x00, 0x00, 0x00, 0x00, 0x00, 0x00, 0x00, 0x00, 0x00, 0x04, 0x00, 0x00, 0x00,
    0x84, 0x5D, 0x00, 0x00, 0x00, 0x00, 0x00, 0x00, 0x00, 0x00, 0x00, 0x00, 0xFF, 0xFF, 0x00, 0x00,
    0x33, 0x75, 0x00, 0x00, 0x00, 0x00, 0x00, 0x00, 0x00, 0x00, 0x00, 0x00, 0x03, 0x00, 0x00, 0x00,
    0x74, 0x5D, 0x00, 0x00, 0x00, 0x00, 0x00, 0x00, 0x00, 0x00, 0x00, 0x00, 0xFF, 0xFF, 0x00, 0x00,
    0x33, 0x75, 0x00, 0x00, 0x00, 0x00, 0x00, 0x00, 0x00, 0x00, 0x00, 0x00, 0x03, 0x00, 0x00, 0x00,
    0x60, 0x5D, 0x00, 0x00, 0x00, 0x00, 0x00, 0x00, 0x00, 0x00, 0x00, 0x00, 0xFF, 0xFF, 0x00, 0x00,
    0x30, 0x75, 0x00, 0x00, 0x00, 0x00, 0x00, 0x00, 0x00, 0x00, 0x00, 0x00, 0x04, 0x00, 0x00, 0x00,
    0x4C, 0x5D, 0x00, 0x00, 0x00, 0x00, 0x00, 0x00, 0x00, 0x00, 0x00, 0x00, 0xFF, 0xFF, 0x00, 0x00,
    0x30, 0x75, 0x00, 0x00, 0x00, 0x00, 0x00, 0x00, 0x00, 0x00, 0x00, 0x00, 0x03, 0x00, 0x00, 0x00,
    0x3C, 0x5D, 0x00, 0x00, 0x01, 0x00, 0x00, 0x00, 0x40, 0x5D, 0x00, 0x00, 0xFF, 0xFF, 0x00, 0x00,
    0x30, 0x75, 0x00, 0x00, 0x00, 0x00, 0x00, 0x00, 0x00, 0x00, 0x00, 0x00, 0x03, 0x00, 0x00, 0x00,
    0x2C, 0x5D, 0x00, 0x00, 0x00, 0x00, 0x00, 0x00, 0x00, 0x00, 0x00, 0x00, 0xFF, 0xFF, 0x00, 0x00,
    0x33, 0x75, 0x00, 0x00, 0x00, 0x00, 0x00, 0x00, 0x00, 0x00, 0x00, 0x00, 0x04, 0x00, 0x00, 0x00,
    0x18, 0x5D, 0x00, 0x00, 0x00, 0x00, 0x00, 0x00, 0x00, 0x00, 0x00, 0x00, 0xFF, 0xFF, 0x00, 0x00,
    0x30, 0x75, 0x00, 0x00, 0x00, 0x00, 0x00, 0x00, 0x00, 0x00, 0x00, 0x00, 0x03, 0x00, 0x00, 0x00,
    0x08, 0x5D, 0x00, 0x00, 0x00, 0x00, 0x00, 0x00, 0x00, 0x00, 0x00, 0x00, 0xFF, 0xFF, 0x00, 0x00,
    0x33, 0x75, 0x00, 0x00, 0x00, 0x00, 0x00, 0x00, 0x00, 0x00, 0x00, 0x00, 0x04, 0x00, 0x00, 0x00,
    0xF4, 0x5C, 0x00, 0x00, 0x00, 0x00, 0x00, 0x00, 0x00, 0x00, 0x00, 0x00, 0xFF, 0xFF, 0x00, 0x00,
    0x33, 0x75, 0x00, 0x00, 0x00, 0x00, 0x00, 0x00, 0x00, 0x00, 0x00, 0x00, 0x04, 0x00, 0x00, 0x00,
    0xE4, 0x5C, 0x00, 0x00, 0x00, 0x00, 0x00, 0x00, 0x00, 0x00, 0x00, 0x00, 0xFF, 0xFF, 0x00, 0x00,
    0x33, 0x75, 0x00, 0x00, 0x00, 0x00, 0x00, 0x00, 0x00, 0x00, 0x00, 0x00, 0x04, 0x00, 0x00, 0x00,
    0xD4, 0x5C, 0x00, 0x00, 0x00, 0x00, 0x00, 0x00, 0x00, 0x00, 0x00, 0x00, 0xFF, 0xFF, 0x00, 0x00,
    0x33, 0x75, 0x00, 0x00, 0x00, 0x00, 0x00, 0x00, 0x00, 0x00, 0x00, 0x00, 0x04, 0x00, 0x00, 0x00,
    0xC4, 0x5C, 0x00, 0x00, 0x00, 0x00, 0x00, 0x00, 0x00, 0x00, 0x00, 0x00, 0xFF, 0xFF, 0x00, 0x00,
    0x33, 0x75, 0x00, 0x00, 0x00, 0x00, 0x00, 0x00, 0x00, 0x00, 0x00, 0x00, 0x03, 0x00, 0x00, 0x00,
    0xB4, 0x5C, 0x00, 0x00, 0x00, 0x00, 0x00, 0x00, 0x00, 0x00, 0x00, 0x00, 0xFF, 0xFF, 0x00, 0x00,
    0x37, 0x75, 0x00, 0x00, 0x00, 0x00, 0x00, 0x00, 0x00, 0x00, 0x00, 0x00, 0x05, 0x00, 0x00, 0x00,
    0xA0, 0x5C, 0x00, 0x00, 0x00, 0x00, 0x00, 0x00, 0x00, 0x00, 0x00, 0x00, 0xFF, 0xFF, 0x00, 0x00,
    0x30, 0x75, 0x00, 0x00, 0x00, 0x00, 0x00, 0x00, 0x00, 0x00, 0x00, 0x00, 0x03, 0x00, 0x00, 0x00,
    0x94, 0x5C, 0x00, 0x00, 0x00, 0x00, 0x00, 0x00, 0x00, 0x00, 0x00, 0x00, 0xFF, 0xFF, 0x00, 0x00,
    0x33, 0x75, 0x00, 0x00, 0x00, 0x00, 0x00, 0x00, 0x00, 0x00, 0x00, 0x00, 0x04, 0x00, 0x00, 0x00,
    0x80, 0x5C, 0x00, 0x00, 0x00, 0x00, 0x00, 0x00, 0x00, 0x00, 0x00, 0x00, 0xFF, 0xFF, 0x00, 0x00,
    0x33, 0x75, 0x00, 0x00, 0x00, 0x00, 0x00, 0x00, 0x00, 0x00, 0x00, 0x00, 0x03, 0x00, 0x00, 0x00,
    0x70, 0x5C, 0x00, 0x00, 0x00, 0x00, 0x00, 0x00, 0x00, 0x00, 0x00, 0x00, 0xFF, 0xFF, 0x00, 0x00,
    0x33, 0x75, 0x00, 0x00, 0x00, 0x00, 0x00, 0x00, 0x00, 0x00, 0x00, 0x00, 0x03, 0x00, 0x00, 0x00,
    0x5C, 0x5C, 0x00, 0x00, 0x00, 0x00, 0x00, 0x00, 0x00, 0x00, 0x00, 0x00, 0xFF, 0xFF, 0x00, 0x00,
    0x30, 0x75, 0x00, 0x00, 0x00, 0x00, 0x00, 0x00, 0x00, 0x00, 0x00, 0x00, 0x04, 0x00, 0x00, 0x00,
    0x48, 0x5C, 0x00, 0x00, 0x00, 0x00, 0x00, 0x00, 0x00, 0x00, 0x00, 0x00, 0xFF, 0xFF, 0x00, 0x00,
    0x30, 0x75, 0x00, 0x00, 0x00, 0x00, 0x00, 0x00, 0x00, 0x00, 0x00, 0x00, 0x03, 0x00, 0x00, 0x00,
    0x38, 0x5C, 0x00, 0x00, 0x01, 0x00, 0x00, 0x00, 0x3C, 0x5C, 0x00, 0x00, 0xFF, 0xFF, 0x00, 0x00,
    0x30, 0x75, 0x00, 0x00, 0x00, 0x00, 0x00, 0x00, 0x00, 0x00, 0x00, 0x00, 0x03, 0x00, 0x00, 0x00,
    0x28, 0x5C, 0x00, 0x00, 0x00, 0x00, 0x00, 0x00, 0x00, 0x00, 0x00, 0x00, 0xFF, 0xFF, 0x00, 0x00,
    0x33, 0x75, 0x00, 0x00, 0x00, 0x00, 0x00, 0x00, 0x00, 0x00, 0x00, 0x00, 0x04, 0x00, 0x00, 0x00,
    0x14, 0x5C, 0x00, 0x00, 0x00, 0x00, 0x00, 0x00, 0x00, 0x00, 0x00, 0x00, 0xFF, 0xFF, 0x00, 0x00,
    0x30, 0x75, 0x00, 0x00, 0x00, 0x00, 0x00, 0x00, 0x00, 0x00, 0x00, 0x00, 0x03, 0x00, 0x00, 0x00,
    0x04, 0x5C, 0x00, 0x00, 0x00, 0x00, 0x00, 0x00, 0x00, 0x00, 0x00, 0x00, 0xFF, 0xFF, 0x00, 0x00,
    0x33, 0x75, 0x00, 0x00, 0x00, 0x00, 0x00, 0x00, 0x00, 0x00, 0x00, 0x00, 0x04, 0x00, 0x00, 0x00,
    0xF0, 0x5B, 0x00, 0x00, 0x00, 0x00, 0x00, 0x00, 0x00, 0x00, 0x00, 0x00, 0xFF, 0xFF, 0x00, 0x00,
    0x33, 0x75, 0x00, 0x00, 0x00, 0x00, 0x00, 0x00, 0x00, 0x00, 0x00, 0x00, 0x04, 0x00, 0x00, 0x00,
    0xE0, 0x5B, 0x00, 0x00, 0x00, 0x00, 0x00, 0x00, 0x00, 0x00, 0x00, 0x00, 0xFF, 0xFF, 0x00, 0x00,
    0x33, 0x75, 0x00, 0x00, 0x00, 0x00, 0x00, 0x00, 0x00, 0x00, 0x00, 0x00, 0x04, 0x00, 0x00, 0x00,
    0xD0, 0x5B, 0x00, 0x00, 0x00, 0x00, 0x00, 0x00, 0x00, 0x00, 0x00, 0x00, 0xFF, 0xFF, 0x00, 0x00,
    0x33, 0x75, 0x00, 0x00, 0x00, 0x00, 0x00, 0x00, 0x00, 0x00, 0x00, 0x00, 0x04, 0x00, 0x00, 0x00,
    0xC0, 0x5B, 0x00, 0x00, 0x00, 0x00, 0x00, 0x00, 0x00, 0x00, 0x00, 0x00, 0xFF, 0xFF, 0x00, 0x00,
    0x33, 0x75, 0x00, 0x00, 0x00, 0x00, 0x00, 0x00, 0x00, 0x00, 0x00, 0x00, 0x03, 0x00, 0x00, 0x00,
    0xB0, 0x5B, 0x00, 0x00, 0x00, 0x00, 0x00, 0x00, 0x00, 0x00, 0x00, 0x00, 0xFF, 0xFF, 0x00, 0x00,
    0x37, 0x75, 0x00, 0x00, 0x00, 0x00, 0x00, 0x00, 0x00, 0x00, 0x00, 0x00, 0x05, 0x00, 0x00, 0x00,
    0x9C, 0x5B, 0x00, 0x00, 0x00, 0x00, 0x00, 0x00, 0x00, 0x00, 0x00, 0x00, 0xFF, 0xFF, 0x00, 0x00,
    0x33, 0x75, 0x00, 0x00, 0x00, 0x00, 0x00, 0x00, 0x00, 0x00, 0x00, 0x00, 0x04, 0x00, 0x00, 0x00,
    0x90, 0x5B, 0x00, 0x00, 0x00, 0x00, 0x00, 0x00, 0x00, 0x00, 0x00, 0x00, 0xFF, 0xFF, 0x00, 0x00,
    0x30, 0x75, 0x00, 0x00, 0x00, 0x00, 0x00, 0x00, 0x00, 0x00, 0x00, 0x00, 0x03, 0x00, 0x00, 0x00,
    0x80, 0x5B, 0x00, 0x00, 0x00, 0x00, 0x00, 0x00, 0x00, 0x00, 0x00, 0x00, 0xFF, 0xFF, 0x00, 0x00,
    0x33, 0x75, 0x00, 0x00, 0x00, 0x00, 0x00, 0x00, 0x00, 0x00, 0x00, 0x00, 0x03, 0x00, 0x00, 0x00,
    0x6C, 0x5B, 0x00, 0x00, 0x00, 0x00, 0x00, 0x00, 0x00, 0x00, 0x00, 0x00, 0xFF, 0xFF, 0x00, 0x00,
    0x33, 0x75, 0x00, 0x00, 0x00, 0x00, 0x00, 0x00, 0x00, 0x00, 0x00, 0x00, 0x03, 0x00, 0x00, 0x00,
    0x58, 0x5B, 0x00, 0x00, 0x00, 0x00, 0x00, 0x00, 0x00, 0x00, 0x00, 0x00, 0xFF, 0xFF, 0x00, 0x00,
    0x30, 0x75, 0x00, 0x00, 0x00, 0x00, 0x00, 0x00, 0x00, 0x00, 0x00, 0x00, 0x04, 0x00, 0x00, 0x00,
    0x44, 0x5B, 0x00, 0x00, 0x00, 0x00, 0x00, 0x00, 0x00, 0x00, 0x00, 0x00, 0xFF, 0xFF, 0x00, 0x00,
    0x30, 0x75, 0x00, 0x00, 0x00, 0x00, 0x00, 0x00, 0x00, 0x00, 0x00, 0x00, 0x03, 0x00, 0x00, 0x00,
    0x34, 0x5B, 0x00, 0x00, 0x01, 0x00, 0x00, 0x00, 0x38, 0x5B, 0x00, 0x00, 0xFF, 0xFF, 0x00, 0x00,
    0x30, 0x75, 0x00, 0x00, 0x00, 0x00, 0x00, 0x00, 0x00, 0x00, 0x00, 0x00, 0x03, 0x00, 0x00, 0x00,
    0x24, 0x5B, 0x00, 0x00, 0x00, 0x00, 0x00, 0x00, 0x00, 0x00, 0x00, 0x00, 0xFF, 0xFF, 0x00, 0x00,
    0x33, 0x75, 0x00, 0x00, 0x00, 0x00, 0x00, 0x00, 0x00, 0x00, 0x00, 0x00, 0x04, 0x00, 0x00, 0x00,
    0x10, 0x5B, 0x00, 0x00, 0x00, 0x00, 0x00, 0x00, 0x00, 0x00, 0x00, 0x00, 0xFF, 0xFF, 0x00, 0x00,
    0x30, 0x75, 0x00, 0x00, 0x00, 0x00, 0x00, 0x00, 0x00, 0x00, 0x00, 0x00, 0x03, 0x00, 0x00, 0x00,
    0x00, 0x5B, 0x00, 0x00, 0x00, 0x00, 0x00, 0x00, 0x00, 0x00, 0x00, 0x00, 0xFF, 0xFF, 0x00, 0x00,
    0x33, 0x75, 0x00, 0x00, 0x00, 0x00, 0x00, 0x00, 0x00, 0x00, 0x00, 0x00, 0x04, 0x00, 0x00, 0x00,
    0xEC, 0x5A, 0x00, 0x00, 0x00, 0x00, 0x00, 0x00, 0x00, 0x00, 0x00, 0x00, 0xFF, 0xFF, 0x00, 0x00,
    0x33, 0x75, 0x00, 0x00, 0x00, 0x00, 0x00, 0x00, 0x00, 0x00, 0x00, 0x00, 0x04, 0x00, 0x00, 0x00,
    0xDC, 0x5A, 0x00, 0x00, 0x00, 0x00, 0x00, 0x00, 0x00, 0x00, 0x00, 0x00, 0xFF, 0xFF, 0x00, 0x00,
    0x33, 0x75, 0x00, 0x00, 0x00, 0x00, 0x00, 0x00, 0x00, 0x00, 0x00, 0x00, 0x04, 0x00, 0x00, 0x00,
    0xCC, 0x5A, 0x00, 0x00, 0x00, 0x00, 0x00, 0x00, 0x00, 0x00, 0x00, 0x00, 0xFF, 0xFF, 0x00, 0x00,
    0x33, 0x75, 0x00, 0x00, 0x00, 0x00, 0x00, 0x00, 0x00, 0x00, 0x00, 0x00, 0x04, 0x00, 0x00, 0x00,
    0xBC, 0x5A, 0x00, 0x00, 0x00, 0x00, 0x00, 0x00, 0x00, 0x00, 0x00, 0x00, 0xFF, 0xFF, 0x00, 0x00,
    0x33, 0x75, 0x00, 0x00, 0x00, 0x00, 0x00, 0x00, 0x00, 0x00, 0x00, 0x00, 0x03, 0x00, 0x00, 0x00,
    0xAC, 0x5A, 0x00, 0x00, 0x00, 0x00, 0x00, 0x00, 0x00, 0x00, 0x00, 0x00, 0xFF, 0xFF, 0x00, 0x00,
    0x37, 0x75, 0x00, 0x00, 0x00, 0x00, 0x00, 0x00, 0x00, 0x00, 0x00, 0x00, 0x05, 0x00, 0x00, 0x00,
    0x98, 0x5A, 0x00, 0x00, 0x00, 0x00, 0x00, 0x00, 0x00, 0x00, 0x00, 0x00, 0xFF, 0xFF, 0x00, 0x00,
    0x30, 0x75, 0x00, 0x00, 0x00, 0x00, 0x00, 0x00, 0x00, 0x00, 0x00, 0x00, 0x03, 0x00, 0x00, 0x00,
    0x8C, 0x5A, 0x00, 0x00, 0x00, 0x00, 0x00, 0x00, 0x00, 0x00, 0x00, 0x00, 0xFF, 0xFF, 0x00, 0x00,
    0x33, 0x75, 0x00, 0x00, 0x00, 0x00, 0x00, 0x00, 0x00, 0x00, 0x00, 0x00, 0x04, 0x00, 0x00, 0x00,
    0x78, 0x5A, 0x00, 0x00, 0x00, 0x00, 0x00, 0x00, 0x00, 0x00, 0x00, 0x00, 0xFF, 0xFF, 0x00, 0x00,
    0x33, 0x75, 0x00, 0x00, 0x00, 0x00, 0x00, 0x00, 0x00, 0x00, 0x00, 0x00, 0x03, 0x00, 0x00, 0x00,
    0x68, 0x5A, 0x00, 0x00, 0x00, 0x00, 0x00, 0x00, 0x00, 0x00, 0x00, 0x00, 0xFF, 0xFF, 0x00, 0x00,
    0x33, 0x75, 0x00, 0x00, 0x00, 0x00, 0x00, 0x00, 0x00, 0x00, 0x00, 0x00, 0x03, 0x00, 0x00, 0x00,
    0x54, 0x5A, 0x00, 0x00, 0x00, 0x00, 0x00, 0x00, 0x00, 0x00, 0x00, 0x00, 0xFF, 0xFF, 0x00, 0x00,
    0x30, 0x75, 0x00, 0x00, 0x00, 0x00, 0x00, 0x00, 0x00, 0x00, 0x00, 0x00, 0x04, 0x00, 0x00, 0x00,
    0x40, 0x5A, 0x00, 0x00, 0x00, 0x00, 0x00, 0x00, 0x00, 0x00, 0x00, 0x00, 0xFF, 0xFF, 0x00, 0x00,
    0x30, 0x75, 0x00, 0x00, 0x00, 0x00, 0x00, 0x00, 0x00, 0x00, 0x00, 0x00, 0x03, 0x00, 0x00, 0x00,
    0x30, 0x5A, 0x00, 0x00, 0x01, 0x00, 0x00, 0x00, 0x34, 0x5A, 0x00, 0x00, 0xFF, 0xFF, 0x00, 0x00,
    0x30, 0x75, 0x00, 0x00, 0x00, 0x00, 0x00, 0x00, 0x00, 0x00, 0x00, 0x00, 0x03, 0x00, 0x00, 0x00,
    0x20, 0x5A, 0x00, 0x00, 0x00, 0x00, 0x00, 0x00, 0x00, 0x00, 0x00, 0x00, 0xFF, 0xFF, 0x00, 0x00,
    0x33, 0x75, 0x00, 0x00, 0x00, 0x00, 0x00, 0x00, 0x00, 0x00, 0x00, 0x00, 0x04, 0x00, 0x00, 0x00,
    0x0C, 0x5A, 0x00, 0x00, 0x00, 0x00, 0x00, 0x00, 0x00, 0x00, 0x00, 0x00, 0xFF, 0xFF, 0x00, 0x00,
    0x30, 0x75, 0x00, 0x00, 0x00, 0x00, 0x00, 0x00, 0x00, 0x00, 0x00, 0x00, 0x03, 0x00, 0x00, 0x00,
    0xFC, 0x59, 0x00, 0x00, 0x00, 0x00, 0x00, 0x00, 0x00, 0x00, 0x00, 0x00, 0xFF, 0xFF, 0x00, 0x00,
    0x33, 0x75, 0x00, 0x00, 0x00, 0x00, 0x00, 0x00, 0x00, 0x00, 0x00, 0x00, 0x04, 0x00, 0x00, 0x00,
    0xE8, 0x59, 0x00, 0x00, 0x00, 0x00, 0x00, 0x00, 0x00, 0x00, 0x00, 0x00, 0xFF, 0xFF, 0x00, 0x00,
    0x33, 0x75, 0x00, 0x00, 0x00, 0x00, 0x00, 0x00, 0x00, 0x00, 0x00, 0x00, 0x04, 0x00, 0x00, 0x00,
    0xD8, 0x59, 0x00, 0x00, 0x00, 0x00, 0x00, 0x00, 0x00, 0x00, 0x00, 0x00, 0xFF, 0xFF, 0x00, 0x00,
    0x33, 0x75, 0x00, 0x00, 0x00, 0x00, 0x00, 0x00, 0x00, 0x00, 0x00, 0x00, 0x04, 0x00, 0x00, 0x00,
    0xC8, 0x59, 0x00, 0x00, 0x00, 0x00, 0x00, 0x00, 0x00, 0x00, 0x00, 0x00, 0xFF, 0xFF, 0x00, 0x00,
    0x33, 0x75, 0x00, 0x00, 0x00, 0x00, 0x00, 0x00, 0x00, 0x00, 0x00, 0x00, 0x04, 0x00, 0x00, 0x00,
    0xB8, 0x59, 0x00, 0x00, 0x00, 0x00, 0x00, 0x00, 0x00, 0x00, 0x00, 0x00, 0xFF, 0xFF, 0x00, 0x00,
    0x33, 0x75, 0x00, 0x00, 0x00, 0x00, 0x00, 0x00, 0x00, 0x00, 0x00, 0x00, 0x03, 0x00, 0x00, 0x00,
    0xA8, 0x59, 0x00, 0x00, 0x00, 0x00, 0x00, 0x00, 0x00, 0x00, 0x00, 0x00, 0xFF, 0xFF, 0x00, 0x00,
    0x37, 0x75, 0x00, 0x00, 0x00, 0x00, 0x00, 0x00, 0x00, 0x00, 0x00, 0x00, 0x05, 0x00, 0x00, 0x00,
    0x94, 0x59, 0x00, 0x00, 0x00, 0x00, 0x00, 0x00, 0x00, 0x00, 0x00, 0x00, 0xFF, 0xFF, 0x00, 0x00,
    0x30, 0x75, 0x00, 0x00, 0x00, 0x00, 0x00, 0x00, 0x00, 0x00, 0x00, 0x00, 0x03, 0x00, 0x00, 0x00,
    0x88, 0x59, 0x00, 0x00, 0x00, 0x00, 0x00, 0x00, 0x00, 0x00, 0x00, 0x00, 0xFF, 0xFF, 0x00, 0x00,
    0x33, 0x75, 0x00, 0x00, 0x00, 0x00, 0x00, 0x00, 0x00, 0x00, 0x00, 0x00, 0x04, 0x00, 0x00, 0x00,
    0x74, 0x59, 0x00, 0x00, 0x00, 0x00, 0x00, 0x00, 0x00, 0x00, 0x00, 0x00, 0xFF, 0xFF, 0x00, 0x00,
    0x33, 0x75, 0x00, 0x00, 0x00, 0x00, 0x00, 0x00, 0x00, 0x00, 0x00, 0x00, 0x03, 0x00, 0x00, 0x00,
    0x64, 0x59, 0x00, 0x00, 0x00, 0x00, 0x00, 0x00, 0x00, 0x00, 0x00, 0x00, 0xFF, 0xFF, 0x00, 0x00,
    0x33, 0x75, 0x00, 0x00, 0x00, 0x00, 0x00, 0x00, 0x00, 0x00, 0x00, 0x00, 0x03, 0x00, 0x00, 0x00,
    0x50, 0x59, 0x00, 0x00, 0x00, 0x00, 0x00, 0x00, 0x00, 0x00, 0x00, 0x00, 0xFF, 0xFF, 0x00, 0x00,
    0x30, 0x75, 0x00, 0x00, 0x00, 0x00, 0x00, 0x00, 0x00, 0x00, 0x00, 0x00, 0x04, 0x00, 0x00, 0x00,
    0x3C, 0x59, 0x00, 0x00, 0x00, 0x00, 0x00, 0x00, 0x00, 0x00, 0x00, 0x00, 0xFF, 0xFF, 0x00, 0x00,
    0x30, 0x75, 0x00, 0x00, 0x00, 0x00, 0x00, 0x00, 0x00, 0x00, 0x00, 0x00, 0x03, 0x00, 0x00, 0x00,
    0x2C, 0x59, 0x00, 0x00, 0x01, 0x00, 0x00, 0x00, 0x30, 0x59, 0x00, 0x00, 0xFF, 0xFF, 0x00, 0x00,
    0x30, 0x75, 0x00, 0x00, 0x00, 0x00, 0x00, 0x00, 0x00, 0x00, 0x00, 0x00, 0x03, 0x00, 0x00, 0x00,
    0x1C, 0x59, 0x00, 0x00, 0x00, 0x00, 0x00, 0x00, 0x00, 0x00, 0x00, 0x00, 0xFF, 0xFF, 0x00, 0x00,
    0x33, 0x75, 0x00, 0x00, 0x00, 0x00, 0x00, 0x00, 0x00, 0x00, 0x00, 0x00, 0x04, 0x00, 0x00, 0x00,
    0x08, 0x59, 0x00, 0x00, 0x00, 0x00, 0x00, 0x00, 0x00, 0x00, 0x00, 0x00, 0xFF, 0xFF, 0x00, 0x00,
    0x30, 0x75, 0x00, 0x00, 0x00, 0x00, 0x00, 0x00, 0x00, 0x00, 0x00, 0x00, 0x03, 0x00, 0x00, 0x00,
    0xF8, 0x58, 0x00, 0x00, 0x00, 0x00, 0x00, 0x00, 0x00, 0x00, 0x00, 0x00, 0xFF, 0xFF, 0x00, 0x00,
    0x33, 0x75, 0x00, 0x00, 0x00, 0x00, 0x00, 0x00, 0x00, 0x00, 0x00, 0x00, 0x04, 0x00, 0x00, 0x00,
    0xE4, 0x58, 0x00, 0x00, 0x00, 0x00, 0x00, 0x00, 0x00, 0x00, 0x00, 0x00, 0xFF, 0xFF, 0x00, 0x00,
    0x33, 0x75, 0x00, 0x00, 0x00, 0x00, 0x00, 0x00, 0x00, 0x00, 0x00, 0x00, 0x04, 0x00, 0x00, 0x00,
    0xD4, 0x58, 0x00, 0x00, 0x00, 0x00, 0x00, 0x00, 0x00, 0x00, 0x00, 0x00, 0xFF, 0xFF, 0x00, 0x00,
    0x33, 0x75, 0x00, 0x00, 0x00, 0x00, 0x00, 0x00, 0x00, 0x00, 0x00, 0x00, 0x04, 0x00, 0x00, 0x00,
    0xC4, 0x58, 0x00, 0x00, 0x00, 0x00, 0x00, 0x00, 0x00, 0x00, 0x00, 0x00, 0xFF, 0xFF, 0x00, 0x00,
    0x33, 0x75, 0x00, 0x00, 0x00, 0x00, 0x00, 0x00, 0x00, 0x00, 0x00, 0x00, 0x03, 0x00, 0x00, 0x00,
    0xB4, 0x58, 0x00, 0x00, 0x00, 0x00, 0x00, 0x00, 0x00, 0x00, 0x00, 0x00, 0xFF, 0xFF, 0x00, 0x00,
    0x37, 0x75, 0x00, 0x00, 0x00, 0x00, 0x00, 0x00, 0x00, 0x00, 0x00, 0x00, 0x05, 0x00, 0x00, 0x00,
    0xA0, 0x58, 0x00, 0x00, 0x00, 0x00, 0x00, 0x00, 0x00, 0x00, 0x00, 0x00, 0xFF, 0xFF, 0x00, 0x00,
    0x30, 0x75, 0x00, 0x00, 0x00, 0x00, 0x00, 0x00, 0x00, 0x00, 0x00, 0x00, 0x03, 0x00, 0x00, 0x00,
    0x94, 0x58, 0x00, 0x00, 0x00, 0x00, 0x00, 0x00, 0x00, 0x00, 0x00, 0x00, 0xFF, 0xFF, 0x00, 0x00,
    0x33, 0x75, 0x00, 0x00, 0x00, 0x00, 0x00, 0x00, 0x00, 0x00, 0x00, 0x00, 0x04, 0x00, 0x00, 0x00,
    0x80, 0x58, 0x00, 0x00, 0x00, 0x00, 0x00, 0x00, 0x00, 0x00, 0x00, 0x00, 0xFF, 0xFF, 0x00, 0x00,
    0x33, 0x75, 0x00, 0x00, 0x00, 0x00, 0x00, 0x00, 0x00, 0x00, 0x00, 0x00, 0x03, 0x00, 0x00, 0x00,
    0x70, 0x58, 0x00, 0x00, 0x00, 0x00, 0x00, 0x00, 0x00, 0x00, 0x00, 0x00, 0xFF, 0xFF, 0x00, 0x00,
    0x33, 0x75, 0x00, 0x00, 0x00, 0x00, 0x00, 0x00, 0x00, 0x00, 0x00, 0x00, 0x03, 0x00, 0x00, 0x00,
    0x5C, 0x58, 0x00, 0x00, 0x00, 0x00, 0x00, 0x00, 0x00, 0x00, 0x00, 0x00, 0xFF, 0xFF, 0x00, 0x00,
    0x30, 0x75, 0x00, 0x00, 0x00, 0x00, 0x00, 0x00, 0x00, 0x00, 0x00, 0x00, 0x04, 0x00, 0x00, 0x00,
    0x48, 0x58, 0x00, 0x00, 0x00, 0x00, 0x00, 0x00, 0x00, 0x00, 0x00, 0x00, 0xFF, 0xFF, 0x00, 0x00,
    0x33, 0x75, 0x00, 0x00, 0x00, 0x00, 0x00, 0x00, 0x00, 0x00, 0x00, 0x00, 0x04, 0x00, 0x00, 0x00,
    0x38, 0x58, 0x00, 0x00, 0x00, 0x00, 0x00, 0x00, 0x00, 0x00, 0x00, 0x00, 0xFF, 0xFF, 0x00, 0x00,
    0x30, 0x75, 0x00, 0x00, 0x00, 0x00, 0x00, 0x00, 0x00, 0x00, 0x00, 0x00, 0x03, 0x00, 0x00, 0x00,
    0x28, 0x58, 0x00, 0x00, 0x01, 0x00, 0x00, 0x00, 0x2C, 0x58, 0x00, 0x00, 0xFF, 0xFF, 0x00, 0x00,
    0x30, 0x75, 0x00, 0x00, 0x00, 0x00, 0x00, 0x00, 0x00, 0x00, 0x00, 0x00, 0x03, 0x00, 0x00, 0x00,
    0x18, 0x58, 0x00, 0x00, 0x00, 0x00, 0x00, 0x00, 0x00, 0x00, 0x00, 0x00, 0xFF, 0xFF, 0x00, 0x00,
    0x33, 0x75, 0x00, 0x00, 0x00, 0x00, 0x00, 0x00, 0x00, 0x00, 0x00, 0x00, 0x04, 0x00, 0x00, 0x00,
    0x04, 0x58, 0x00, 0x00, 0x00, 0x00, 0x00, 0x00, 0x00, 0x00, 0x00, 0x00, 0xFF, 0xFF, 0x00, 0x00,
    0x30, 0x75, 0x00, 0x00, 0x00, 0x00, 0x00, 0x00, 0x00, 0x00, 0x00, 0x00, 0x03, 0x00, 0x00, 0x00,
    0xF4, 0x57, 0x00, 0x00, 0x00, 0x00, 0x00, 0x00, 0x00, 0x00, 0x00, 0x00, 0xFF, 0xFF, 0x00, 0x00,
    0x33, 0x75, 0x00, 0x00, 0x00, 0x00, 0x00, 0x00, 0x00, 0x00, 0x00, 0x00, 0x04, 0x00, 0x00, 0x00,
    0xE0, 0x57, 0x00, 0x00, 0x00, 0x00, 0x00, 0x00, 0x00, 0x00, 0x00, 0x00, 0xFF, 0xFF, 0x00, 0x00,
    0x33, 0x75, 0x00, 0x00, 0x00, 0x00, 0x00, 0x00, 0x00, 0x00, 0x00, 0x00, 0x04, 0x00, 0x00, 0x00,
    0xD0, 0x57, 0x00, 0x00, 0x00, 0x00, 0x00, 0x00, 0x00, 0x00, 0x00, 0x00, 0xFF, 0xFF, 0x00, 0x00,
    0x33, 0x75, 0x00, 0x00, 0x00, 0x00, 0x00, 0x00, 0x00, 0x00, 0x00, 0x00, 0x04, 0x00, 0x00, 0x00,
    0xC0, 0x57, 0x00, 0x00, 0x00, 0x00, 0x00, 0x00, 0x00, 0x00, 0x00, 0x00, 0xFF, 0xFF, 0x00, 0x00,
    0x33, 0x75, 0x00, 0x00, 0x00, 0x00, 0x00, 0x00, 0x00, 0x00, 0x00, 0x00, 0x04, 0x00, 0x00, 0x00,
    0xB0, 0x57, 0x00, 0x00, 0x00, 0x00, 0x00, 0x00, 0x00, 0x00, 0x00, 0x00, 0xFF, 0xFF, 0x00, 0x00,
    0x33, 0x75, 0x00, 0x00, 0x00, 0x00, 0x00, 0x00, 0x00, 0x00, 0x00, 0x00, 0x03, 0x00, 0x00, 0x00,
    0xA0, 0x57, 0x00, 0x00, 0x00, 0x00, 0x00, 0x00, 0x00, 0x00, 0x00, 0x00, 0xFF, 0xFF, 0x00, 0x00,
    0x37, 0x75, 0x00, 0x00, 0x00, 0x00, 0x00, 0x00, 0x00, 0x00, 0x00, 0x00, 0x05, 0x00, 0x00, 0x00,
    0x8C, 0x57, 0x00, 0x00, 0x00, 0x00, 0x00, 0x00, 0x00, 0x00, 0x00, 0x00, 0xFF, 0xFF, 0x00, 0x00,
    0x30, 0x75, 0x00, 0x00, 0x00, 0x00, 0x00, 0x00, 0x00, 0x00, 0x00, 0x00, 0x03, 0x00, 0x00, 0x00,
    0x80, 0x57, 0x00, 0x00, 0x00, 0x00, 0x00, 0x00, 0x00, 0x00, 0x00, 0x00, 0xFF, 0xFF, 0x00, 0x00,
    0x33, 0x75, 0x00, 0x00, 0x00, 0x00, 0x00, 0x00, 0x00, 0x00, 0x00, 0x00, 0x04, 0x00, 0x00, 0x00,
    0x6C, 0x57, 0x00, 0x00, 0x00, 0x00, 0x00, 0x00, 0x00, 0x00, 0x00, 0x00, 0xFF, 0xFF, 0x00, 0x00,
    0x33, 0x75, 0x00, 0x00, 0x00, 0x00, 0x00, 0x00, 0x00, 0x00, 0x00, 0x00, 0x03, 0x00, 0x00, 0x00,
    0x5C, 0x57, 0x00, 0x00, 0x00, 0x00, 0x00, 0x00, 0x00, 0x00, 0x00, 0x00, 0xFF, 0xFF, 0x00, 0x00,
    0x33, 0x75, 0x00, 0x00, 0x00, 0x00, 0x00, 0x00, 0x00, 0x00, 0x00, 0x00, 0x03, 0x00, 0x00, 0x00,
    0x48, 0x57, 0x00, 0x00, 0x00, 0x00, 0x00, 0x00, 0x00, 0x00, 0x00, 0x00, 0xFF, 0xFF, 0x00, 0x00,
    0x30, 0x75, 0x00, 0x00, 0x00, 0x00, 0x00, 0x00, 0x00, 0x00, 0x00, 0x00, 0x04, 0x00, 0x00, 0x00,
    0x34, 0x57, 0x00, 0x00, 0x00, 0x00, 0x00, 0x00, 0x00, 0x00, 0x00, 0x00, 0xFF, 0xFF, 0x00, 0x00,
    0x30, 0x75, 0x00, 0x00, 0x00, 0x00, 0x00, 0x00, 0x00, 0x00, 0x00, 0x00, 0x03, 0x00, 0x00, 0x00,
    0x24, 0x57, 0x00, 0x00, 0x00, 0x00, 0x00, 0x00, 0x00, 0x00, 0x00, 0x00, 0xFF, 0xFF, 0x00, 0x00,
    0x39, 0x75, 0x00, 0x00, 0x00, 0x00, 0x00, 0x00, 0x00, 0x00, 0x00, 0x00, 0x04, 0x00, 0x00, 0x00,
    0x10, 0x57, 0x00, 0x00, 0x00, 0x00, 0x00, 0x00, 0x00, 0x00, 0x00, 0x00, 0xFF, 0xFF, 0x00, 0x00,
    0x34, 0x75, 0x00, 0x00, 0x00, 0x00, 0x00, 0x00, 0x00, 0x00, 0x00, 0x00, 0x03, 0x00, 0x00, 0x00,
    0x00, 0x57, 0x00, 0x00, 0x01, 0x00, 0x00, 0x00, 0x04, 0x57, 0x00, 0x00, 0xFF, 0xFF, 0x00, 0x00,
    0x33, 0x75, 0x00, 0x00, 0x00, 0x00, 0x00, 0x00, 0x00, 0x00, 0x00, 0x00, 0x03, 0x00, 0x00, 0x00,
    0xF0, 0x56, 0x00, 0x00, 0x00, 0x00, 0x00, 0x00, 0x00, 0x00, 0x00, 0x00, 0xFF, 0xFF, 0x00, 0x00,
    0x33, 0x75, 0x00, 0x00, 0x00, 0x00, 0x00, 0x00, 0x00, 0x00, 0x00, 0x00, 0x04, 0x00, 0x00, 0x00,
    0xDC, 0x56, 0x00, 0x00, 0x00, 0x00, 0x00, 0x00, 0x00, 0x00, 0x00, 0x00, 0xFF, 0xFF, 0x00, 0x00,
    0x36, 0x75, 0x00, 0x00, 0x00, 0x00, 0x00, 0x00, 0x00, 0x00, 0x00, 0x00, 0x03, 0x00, 0x00, 0x00,
    0xCC, 0x56, 0x00, 0x00, 0x00, 0x00, 0x00, 0x00, 0x00, 0x00, 0x00, 0x00, 0xFF, 0xFF, 0x00, 0x00,
    0x30, 0x75, 0x00, 0x00, 0x00, 0x00, 0x00, 0x00, 0x00, 0x00, 0x00, 0x00, 0x03, 0x00, 0x00, 0x00,
    0xB8, 0x56, 0x00, 0x00, 0x00, 0x00, 0x00, 0x00, 0x00, 0x00, 0x00, 0x00, 0xFF, 0xFF, 0x00, 0x00,
    0x30, 0x75, 0x00, 0x00, 0x00, 0x00, 0x00, 0x00, 0x00, 0x00, 0x00, 0x00, 0x03, 0x00, 0x00, 0x00,
    0xA4, 0x56, 0x00, 0x00, 0x00, 0x00, 0x00, 0x00, 0x00, 0x00, 0x00, 0x00, 0xFF, 0xFF, 0x00, 0x00,
    0x33, 0x75, 0x00, 0x00, 0x00, 0x00, 0x00, 0x00, 0x00, 0x00, 0x00, 0x00, 0x03, 0x00, 0x00, 0x00,
    0x90, 0x56, 0x00, 0x00, 0x00, 0x00, 0x00, 0x00, 0x00, 0x00, 0x00, 0x00, 0xFF, 0xFF, 0x00, 0x00,
    0x32, 0x75, 0x00, 0x00, 0x00, 0x00, 0x00, 0x00, 0x00, 0x00, 0x00, 0x00, 0x03, 0x00, 0x00, 0x00,
    0x7C, 0x56, 0x00, 0x00, 0x00, 0x00, 0x00, 0x00, 0x00, 0x00, 0x00, 0x00, 0xFF, 0xFF, 0x00, 0x00,
    0x38, 0x75, 0x00, 0x00, 0x00, 0x00, 0x00, 0x00, 0x00, 0x00, 0x00, 0x00, 0x03, 0x00, 0x00, 0x00,
    0x68, 0x56, 0x00, 0x00, 0x00, 0x00, 0x00, 0x00, 0x00, 0x00, 0x00, 0x00, 0xFF, 0xFF, 0x00, 0x00,
    0x30, 0x75, 0x00, 0x00, 0x00, 0x00, 0x00, 0x00, 0x00, 0x00, 0x00, 0x00, 0x03, 0x00, 0x00, 0x00,
    0x54, 0x56, 0x00, 0x00, 0x00, 0x00, 0x00, 0x00, 0x00, 0x00, 0x00, 0x00, 0xFF, 0xFF, 0x00, 0x00,
    0x33, 0x75, 0x00, 0x00, 0x00, 0x00, 0x00, 0x00, 0x00, 0x00, 0x00, 0x00, 0x03, 0x00, 0x00, 0x00,
    0x40, 0x56, 0x00, 0x00, 0x00, 0x00, 0x00, 0x00, 0x00, 0x00, 0x00, 0x00, 0xFF, 0xFF, 0x00, 0x00,
    0x33, 0x75, 0x00, 0x00, 0x00, 0x00, 0x00, 0x00, 0x00, 0x00, 0x00, 0x00, 0x03, 0x00, 0x00, 0x00,
    0x2C, 0x56, 0x00, 0x00, 0x00, 0x00, 0x00, 0x00, 0x00, 0x00, 0x00, 0x00, 0xFF, 0xFF, 0x00, 0x00,
    0x33, 0x75, 0x00, 0x00, 0x00, 0x00, 0x00, 0x00, 0x00, 0x00, 0x00, 0x00, 0x03, 0x00, 0x00, 0x00,
    0x18, 0x56, 0x00, 0x00, 0x00, 0x00, 0x00, 0x00, 0x00, 0x00, 0x00, 0x00, 0xFF, 0xFF, 0x00, 0x00,
    0x33, 0x75, 0x00, 0x00, 0x00, 0x00, 0x00, 0x00, 0x00, 0x00, 0x00, 0x00, 0x03, 0x00, 0x00, 0x00,
    0x04, 0x56, 0x00, 0x00, 0x00, 0x00, 0x00, 0x00, 0x00, 0x00, 0x00, 0x00, 0xFF, 0xFF, 0x00, 0x00,
    0x33, 0x75, 0x00, 0x00, 0x00, 0x00, 0x00, 0x00, 0x00, 0x00, 0x00, 0x00, 0x03, 0x00, 0x00, 0x00,
    0xF0, 0x55, 0x00, 0x00, 0x00, 0x00, 0x00, 0x00, 0x00, 0x00, 0x00, 0x00, 0xFF, 0xFF, 0x00, 0x00,
    0x30, 0x75, 0x00, 0x00, 0x00, 0x00, 0x00, 0x00, 0x00, 0x00, 0x00, 0x00, 0x03, 0x00, 0x00, 0x00,
    0xDC, 0x55, 0x00, 0x00, 0x00, 0x00, 0x00, 0x00, 0x00, 0x00, 0x00, 0x00, 0xFF, 0xFF, 0x00, 0x00,
    0x33, 0x75, 0x00, 0x00, 0x00, 0x00, 0x00, 0x00, 0x00, 0x00, 0x00, 0x00, 0x04, 0x00, 0x00, 0x00,
    0xC8, 0x55, 0x00, 0x00, 0x00, 0x00, 0x00, 0x00, 0x00, 0x00, 0x00, 0x00, 0xFF, 0xFF, 0x00, 0x00,
    0x33, 0x75, 0x00, 0x00, 0x00, 0x00, 0x00, 0x00, 0x00, 0x00, 0x00, 0x00, 0x04, 0x00, 0x00, 0x00,
    0xB8, 0x55, 0x00, 0x00, 0x00, 0x00, 0x00, 0x00, 0x00, 0x00, 0x00, 0x00, 0xFF, 0xFF, 0x00, 0x00,
    0x33, 0x75, 0x00, 0x00, 0x00, 0x00, 0x00, 0x00, 0x00, 0x00, 0x00, 0x00, 0x04, 0x00, 0x00, 0x00,
    0xA8, 0x55, 0x00, 0x00, 0x00, 0x00, 0x00, 0x00, 0x00, 0x00, 0x00, 0x00, 0xFF, 0xFF, 0x00, 0x00,
    0x33, 0x75, 0x00, 0x00, 0x00, 0x00, 0x00, 0x00, 0x00, 0x00, 0x00, 0x00, 0x05, 0x00, 0x00, 0x00,
    0x98, 0x55, 0x00, 0x00, 0x00, 0x00, 0x00, 0x00, 0x00, 0x00, 0x00, 0x00, 0xFF, 0xFF, 0x00, 0x00,
    0x33, 0x75, 0x00, 0x00, 0x00, 0x00, 0x00, 0x00, 0x00, 0x00, 0x00, 0x00, 0x04, 0x00, 0x00, 0x00,
    0x8C, 0x55, 0x00, 0x00, 0x00, 0x00, 0x00, 0x00, 0x00, 0x00, 0x00, 0x00, 0xFF, 0xFF, 0x00, 0x00,
    0x30, 0x75, 0x00, 0x00, 0x00, 0x00, 0x00, 0x00, 0x00, 0x00, 0x00, 0x00, 0x03, 0x00, 0x00, 0x00,
    0x7C, 0x55, 0x00, 0x00, 0x00, 0x00, 0x00, 0x00, 0x00, 0x00, 0x00, 0x00, 0xFF, 0xFF, 0x00, 0x00,
    0x33, 0x75, 0x00, 0x00, 0x00, 0x00, 0x00, 0x00, 0x00, 0x00, 0x00, 0x00, 0x04, 0x00, 0x00, 0x00,
    0x68, 0x55, 0x00, 0x00, 0x00, 0x00, 0x00, 0x00, 0x00, 0x00, 0x00, 0x00, 0xFF, 0xFF, 0x00, 0x00,
    0x33, 0x75, 0x00, 0x00, 0x00, 0x00, 0x00, 0x00, 0x00, 0x00, 0x00, 0x00, 0x04, 0x00, 0x00, 0x00,
    0x58, 0x55, 0x00, 0x00, 0x00, 0x00, 0x00, 0x00, 0x00, 0x00, 0x00, 0x00, 0xFF, 0xFF, 0x00, 0x00,
    0x33, 0x75, 0x00, 0x00, 0x00, 0x00, 0x00, 0x00, 0x00, 0x00, 0x00, 0x00, 0x04, 0x00, 0x00, 0x00,
    0x48, 0x55, 0x00, 0x00, 0x00, 0x00, 0x00, 0x00, 0x00, 0x00, 0x00, 0x00, 0xFF, 0xFF, 0x00, 0x00,
    0x33, 0x75, 0x00, 0x00, 0x00, 0x00, 0x00, 0x00, 0x00, 0x00, 0x00, 0x00, 0x05, 0x00, 0x00, 0x00,
    0x38, 0x55, 0x00, 0x00, 0x00, 0x00, 0x00, 0x00, 0x00, 0x00, 0x00, 0x00, 0xFF, 0xFF, 0x00, 0x00,
    0x33, 0x75, 0x00, 0x00, 0x00, 0x00, 0x00, 0x00, 0x00, 0x00, 0x00, 0x00, 0x04, 0x00, 0x00, 0x00,
    0x2C, 0x55, 0x00, 0x00, 0x00, 0x00, 0x00, 0x00, 0x00, 0x00, 0x00, 0x00, 0xFF, 0xFF, 0x00, 0x00,
    0x30, 0x75, 0x00, 0x00, 0x00, 0x00, 0x00, 0x00, 0x00, 0x00, 0x00, 0x00, 0x03, 0x00, 0x00, 0x00,
    0x1C, 0x55, 0x00, 0x00, 0x00, 0x00, 0x00, 0x00, 0x00, 0x00, 0x00, 0x00, 0xFF, 0xFF, 0x00, 0x00,
    0x33, 0x75, 0x00, 0x00, 0x00, 0x00, 0x00, 0x00, 0x00, 0x00, 0x00, 0x00, 0x04, 0x00, 0x00, 0x00,
    0x08, 0x55, 0x00, 0x00, 0x00, 0x00, 0x00, 0x00, 0x00, 0x00, 0x00, 0x00, 0xFF, 0xFF, 0x00, 0x00,
    0x33, 0x75, 0x00, 0x00, 0x00, 0x00, 0x00, 0x00, 0x00, 0x00, 0x00, 0x00, 0x04, 0x00, 0x00, 0x00,
    0xF8, 0x54, 0x00, 0x00, 0x00, 0x00, 0x00, 0x00, 0x00, 0x00, 0x00, 0x00, 0xFF, 0xFF, 0x00, 0x00,
    0x33, 0x75, 0x00, 0x00, 0x00, 0x00, 0x00, 0x00, 0x00, 0x00, 0x00, 0x00, 0x04, 0x00, 0x00, 0x00,
    0xE8, 0x54, 0x00, 0x00, 0x00, 0x00, 0x00, 0x00, 0x00, 0x00, 0x00, 0x00, 0xFF, 0xFF, 0x00, 0x00,
    0x33, 0x75, 0x00, 0x00, 0x00, 0x00, 0x00, 0x00, 0x00, 0x00, 0x00, 0x00, 0x05, 0x00, 0x00, 0x00,
    0xD8, 0x54, 0x00, 0x00, 0x00, 0x00, 0x00, 0x00, 0x00, 0x00, 0x00, 0x00, 0xFF, 0xFF, 0x00, 0x00,
    0x33, 0x75, 0x00, 0x00, 0x00, 0x00, 0x00, 0x00, 0x00, 0x00, 0x00, 0x00, 0x04, 0x00, 0x00, 0x00,
    0xCC, 0x54, 0x00, 0x00, 0x00, 0x00, 0x00, 0x00, 0x00, 0x00, 0x00, 0x00, 0xFF, 0xFF, 0x00, 0x00,
    0x30, 0x75, 0x00, 0x00, 0x00, 0x00, 0x00, 0x00, 0x00, 0x00, 0x00, 0x00, 0x03, 0x00, 0x00, 0x00,
    0xBC, 0x54, 0x00, 0x00, 0x00, 0x00, 0x00, 0x00, 0x00, 0x00, 0x00, 0x00, 0xFF, 0xFF, 0x00, 0x00,
    0x33, 0x75, 0x00, 0x00, 0x00, 0x00, 0x00, 0x00, 0x00, 0x00, 0x00, 0x00, 0x04, 0x00, 0x00, 0x00,
    0xA8, 0x54, 0x00, 0x00, 0x00, 0x00, 0x00, 0x00, 0x00, 0x00, 0x00, 0x00, 0xFF, 0xFF, 0x00, 0x00,
    0x33, 0x75, 0x00, 0x00, 0x00, 0x00, 0x00, 0x00, 0x00, 0x00, 0x00, 0x00, 0x04, 0x00, 0x00, 0x00,
    0x98, 0x54, 0x00, 0x00, 0x00, 0x00, 0x00, 0x00, 0x00, 0x00, 0x00, 0x00, 0xFF, 0xFF, 0x00, 0x00,
    0x33, 0x75, 0x00, 0x00, 0x00, 0x00, 0x00, 0x00, 0x00, 0x00, 0x00, 0x00, 0x04, 0x00, 0x00, 0x00,
    0x88, 0x54, 0x00, 0x00, 0x00, 0x00, 0x00, 0x00, 0x00, 0x00, 0x00, 0x00, 0xFF, 0xFF, 0x00, 0x00,
    0x33, 0x75, 0x00, 0x00, 0x00, 0x00, 0x00, 0x00, 0x00, 0x00, 0x00, 0x00, 0x05, 0x00, 0x00, 0x00,
    0x78, 0x54, 0x00, 0x00, 0x00, 0x00, 0x00, 0x00, 0x00, 0x00, 0x00, 0x00, 0xFF, 0xFF, 0x00, 0x00,
    0x33, 0x75, 0x00, 0x00, 0x00, 0x00, 0x00, 0x00, 0x00, 0x00, 0x00, 0x00, 0x04, 0x00, 0x00, 0x00,
    0x6C, 0x54, 0x00, 0x00, 0x00, 0x00, 0x00, 0x00, 0x00, 0x00, 0x00, 0x00, 0xFF, 0xFF, 0x00, 0x00,
    0x30, 0x75, 0x00, 0x00, 0x00, 0x00, 0x00, 0x00, 0x00, 0x00, 0x00, 0x00, 0x03, 0x00, 0x00, 0x00,
    0x5C, 0x54, 0x00, 0x00, 0x00, 0x00, 0x00, 0x00, 0x00, 0x00, 0x00, 0x00, 0xFF, 0xFF, 0x00, 0x00,
    0x33, 0x75, 0x00, 0x00, 0x00, 0x00, 0x00, 0x00, 0x00, 0x00, 0x00, 0x00, 0x04, 0x00, 0x00, 0x00,
    0x48, 0x54, 0x00, 0x00, 0x00, 0x00, 0x00, 0x00, 0x00, 0x00, 0x00, 0x00, 0xFF, 0xFF, 0x00, 0x00,
    0x33, 0x75, 0x00, 0x00, 0x00, 0x00, 0x00, 0x00, 0x00, 0x00, 0x00, 0x00, 0x04, 0x00, 0x00, 0x00,
    0x38, 0x54, 0x00, 0x00, 0x00, 0x00, 0x00, 0x00, 0x00, 0x00, 0x00, 0x00, 0xFF, 0xFF, 0x00, 0x00,
    0x33, 0x75, 0x00, 0x00, 0x00, 0x00, 0x00, 0x00, 0x00, 0x00, 0x00, 0x00, 0x04, 0x00, 0x00, 0x00,
    0x28, 0x54, 0x00, 0x00, 0x00, 0x00, 0x00, 0x00, 0x00, 0x00, 0x00, 0x00, 0xFF, 0xFF, 0x00, 0x00,
    0x33, 0x75, 0x00, 0x00, 0x00, 0x00, 0x00, 0x00, 0x00, 0x00, 0x00, 0x00, 0x05, 0x00, 0x00, 0x00,
    0x18, 0x54, 0x00, 0x00, 0x00, 0x00, 0x00, 0x00, 0x00, 0x00, 0x00, 0x00, 0xFF, 0xFF, 0x00, 0x00,
    0x33, 0x75, 0x00, 0x00, 0x00, 0x00, 0x00, 0x00, 0x00, 0x00, 0x00, 0x00, 0x04, 0x00, 0x00, 0x00,
    0x0C, 0x54, 0x00, 0x00, 0x00, 0x00, 0x00, 0x00, 0x00, 0x00, 0x00, 0x00, 0xFF, 0xFF, 0x00, 0x00,
    0x30, 0x75, 0x00, 0x00, 0x00, 0x00, 0x00, 0x00, 0x00, 0x00, 0x00, 0x00, 0x03, 0x00, 0x00, 0x00,
    0xFC, 0x53, 0x00, 0x00, 0x00, 0x00, 0x00, 0x00, 0x00, 0x00, 0x00, 0x00, 0xFF, 0xFF, 0x00, 0x00,
    0x33, 0x75, 0x00, 0x00, 0x00, 0x00, 0x00, 0x00, 0x00, 0x00, 0x00, 0x00, 0x04, 0x00, 0x00, 0x00,
    0xE8, 0x53, 0x00, 0x00, 0x00, 0x00, 0x00, 0x00, 0x00, 0x00, 0x00, 0x00, 0xFF, 0xFF, 0x00, 0x00,
    0x33, 0x75, 0x00, 0x00, 0x00, 0x00, 0x00, 0x00, 0x00, 0x00, 0x00, 0x00, 0x04, 0x00, 0x00, 0x00,
    0xD8, 0x53, 0x00, 0x00, 0x00, 0x00, 0x00, 0x00, 0x00, 0x00, 0x00, 0x00, 0xFF, 0xFF, 0x00, 0x00,
    0x33, 0x75, 0x00, 0x00, 0x00, 0x00, 0x00, 0x00, 0x00, 0x00, 0x00, 0x00, 0x04, 0x00, 0x00, 0x00,
    0xC8, 0x53, 0x00, 0x00, 0x00, 0x00, 0x00, 0x00, 0x00, 0x00, 0x00, 0x00, 0xFF, 0xFF, 0x00, 0x00,
    0x33, 0x75, 0x00, 0x00, 0x00, 0x00, 0x00, 0x00, 0x00, 0x00, 0x00, 0x00, 0x05, 0x00, 0x00, 0x00,
    0xB8, 0x53, 0x00, 0x00, 0x00, 0x00, 0x00, 0x00, 0x00, 0x00, 0x00, 0x00, 0xFF, 0xFF, 0x00, 0x00,
    0x33, 0x75, 0x00, 0x00, 0x00, 0x00, 0x00, 0x00, 0x00, 0x00, 0x00, 0x00, 0x04, 0x00, 0x00, 0x00,
    0xAC, 0x53, 0x00, 0x00, 0x00, 0x00, 0x00, 0x00, 0x00, 0x00, 0x00, 0x00, 0xFF, 0xFF, 0x00, 0x00,
    0x30, 0x75, 0x00, 0x00, 0x00, 0x00, 0x00, 0x00, 0x00, 0x00, 0x00, 0x00, 0x03, 0x00, 0x00, 0x00,
    0x9C, 0x53, 0x00, 0x00, 0x00, 0x00, 0x00, 0x00, 0x00, 0x00, 0x00, 0x00, 0xFF, 0xFF, 0x00, 0x00,
    0x33, 0x75, 0x00, 0x00, 0x00, 0x00, 0x00, 0x00, 0x00, 0x00, 0x00, 0x00, 0x04, 0x00, 0x00, 0x00,
    0x88, 0x53, 0x00, 0x00, 0x00, 0x00, 0x00, 0x00, 0x00, 0x00, 0x00, 0x00, 0xFF, 0xFF, 0x00, 0x00,
    0x33, 0x75, 0x00, 0x00, 0x00, 0x00, 0x00, 0x00, 0x00, 0x00, 0x00, 0x00, 0x04, 0x00, 0x00, 0x00,
    0x78, 0x53, 0x00, 0x00, 0x00, 0x00, 0x00, 0x00, 0x00, 0x00, 0x00, 0x00, 0xFF, 0xFF, 0x00, 0x00,
    0x33, 0x75, 0x00, 0x00, 0x00, 0x00, 0x00, 0x00, 0x00, 0x00, 0x00, 0x00, 0x04, 0x00, 0x00, 0x00,
    0x68, 0x53, 0x00, 0x00, 0x00, 0x00, 0x00, 0x00, 0x00, 0x00, 0x00, 0x00, 0xFF, 0xFF, 0x00, 0x00,
    0x33, 0x75, 0x00, 0x00, 0x00, 0x00, 0x00, 0x00, 0x00, 0x00, 0x00, 0x00, 0x05, 0x00, 0x00, 0x00,
    0x58, 0x53, 0x00, 0x00, 0x00, 0x00, 0x00, 0x00, 0x00, 0x00, 0x00, 0x00, 0xFF, 0xFF, 0x00, 0x00,
    0x33, 0x75, 0x00, 0x00, 0x00, 0x00, 0x00, 0x00, 0x00, 0x00, 0x00, 0x00, 0x04, 0x00, 0x00, 0x00,
    0x4C, 0x53, 0x00, 0x00, 0x00, 0x00, 0x00, 0x00, 0x00, 0x00, 0x00, 0x00, 0xFF, 0xFF, 0x00, 0x00,
    0x30, 0x75, 0x00, 0x00, 0x00, 0x00, 0x00, 0x00, 0x00, 0x00, 0x00, 0x00, 0x03, 0x00, 0x00, 0x00,
    0x3C, 0x53, 0x00, 0x00, 0x00, 0x00, 0x00, 0x00, 0x00, 0x00, 0x00, 0x00, 0xFF, 0xFF, 0x00, 0x00,
    0x33, 0x75, 0x00, 0x00, 0x00, 0x00, 0x00, 0x00, 0x00, 0x00, 0x00, 0x00, 0x04, 0x00, 0x00, 0x00,
    0x28, 0x53, 0x00, 0x00, 0x00, 0x00, 0x00, 0x00, 0x00, 0x00, 0x00, 0x00, 0xFF, 0xFF, 0x00, 0x00,
    0x33, 0x75, 0x00, 0x00, 0x00, 0x00, 0x00, 0x00, 0x00, 0x00, 0x00, 0x00, 0x04, 0x00, 0x00, 0x00,
    0x18, 0x53, 0x00, 0x00, 0x00, 0x00, 0x00, 0x00, 0x00, 0x00, 0x00, 0x00, 0xFF, 0xFF, 0x00, 0x00,
    0x33, 0x75, 0x00, 0x00, 0x00, 0x00, 0x00, 0x00, 0x00, 0x00, 0x00, 0x00, 0x04, 0x00, 0x00, 0x00,
    0x08, 0x53, 0x00, 0x00, 0x00, 0x00, 0x00, 0x00, 0x00, 0x00, 0x00, 0x00, 0xFF, 0xFF, 0x00, 0x00,
    0x33, 0x75, 0x00, 0x00, 0x00, 0x00, 0x00, 0x00, 0x00, 0x00, 0x00, 0x00, 0x05, 0x00, 0x00, 0x00,
    0xF8, 0x52, 0x00, 0x00, 0x00, 0x00, 0x00, 0x00, 0x00, 0x00, 0x00, 0x00, 0xFF, 0xFF, 0x00, 0x00,
    0x33, 0x75, 0x00, 0x00, 0x00, 0x00, 0x00, 0x00, 0x00, 0x00, 0x00, 0x00, 0x04, 0x00, 0x00, 0x00,
    0xEC, 0x52, 0x00, 0x00, 0x00, 0x00, 0x00, 0x00, 0x00, 0x00, 0x00, 0x00, 0xFF, 0xFF, 0x00, 0x00,
    0x30, 0x75, 0x00, 0x00, 0x00, 0x00, 0x00, 0x00, 0x00, 0x00, 0x00, 0x00, 0x03, 0x00, 0x00, 0x00,
    0xDC, 0x52, 0x00, 0x00, 0x00, 0x00, 0x00, 0x00, 0x00, 0x00, 0x00, 0x00, 0xFF, 0xFF, 0x00, 0x00,
    0x33, 0x75, 0x00, 0x00, 0x00, 0x00, 0x00, 0x00, 0x00, 0x00, 0x00, 0x00, 0x04, 0x00, 0x00, 0x00,
    0xC8, 0x52, 0x00, 0x00, 0x00, 0x00, 0x00, 0x00, 0x00, 0x00, 0x00, 0x00, 0xFF, 0xFF, 0x00, 0x00,
    0x33, 0x75, 0x00, 0x00, 0x00, 0x00, 0x00, 0x00, 0x00, 0x00, 0x00, 0x00, 0x04, 0x00, 0x00, 0x00,
    0xB8, 0x52, 0x00, 0x00, 0x00, 0x00, 0x00, 0x00, 0x00, 0x00, 0x00, 0x00, 0xFF, 0xFF, 0x00, 0x00,
    0x33, 0x75, 0x00, 0x00, 0x00, 0x00, 0x00, 0x00, 0x00, 0x00, 0x00, 0x00, 0x04, 0x00, 0x00, 0x00,
    0xA8, 0x52, 0x00, 0x00, 0x00, 0x00, 0x00, 0x00, 0x00, 0x00, 0x00, 0x00, 0xFF, 0xFF, 0x00, 0x00,
    0x33, 0x75, 0x00, 0x00, 0x00, 0x00, 0x00, 0x00, 0x00, 0x00, 0x00, 0x00, 0x05, 0x00, 0x00, 0x00,
    0x98, 0x52, 0x00, 0x00, 0x00, 0x00, 0x00, 0x00, 0x00, 0x00, 0x00, 0x00, 0xFF, 0xFF, 0x00, 0x00,
    0x33, 0x75, 0x00, 0x00, 0x00, 0x00, 0x00, 0x00, 0x00, 0x00, 0x00, 0x00, 0x04, 0x00, 0x00, 0x00,
    0x8C, 0x52, 0x00, 0x00, 0x00, 0x00, 0x00, 0x00, 0x00, 0x00, 0x00, 0x00, 0xFF, 0xFF, 0x00, 0x00,
    0x34, 0x75, 0x00, 0x00, 0x00, 0x00, 0x00, 0x00, 0x00, 0x00, 0x00, 0x00, 0x03, 0x00, 0x00, 0x00,
    0x7C, 0x52, 0x00, 0x00, 0x01, 0x00, 0x00, 0x00, 0x80, 0x52, 0x00, 0x00, 0xFF, 0xFF, 0x00, 0x00,
    0x33, 0x75, 0x00, 0x00, 0x00, 0x00, 0x00, 0x00, 0x00, 0x00, 0x00, 0x00, 0x03, 0x00, 0x00, 0x00,
    0x6C, 0x52, 0x00, 0x00, 0x00, 0x00, 0x00, 0x00, 0x00, 0x00, 0x00, 0x00, 0xFF, 0xFF, 0x00, 0x00,
    0x32, 0x75, 0x00, 0x00, 0x00, 0x00, 0x00, 0x00, 0x00, 0x00, 0x00, 0x00, 0x03, 0x00, 0x00, 0x00,
    0x58, 0x52, 0x00, 0x00, 0x00, 0x00, 0x00, 0x00, 0x00, 0x00, 0x00, 0x00, 0xFF, 0xFF, 0x00, 0x00,
    0x33, 0x75, 0x00, 0x00, 0x00, 0x00, 0x00, 0x00, 0x00, 0x00, 0x00, 0x00, 0x03, 0x00, 0x00, 0x00,
    0x44, 0x52, 0x00, 0x00, 0x00, 0x00, 0x00, 0x00, 0x00, 0x00, 0x00, 0x00, 0xFF, 0xFF, 0x00, 0x00,
    0x30, 0x75, 0x00, 0x00, 0x00, 0x00, 0x00, 0x00, 0x00, 0x00, 0x00, 0x00, 0x04, 0x00, 0x00, 0x00,
    0x30, 0x52, 0x00, 0x00, 0x00, 0x00, 0x00, 0x00, 0x00, 0x00, 0x00, 0x00, 0xFF, 0xFF, 0x00, 0x00,
    0x30, 0x75, 0x00, 0x00, 0x00, 0x00, 0x00, 0x00, 0x00, 0x00, 0x00, 0x00, 0x03, 0x00, 0x00, 0x00,
    0x20, 0x52, 0x00, 0x00, 0x00, 0x00, 0x00, 0x00, 0x00, 0x00, 0x00, 0x00, 0xFF, 0xFF, 0x00, 0x00,
    0x33, 0x75, 0x00, 0x00, 0x00, 0x00, 0x00, 0x00, 0x00, 0x00, 0x00, 0x00, 0x03, 0x00, 0x00, 0x00,
    0x0C, 0x52, 0x00, 0x00, 0x00, 0x00, 0x00, 0x00, 0x00, 0x00, 0x00, 0x00, 0xFF, 0xFF, 0x00, 0x00,
    0x30, 0x75, 0x00, 0x00, 0x00, 0x00, 0x00, 0x00, 0x00, 0x00, 0x00, 0x00, 0x03, 0x00, 0x00, 0x00,
    0xF8, 0x51, 0x00, 0x00, 0x00, 0x00, 0x00, 0x00, 0x00, 0x00, 0x00, 0x00, 0xFF, 0xFF, 0x00, 0x00,
    0x34, 0x75, 0x00, 0x00, 0x00, 0x00, 0x00, 0x00, 0x00, 0x00, 0x00, 0x00, 0x03, 0x00, 0x00, 0x00,
    0xE4, 0x51, 0x00, 0x00, 0x01, 0x00, 0x00, 0x00, 0xE8, 0x51, 0x00, 0x00, 0xFF, 0xFF, 0x00, 0x00,
    0x33, 0x75, 0x00, 0x00, 0x00, 0x00, 0x00, 0x00, 0x00, 0x00, 0x00, 0x00, 0x03, 0x00, 0x00, 0x00,
    0xD4, 0x51, 0x00, 0x00, 0x00, 0x00, 0x00, 0x00, 0x00, 0x00, 0x00, 0x00, 0xFF, 0xFF, 0x00, 0x00,
    0x34, 0x75, 0x00, 0x00, 0x00, 0x00, 0x00, 0x00, 0x00, 0x00, 0x00, 0x00, 0x03, 0x00, 0x00, 0x00,
    0xC0, 0x51, 0x00, 0x00, 0x01, 0x00, 0x00, 0x00, 0xC4, 0x51, 0x00, 0x00, 0xFF, 0xFF, 0x00, 0x00,
    0x33, 0x75, 0x00, 0x00, 0x00, 0x00, 0x00, 0x00, 0x00, 0x00, 0x00, 0x00, 0x03, 0x00, 0x00, 0x00,
    0xB0, 0x51, 0x00, 0x00, 0x00, 0x00, 0x00, 0x00, 0x00, 0x00, 0x00, 0x00, 0xFF, 0xFF, 0x00, 0x00,
    0x34, 0x75, 0x00, 0x00, 0x00, 0x00, 0x00, 0x00, 0x00, 0x00, 0x00, 0x00, 0x03, 0x00, 0x00, 0x00,
    0x9C, 0x51, 0x00, 0x00, 0x01, 0x00, 0x00, 0x00, 0xA0, 0x51, 0x00, 0x00, 0xFF, 0xFF, 0x00, 0x00,
    0x33, 0x75, 0x00, 0x00, 0x00, 0x00, 0x00, 0x00, 0x00, 0x00, 0x00, 0x00, 0x03, 0x00, 0x00, 0x00,
    0x8C, 0x51, 0x00, 0x00, 0x00, 0x00, 0x00, 0x00, 0x00, 0x00, 0x00, 0x00, 0xFF, 0xFF, 0x00, 0x00,
    0x34, 0x75, 0x00, 0x00, 0x00, 0x00, 0x00, 0x00, 0x00, 0x00, 0x00, 0x00, 0x03, 0x00, 0x00, 0x00,
    0x78, 0x51, 0x00, 0x00, 0x01, 0x00, 0x00, 0x00, 0x7C, 0x51, 0x00, 0x00, 0xFF, 0xFF, 0x00, 0x00,
    0x33, 0x75, 0x00, 0x00, 0x00, 0x00, 0x00, 0x00, 0x00, 0x00, 0x00, 0x00, 0x03, 0x00, 0x00, 0x00,
    0x68, 0x51, 0x00, 0x00, 0x00, 0x00, 0x00, 0x00, 0x00, 0x00, 0x00, 0x00, 0xFF, 0xFF, 0x00, 0x00,
    0x34, 0x75, 0x00, 0x00, 0x00, 0x00, 0x00, 0x00, 0x00, 0x00, 0x00, 0x00, 0x03, 0x00, 0x00, 0x00,
    0x54, 0x51, 0x00, 0x00, 0x01, 0x00, 0x00, 0x00, 0x58, 0x51, 0x00, 0x00, 0xFF, 0xFF, 0x00, 0x00,
    0x33, 0x75, 0x00, 0x00, 0x00, 0x00, 0x00, 0x00, 0x00, 0x00, 0x00, 0x00, 0x03, 0x00, 0x00, 0x00,
    0x44, 0x51, 0x00, 0x00, 0x00, 0x00, 0x00, 0x00, 0x00, 0x00, 0x00, 0x00, 0xFF, 0xFF, 0x00, 0x00,
    0x34, 0x75, 0x00, 0x00, 0x00, 0x00, 0x00, 0x00, 0x00, 0x00, 0x00, 0x00, 0x03, 0x00, 0x00, 0x00,
    0x30, 0x51, 0x00, 0x00, 0x01, 0x00, 0x00, 0x00, 0x34, 0x51, 0x00, 0x00, 0xFF, 0xFF, 0x00, 0x00,
    0x33, 0x75, 0x00, 0x00, 0x00, 0x00, 0x00, 0x00, 0x00, 0x00, 0x00, 0x00, 0x03, 0x00, 0x00, 0x00,
    0x20, 0x51, 0x00, 0x00, 0x00, 0x00, 0x00, 0x00, 0x00, 0x00, 0x00, 0x00, 0xFF, 0xFF, 0x00, 0x00,
    0x34, 0x75, 0x00, 0x00, 0x00, 0x00, 0x00, 0x00, 0x00, 0x00, 0x00, 0x00, 0x03, 0x00, 0x00, 0x00,
    0x0C, 0x51, 0x00, 0x00, 0x01, 0x00, 0x00, 0x00, 0x10, 0x51, 0x00, 0x00, 0xFF, 0xFF, 0x00, 0x00,
    0x33, 0x75, 0x00, 0x00, 0x00, 0x00, 0x00, 0x00, 0x00, 0x00, 0x00, 0x00, 0x03, 0x00, 0x00, 0x00,
    0xFC, 0x50, 0x00, 0x00, 0x00, 0x00, 0x00, 0x00, 0x00, 0x00, 0x00, 0x00, 0xFF, 0xFF, 0x00, 0x00,
    0x34, 0x75, 0x00, 0x00, 0x00, 0x00, 0x00, 0x00, 0x00, 0x00, 0x00, 0x00, 0x03, 0x00, 0x00, 0x00,
    0xE8, 0x50, 0x00, 0x00, 0x01, 0x00, 0x00, 0x00, 0xEC, 0x50, 0x00, 0x00, 0xFF, 0xFF, 0x00, 0x00,
    0x33, 0x75, 0x00, 0x00, 0x00, 0x00, 0x00, 0x00, 0x00, 0x00, 0x00, 0x00, 0x03, 0x00, 0x00, 0x00,
    0xD8, 0x50, 0x00, 0x00, 0x00, 0x00, 0x00, 0x00, 0x00, 0x00, 0x00, 0x00, 0xFF, 0xFF, 0x00, 0x00,
    0x34, 0x75, 0x00, 0x00, 0x00, 0x00, 0x00, 0x00, 0x00, 0x00, 0x00, 0x00, 0x03, 0x00, 0x00, 0x00,
    0xC4, 0x50, 0x00, 0x00, 0x01, 0x00, 0x00, 0x00, 0xC8, 0x50, 0x00, 0x00, 0xFF, 0xFF, 0x00, 0x00,
    0x33, 0x75, 0x00, 0x00, 0x00, 0x00, 0x00, 0x00, 0x00, 0x00, 0x00, 0x00, 0x03, 0x00, 0x00, 0x00,
    0xB4, 0x50, 0x00, 0x00, 0x00, 0x00, 0x00, 0x00, 0x00, 0x00, 0x00, 0x00, 0xFF, 0xFF, 0x00, 0x00,
    0x33, 0x75, 0x00, 0x00, 0x00, 0x00, 0x00, 0x00, 0x00, 0x00, 0x00, 0x00, 0x03, 0x00, 0x00, 0x00,
    0xA0, 0x50, 0x00, 0x00, 0x00, 0x00, 0x00, 0x00, 0x00, 0x00, 0x00, 0x00, 0xFF, 0xFF, 0x00, 0x00,
    0x34, 0x75, 0x00, 0x00, 0x00, 0x00, 0x00, 0x00, 0x00, 0x00, 0x00, 0x00, 0x03, 0x00, 0x00, 0x00,
    0x8C, 0x50, 0x00, 0x00, 0x01, 0x00, 0x00, 0x00, 0x90, 0x50, 0x00, 0x00, 0xFF, 0xFF, 0x00, 0x00,
    0x34, 0x75, 0x00, 0x00, 0x00, 0x00, 0x00, 0x00, 0x00, 0x00, 0x00, 0x00, 0x03, 0x00, 0x00, 0x00,
    0x7C, 0x50, 0x00, 0x00, 0x01, 0x00, 0x00, 0x00, 0x80, 0x50, 0x00, 0x00, 0xFF, 0xFF, 0x00, 0x00,
    0x33, 0x75, 0x00, 0x00, 0x00, 0x00, 0x00, 0x00, 0x00, 0x00, 0x00, 0x00, 0x03, 0x00, 0x00, 0x00,
    0x6C, 0x50, 0x00, 0x00, 0x00, 0x00, 0x00, 0x00, 0x00, 0x00, 0x00, 0x00, 0xFF, 0xFF, 0x00, 0x00,
    0x34, 0x75, 0x00, 0x00, 0x00, 0x00, 0x00, 0x00, 0x00, 0x00, 0x00, 0x00, 0x03, 0x00, 0x00, 0x00,
    0x58, 0x50, 0x00, 0x00, 0x01, 0x00, 0x00, 0x00, 0x5C, 0x50, 0x00, 0x00, 0xFF, 0xFF, 0x00, 0x00,
    0x33, 0x75, 0x00, 0x00, 0x00, 0x00, 0x00, 0x00, 0x00, 0x00, 0x00, 0x00, 0x03, 0x00, 0x00, 0x00,
    0x48, 0x50, 0x00, 0x00, 0x00, 0x00, 0x00, 0x00, 0x00, 0x00, 0x00, 0x00, 0xFF, 0xFF, 0x00, 0x00,
    0x34, 0x75, 0x00, 0x00, 0x00, 0x00, 0x00, 0x00, 0x00, 0x00, 0x00, 0x00, 0x03, 0x00, 0x00, 0x00,
    0x34, 0x50, 0x00, 0x00, 0x01, 0x00, 0x00, 0x00, 0x38, 0x50, 0x00, 0x00, 0xFF, 0xFF, 0x00, 0x00,
    0x33, 0x75, 0x00, 0x00, 0x00, 0x00, 0x00, 0x00, 0x00, 0x00, 0x00, 0x00, 0x03, 0x00, 0x00, 0x00,
    0x24, 0x50, 0x00, 0x00, 0x00, 0x00, 0x00, 0x00, 0x00, 0x00, 0x00, 0x00, 0xFF, 0xFF, 0x00, 0x00,
    0x34, 0x75, 0x00, 0x00, 0x00, 0x00, 0x00, 0x00, 0x00, 0x00, 0x00, 0x00, 0x03, 0x00, 0x00, 0x00,
    0x10, 0x50, 0x00, 0x00, 0x01, 0x00, 0x00, 0x00, 0x14, 0x50, 0x00, 0x00, 0xFF, 0xFF, 0x00, 0x00,
    0x33, 0x75, 0x00, 0x00, 0x00, 0x00, 0x00, 0x00, 0x00, 0x00, 0x00, 0x00, 0x03, 0x00, 0x00, 0x00,
    0x00, 0x50, 0x00, 0x00, 0x00, 0x00, 0x00, 0x00, 0x00, 0x00, 0x00, 0x00, 0xFF, 0xFF, 0x00, 0x00,
    0x34, 0x75, 0x00, 0x00, 0x00, 0x00, 0x00, 0x00, 0x00, 0x00, 0x00, 0x00, 0x03, 0x00, 0x00, 0x00,
    0xEC, 0x4F, 0x00, 0x00, 0x01, 0x00, 0x00, 0x00, 0xF0, 0x4F, 0x00, 0x00, 0xFF, 0xFF, 0x00, 0x00,
    0x33, 0x75, 0x00, 0x00, 0x00, 0x00, 0x00, 0x00, 0x00, 0x00, 0x00, 0x00, 0x03, 0x00, 0x00, 0x00,
    0xDC, 0x4F, 0x00, 0x00, 0x00, 0x00, 0x00, 0x00, 0x00, 0x00, 0x00, 0x00, 0xFF, 0xFF, 0x00, 0x00,
    0x34, 0x75, 0x00, 0x00, 0x00, 0x00, 0x00, 0x00, 0x00, 0x00, 0x00, 0x00, 0x03, 0x00, 0x00, 0x00,
    0xC8, 0x4F, 0x00, 0x00, 0x01, 0x00, 0x00, 0x00, 0xCC, 0x4F, 0x00, 0x00, 0xFF, 0xFF, 0x00, 0x00,
    0x33, 0x75, 0x00, 0x00, 0x00, 0x00, 0x00, 0x00, 0x00, 0x00, 0x00, 0x00, 0x03, 0x00, 0x00, 0x00,
    0xB8, 0x4F, 0x00, 0x00, 0x00, 0x00, 0x00, 0x00, 0x00, 0x00, 0x00, 0x00, 0xFF, 0xFF, 0x00, 0x00,
    0x34, 0x75, 0x00, 0x00, 0x00, 0x00, 0x00, 0x00, 0x00, 0x00, 0x00, 0x00, 0x03, 0x00, 0x00, 0x00,
    0xA4, 0x4F, 0x00, 0x00, 0x01, 0x00, 0x00, 0x00, 0xA8, 0x4F, 0x00, 0x00, 0xFF, 0xFF, 0x00, 0x00,
    0x33, 0x75, 0x00, 0x00, 0x00, 0x00, 0x00, 0x00, 0x00, 0x00, 0x00, 0x00, 0x03, 0x00, 0x00, 0x00,
    0x94, 0x4F, 0x00, 0x00, 0x00, 0x00, 0x00, 0x00, 0x00, 0x00, 0x00, 0x00, 0xFF, 0xFF, 0x00, 0x00,
    0x34, 0x75, 0x00, 0x00, 0x00, 0x00, 0x00, 0x00, 0x00, 0x00, 0x00, 0x00, 0x03, 0x00, 0x00, 0x00,
    0x80, 0x4F, 0x00, 0x00, 0x01, 0x00, 0x00, 0x00, 0x84, 0x4F, 0x00, 0x00, 0xFF, 0xFF, 0x00, 0x00,
    0x33, 0x75, 0x00, 0x00, 0x00, 0x00, 0x00, 0x00, 0x00, 0x00, 0x00, 0x00, 0x03, 0x00, 0x00, 0x00,
    0x70, 0x4F, 0x00, 0x00, 0x00, 0x00, 0x00, 0x00, 0x00, 0x00, 0x00, 0x00, 0xFF, 0xFF, 0x00, 0x00,
    0x34, 0x75, 0x00, 0x00, 0x00, 0x00, 0x00, 0x00, 0x00, 0x00, 0x00, 0x00, 0x03, 0x00, 0x00, 0x00,
    0x5C, 0x4F, 0x00, 0x00, 0x01, 0x00, 0x00, 0x00, 0x60, 0x4F, 0x00, 0x00, 0xFF, 0xFF, 0x00, 0x00,
    0x33, 0x75, 0x00, 0x00, 0x00, 0x00, 0x00, 0x00, 0x00, 0x00, 0x00, 0x00, 0x03, 0x00, 0x00, 0x00,
    0x4C, 0x4F, 0x00, 0x00, 0x00, 0x00, 0x00, 0x00, 0x00, 0x00, 0x00, 0x00, 0xFF, 0xFF, 0x00, 0x00,
    0x34, 0x75, 0x00, 0x00, 0x00, 0x00, 0x00, 0x00, 0x00, 0x00, 0x00, 0x00, 0x03, 0x00, 0x00, 0x00,
    0x38, 0x4F, 0x00, 0x00, 0x01, 0x00, 0x00, 0x00, 0x3C, 0x4F, 0x00, 0x00, 0xFF, 0xFF, 0x00, 0x00,
    0x33, 0x75, 0x00, 0x00, 0x00, 0x00, 0x00, 0x00, 0x00, 0x00, 0x00, 0x00, 0x03, 0x00, 0x00, 0x00,
    0x28, 0x4F, 0x00, 0x00, 0x00, 0x00, 0x00, 0x00, 0x00, 0x00, 0x00, 0x00, 0xFF, 0xFF, 0x00, 0x00,
    0x34, 0x75, 0x00, 0x00, 0x00, 0x00, 0x00, 0x00, 0x00, 0x00, 0x00, 0x00, 0x03, 0x00, 0x00, 0x00,
    0x14, 0x4F, 0x00, 0x00, 0x01, 0x00, 0x00, 0x00, 0x18, 0x4F, 0x00, 0x00, 0xFF, 0xFF, 0x00, 0x00,
    0x33, 0x75, 0x00, 0x00, 0x00, 0x00, 0x00, 0x00, 0x00, 0x00, 0x00, 0x00, 0x03, 0x00, 0x00, 0x00,
    0x04, 0x4F, 0x00, 0x00, 0x00, 0x00, 0x00, 0x00, 0x00, 0x00, 0x00, 0x00, 0xFF, 0xFF, 0x00, 0x00,
    0x34, 0x75, 0x00, 0x00, 0x00, 0x00, 0x00, 0x00, 0x00, 0x00, 0x00, 0x00, 0x03, 0x00, 0x00, 0x00,
    0xF0, 0x4E, 0x00, 0x00, 0x01, 0x00, 0x00, 0x00, 0xF4, 0x4E, 0x00, 0x00, 0xFF, 0xFF, 0x00, 0x00,
    0x33, 0x75, 0x00, 0x00, 0x00, 0x00, 0x00, 0x00, 0x00, 0x00, 0x00, 0x00, 0x03, 0x00, 0x00, 0x00,
    0xE0, 0x4E, 0x00, 0x00, 0x00, 0x00, 0x00, 0x00, 0x00, 0x00, 0x00, 0x00, 0xFF, 0xFF, 0x00, 0x00,
    0x34, 0x75, 0x00, 0x00, 0x00, 0x00, 0x00, 0x00, 0x00, 0x00, 0x00, 0x00, 0x03, 0x00, 0x00, 0x00,
    0xCC, 0x4E, 0x00, 0x00, 0x01, 0x00, 0x00, 0x00, 0xD0, 0x4E, 0x00, 0x00, 0xFF, 0xFF, 0x00, 0x00,
    0x33, 0x75, 0x00, 0x00, 0x00, 0x00, 0x00, 0x00, 0x00, 0x00, 0x00, 0x00, 0x03, 0x00, 0x00, 0x00,
    0xBC, 0x4E, 0x00, 0x00, 0x00, 0x00, 0x00, 0x00, 0x00, 0x00, 0x00, 0x00, 0xFF, 0xFF, 0x00, 0x00,
    0x34, 0x75, 0x00, 0x00, 0x00, 0x00, 0x00, 0x00, 0x00, 0x00, 0x00, 0x00, 0x03, 0x00, 0x00, 0x00,
    0xA8, 0x4E, 0x00, 0x00, 0x01, 0x00, 0x00, 0x00, 0xAC, 0x4E, 0x00, 0x00, 0xFF, 0xFF, 0x00, 0x00,
    0x33, 0x75, 0x00, 0x00, 0x00, 0x00, 0x00, 0x00, 0x00, 0x00, 0x00, 0x00, 0x03, 0x00, 0x00, 0x00,
    0x98, 0x4E, 0x00, 0x00, 0x00, 0x00, 0x00, 0x00, 0x00, 0x00, 0x00, 0x00, 0xFF, 0xFF, 0x00, 0x00,
    0x34, 0x75, 0x00, 0x00, 0x00, 0x00, 0x00, 0x00, 0x00, 0x00, 0x00, 0x00, 0x03, 0x00, 0x00, 0x00,
    0x84, 0x4E, 0x00, 0x00, 0x01, 0x00, 0x00, 0x00, 0x88, 0x4E, 0x00, 0x00, 0xFF, 0xFF, 0x00, 0x00,
    0x33, 0x75, 0x00, 0x00, 0x00, 0x00, 0x00, 0x00, 0x00, 0x00, 0x00, 0x00, 0x03, 0x00, 0x00, 0x00,
    0x74, 0x4E, 0x00, 0x00, 0x00, 0x00, 0x00, 0x00, 0x00, 0x00, 0x00, 0x00, 0xFF, 0xFF, 0x00, 0x00,
    0x34, 0x75, 0x00, 0x00, 0x00, 0x00, 0x00, 0x00, 0x00, 0x00, 0x00, 0x00, 0x03, 0x00, 0x00, 0x00,
    0x60, 0x4E, 0x00, 0x00, 0x01, 0x00, 0x00, 0x00, 0x64, 0x4E, 0x00, 0x00, 0xFF, 0xFF, 0x00, 0x00,
    0x33, 0x75, 0x00, 0x00, 0x00, 0x00, 0x00, 0x00, 0x00, 0x00, 0x00, 0x00, 0x03, 0x00, 0x00, 0x00,
    0x50, 0x4E, 0x00, 0x00, 0x00, 0x00, 0x00, 0x00, 0x00, 0x00, 0x00, 0x00, 0xFF, 0xFF, 0x00, 0x00,
    0x34, 0x75, 0x00, 0x00, 0x00, 0x00, 0x00, 0x00, 0x00, 0x00, 0x00, 0x00, 0x03, 0x00, 0x00, 0x00,
    0x3C, 0x4E, 0x00, 0x00, 0x01, 0x00, 0x00, 0x00, 0x40, 0x4E, 0x00, 0x00, 0xFF, 0xFF, 0x00, 0x00,
    0x33, 0x75, 0x00, 0x00, 0x00, 0x00, 0x00, 0x00, 0x00, 0x00, 0x00, 0x00, 0x03, 0x00, 0x00, 0x00,
    0x2C, 0x4E, 0x00, 0x00, 0x00, 0x00, 0x00, 0x00, 0x00, 0x00, 0x00, 0x00, 0xFF, 0xFF, 0x00, 0x00,
    0x34, 0x75, 0x00, 0x00, 0x00, 0x00, 0x00, 0x00, 0x00, 0x00, 0x00, 0x00, 0x03, 0x00, 0x00, 0x00,
    0x18, 0x4E, 0x00, 0x00, 0x01, 0x00, 0x00, 0x00, 0x1C, 0x4E, 0x00, 0x00, 0xFF, 0xFF, 0x00, 0x00,
    0x33, 0x75, 0x00, 0x00, 0x00, 0x00, 0x00, 0x00, 0x00, 0x00, 0x00, 0x00, 0x03, 0x00, 0x00, 0x00,
    0x08, 0x4E, 0x00, 0x00, 0x00, 0x00, 0x00, 0x00, 0x00, 0x00, 0x00, 0x00, 0xFF, 0xFF, 0x00, 0x00,
    0x30, 0x75, 0x00, 0x00, 0x00, 0x00, 0x00, 0x00, 0x00, 0x00, 0x00, 0x00, 0x03, 0x00, 0x00, 0x00,
    0xF4, 0x4D, 0x00, 0x00, 0x00, 0x00, 0x00, 0x00, 0x00, 0x00, 0x00, 0x00, 0xFF, 0xFF, 0x00, 0x00,
    0x34, 0x75, 0x00, 0x00, 0x00, 0x00, 0x00, 0x00, 0x00, 0x00, 0x00, 0x00, 0x03, 0x00, 0x00, 0x00,
    0xE0, 0x4D, 0x00, 0x00, 0x01, 0x00, 0x00, 0x00, 0xE4, 0x4D, 0x00, 0x00, 0xFF, 0xFF, 0x00, 0x00,
    0x33, 0x75, 0x00, 0x00, 0x00, 0x00, 0x00, 0x00, 0x00, 0x00, 0x00, 0x00, 0x03, 0x00, 0x00, 0x00,
    0xD0, 0x4D, 0x00, 0x00, 0x00, 0x00, 0x00, 0x00, 0x00, 0x00, 0x00, 0x00, 0xFF, 0xFF, 0x00, 0x00,
    0x34, 0x75, 0x00, 0x00, 0x00, 0x00, 0x00, 0x00, 0x00, 0x00, 0x00, 0x00, 0x03, 0x00, 0x00, 0x00,
    0xBC, 0x4D, 0x00, 0x00, 0x01, 0x00, 0x00, 0x00, 0xC0, 0x4D, 0x00, 0x00, 0xFF, 0xFF, 0x00, 0x00,
    0x33, 0x75, 0x00, 0x00, 0x00, 0x00, 0x00, 0x00, 0x00, 0x00, 0x00, 0x00, 0x03, 0x00, 0x00, 0x00,
    0xAC, 0x4D, 0x00, 0x00, 0x00, 0x00, 0x00, 0x00, 0x00, 0x00, 0x00, 0x00, 0xFF, 0xFF, 0x00, 0x00,
    0x34, 0x75, 0x00, 0x00, 0x00, 0x00, 0x00, 0x00, 0x00, 0x00, 0x00, 0x00, 0x03, 0x00, 0x00, 0x00,
    0x98, 0x4D, 0x00, 0x00, 0x01, 0x00, 0x00, 0x00, 0x9C, 0x4D, 0x00, 0x00, 0xFF, 0xFF, 0x00, 0x00,
    0x33, 0x75, 0x00, 0x00, 0x00, 0x00, 0x00, 0x00, 0x00, 0x00, 0x00, 0x00, 0x03, 0x00, 0x00, 0x00,
    0x88, 0x4D, 0x00, 0x00, 0x00, 0x00, 0x00, 0x00, 0x00, 0x00, 0x00, 0x00, 0xFF, 0xFF, 0x00, 0x00,
    0x34, 0x75, 0x00, 0x00, 0x00, 0x00, 0x00, 0x00, 0x00, 0x00, 0x00, 0x00, 0x03, 0x00, 0x00, 0x00,
    0x74, 0x4D, 0x00, 0x00, 0x01, 0x00, 0x00, 0x00, 0x78, 0x4D, 0x00, 0x00, 0xFF, 0xFF, 0x00, 0x00,
    0x33, 0x75, 0x00, 0x00, 0x00, 0x00, 0x00, 0x00, 0x00, 0x00, 0x00, 0x00, 0x03, 0x00, 0x00, 0x00,
    0x64, 0x4D, 0x00, 0x00, 0x00, 0x00, 0x00, 0x00, 0x00, 0x00, 0x00, 0x00, 0xFF, 0xFF, 0x00, 0x00,
    0x34, 0x75, 0x00, 0x00, 0x00, 0x00, 0x00, 0x00, 0x00, 0x00, 0x00, 0x00, 0x03, 0x00, 0x00, 0x00,
    0x50, 0x4D, 0x00, 0x00, 0x01, 0x00, 0x00, 0x00, 0x54, 0x4D, 0x00, 0x00, 0xFF, 0xFF, 0x00, 0x00,
    0x33, 0x75, 0x00, 0x00, 0x00, 0x00, 0x00, 0x00, 0x00, 0x00, 0x00, 0x00, 0x03, 0x00, 0x00, 0x00,
    0x40, 0x4D, 0x00, 0x00, 0x00, 0x00, 0x00, 0x00, 0x00, 0x00, 0x00, 0x00, 0xFF, 0xFF, 0x00, 0x00,
    0x34, 0x75, 0x00, 0x00, 0x00, 0x00, 0x00, 0x00, 0x00, 0x00, 0x00, 0x00, 0x03, 0x00, 0x00, 0x00,
    0x2C, 0x4D, 0x00, 0x00, 0x01, 0x00, 0x00, 0x00, 0x30, 0x4D, 0x00, 0x00, 0xFF, 0xFF, 0x00, 0x00,
    0x33, 0x75, 0x00, 0x00, 0x00, 0x00, 0x00, 0x00, 0x00, 0x00, 0x00, 0x00, 0x03, 0x00, 0x00, 0x00,
    0x1C, 0x4D, 0x00, 0x00, 0x00, 0x00, 0x00, 0x00, 0x00, 0x00, 0x00, 0x00, 0xFF, 0xFF, 0x00, 0x00,
    0x33, 0x75, 0x00, 0x00, 0x00, 0x00, 0x00, 0x00, 0x00, 0x00, 0x00, 0x00, 0x04, 0x00, 0x00, 0x00,
    0x08, 0x4D, 0x00, 0x00, 0x00, 0x00, 0x00, 0x00, 0x00, 0x00, 0x00, 0x00, 0xFF, 0xFF, 0x00, 0x00,
    0x33, 0x75, 0x00, 0x00, 0x00, 0x00, 0x00, 0x00, 0x00, 0x00, 0x00, 0x00, 0x04, 0x00, 0x00, 0x00,
    0xF8, 0x4C, 0x00, 0x00, 0x00, 0x00, 0x00, 0x00, 0x00, 0x00, 0x00, 0x00, 0xFF, 0xFF, 0x00, 0x00,
    0x33, 0x75, 0x00, 0x00, 0x00, 0x00, 0x00, 0x00, 0x00, 0x00, 0x00, 0x00, 0x04, 0x00, 0x00, 0x00,
    0xE8, 0x4C, 0x00, 0x00, 0x00, 0x00, 0x00, 0x00, 0x00, 0x00, 0x00, 0x00, 0xFF, 0xFF, 0x00, 0x00,
    0x33, 0x75, 0x00, 0x00, 0x00, 0x00, 0x00, 0x00, 0x00, 0x00, 0x00, 0x00, 0x04, 0x00, 0x00, 0x00,
    0xD8, 0x4C, 0x00, 0x00, 0x00, 0x00, 0x00, 0x00, 0x00, 0x00, 0x00, 0x00, 0xFF, 0xFF, 0x00, 0x00,
    0x33, 0x75, 0x00, 0x00, 0x00, 0x00, 0x00, 0x00, 0x00, 0x00, 0x00, 0x00, 0x04, 0x00, 0x00, 0x00,
    0xC8, 0x4C, 0x00, 0x00, 0x00, 0x00, 0x00, 0x00, 0x00, 0x00, 0x00, 0x00, 0xFF, 0xFF, 0x00, 0x00,
    0x33, 0x75, 0x00, 0x00, 0x00, 0x00, 0x00, 0x00, 0x00, 0x00, 0x00, 0x00, 0x03, 0x00, 0x00, 0x00,
    0xB8, 0x4C, 0x00, 0x00, 0x00, 0x00, 0x00, 0x00, 0x00, 0x00, 0x00, 0x00, 0xFF, 0xFF, 0x00, 0x00,
    0x33, 0x75, 0x00, 0x00, 0x00, 0x00, 0x00, 0x00, 0x00, 0x00, 0x00, 0x00, 0x03, 0x00, 0x00, 0x00,
    0xA4, 0x4C, 0x00, 0x00, 0x00, 0x00, 0x00, 0x00, 0x00, 0x00, 0x00, 0x00, 0xFF, 0xFF, 0x00, 0x00,
    0x32, 0x75, 0x00, 0x00, 0x00, 0x00, 0x00, 0x00, 0x00, 0x00, 0x00, 0x00, 0x03, 0x00, 0x00, 0x00,
    0x90, 0x4C, 0x00, 0x00, 0x00, 0x00, 0x00, 0x00, 0x00, 0x00, 0x00, 0x00, 0xFF, 0xFF, 0x00, 0x00,
    0xEF, 0x03, 0x00, 0x00, 0x01, 0x00, 0x00, 0x00, 0x84, 0x4C, 0x00, 0x00, 0x00, 0x00, 0x00, 0x00,
    0x00, 0x00, 0x00, 0x00, 0x01, 0x00, 0x00, 0x00, 0x78, 0x4C, 0x00, 0x00, 0xFF, 0xFF, 0x00, 0x00,
    0x01, 0x00, 0x00, 0x00, 0x70, 0x4C, 0x00, 0x00, 0xEF, 0x03, 0x00, 0x00, 0x01, 0x00, 0x00, 0x00,
    0x68, 0x4C, 0x00, 0x00, 0x00, 0x00, 0x00, 0x00, 0x00, 0x00, 0x00, 0x00, 0x01, 0x00, 0x00, 0x00,
    0x5C, 0x4C, 0x00, 0x00, 0xFF, 0xFF, 0x00, 0x00, 0x01, 0x00, 0x00, 0x00, 0x54, 0x4C, 0x00, 0x00,
    0xEF, 0x03, 0x00, 0x00, 0x01, 0x00, 0x00, 0x00, 0x4C, 0x4C, 0x00, 0x00, 0x00, 0x00, 0x00, 0x00,
    0x00, 0x00, 0x00, 0x00, 0x01, 0x00, 0x00, 0x00, 0x40, 0x4C, 0x00, 0x00, 0xFF, 0xFF, 0x00, 0x00,
    0x01, 0x00, 0x00, 0x00, 0x38, 0x4C, 0x00, 0x00, 0xEF, 0x03, 0x00, 0x00, 0x01, 0x00, 0x00, 0x00,
    0x30, 0x4C, 0x00, 0x00, 0x00, 0x00, 0x00, 0x00, 0x00, 0x00, 0x00, 0x00, 0x01, 0x00, 0x00, 0x00,
    0x24, 0x4C, 0x00, 0x00, 0xFF, 0xFF, 0x00, 0x00, 0x01, 0x00, 0x00, 0x00, 0x1C, 0x4C, 0x00, 0x00,
    0xF5, 0x03, 0x00, 0x00, 0x01, 0x00, 0x00, 0x00, 0x14, 0x4C, 0x00, 0x00, 0x00, 0x00, 0x00, 0x00,
    0x00, 0x00, 0x00, 0x00, 0x01, 0x00, 0x00, 0x00, 0x08, 0x4C, 0x00, 0x00, 0xFF, 0xFF, 0x00, 0x00,
    0x08, 0x00, 0x00, 0x00, 0xEF, 0x03, 0x00, 0x00, 0x01, 0x00, 0x00, 0x00, 0xF8, 0x4B, 0x00, 0x00,
    0x00, 0x00, 0x00, 0x00, 0x00, 0x00, 0x00, 0x00, 0x01, 0x00, 0x00, 0x00, 0xEC, 0x4B, 0x00, 0x00,
    0xFF, 0xFF, 0x00, 0x00, 0x01, 0x00, 0x00, 0x00, 0xE4, 0x4B, 0x00, 0x00, 0xEF, 0x03, 0x00, 0x00,
    0x01, 0x00, 0x00, 0x00, 0xDC, 0x4B, 0x00, 0x00, 0x00, 0x00, 0x00, 0x00, 0x00, 0x00, 0x00, 0x00,
    0x01, 0x00, 0x00, 0x00, 0xD0, 0x4B, 0x00, 0x00, 0xFF, 0xFF, 0x00, 0x00, 0x01, 0x00, 0x00, 0x00,
    0xC8, 0x4B, 0x00, 0x00, 0xEF, 0x03, 0x00, 0x00, 0x01, 0x00, 0x00, 0x00, 0xC0, 0x4B, 0x00, 0x00,
    0x00, 0x00, 0x00, 0x00, 0x00, 0x00, 0x00, 0x00, 0x01, 0x00, 0x00, 0x00, 0xB4, 0x4B, 0x00, 0x00,
    0xFF, 0xFF, 0x00, 0x00, 0x01, 0x00, 0x00, 0x00, 0xAC, 0x4B, 0x00, 0x00, 0xEF, 0x03, 0x00, 0x00,
    0x01, 0x00, 0x00, 0x00, 0xA4, 0x4B, 0x00, 0x00, 0x00, 0x00, 0x00, 0x00, 0x00, 0x00, 0x00, 0x00,
    0x01, 0x00, 0x00, 0x00, 0x98, 0x4B, 0x00, 0x00, 0xFF, 0xFF, 0x00, 0x00, 0x01, 0x00, 0x00, 0x00,
    0x90, 0x4B, 0x00, 0x00, 0xEF, 0x03, 0x00, 0x00, 0x01, 0x00, 0x00, 0x00, 0x88, 0x4B, 0x00, 0x00,
    0x00, 0x00, 0x00, 0x00, 0x00, 0x00, 0x00, 0x00, 0x01, 0x00, 0x00, 0x00, 0x7C, 0x4B, 0x00, 0x00,
    0xFF, 0xFF, 0x00, 0x00, 0x01, 0x00, 0x00, 0x00, 0x74, 0x4B, 0x00, 0x00, 0xEF, 0x03, 0x00, 0x00,
    0x01, 0x00, 0x00, 0x00, 0x6C, 0x4B, 0x00, 0x00, 0x00, 0x00, 0x00, 0x00, 0x00, 0x00, 0x00, 0x00,
    0x01, 0x00, 0x00, 0x00, 0x60, 0x4B, 0x00, 0x00, 0xFF, 0xFF, 0x00, 0x00, 0x01, 0x00, 0x00, 0x00,
    0x58, 0x4B, 0x00, 0x00, 0xEF, 0x03, 0x00, 0x00, 0x01, 0x00, 0x00, 0x00, 0x50, 0x4B, 0x00, 0x00,
    0x00, 0x00, 0x00, 0x00, 0x00, 0x00, 0x00, 0x00, 0x01, 0x00, 0x00, 0x00, 0x44, 0x4B, 0x00, 0x00,
    0xFF, 0xFF, 0x00, 0x00, 0x01, 0x00, 0x00, 0x00, 0x3C, 0x4B, 0x00, 0x00, 0xEF, 0x03, 0x00, 0x00,
    0x01, 0x00, 0x00, 0x00, 0x34, 0x4B, 0x00, 0x00, 0x00, 0x00, 0x00, 0x00, 0x00, 0x00, 0x00, 0x00,
    0x01, 0x00, 0x00, 0x00, 0x28, 0x4B, 0x00, 0x00, 0xFF, 0xFF, 0x00, 0x00, 0x01, 0x00, 0x00, 0x00,
    0x20, 0x4B, 0x00, 0x00, 0xEF, 0x03, 0x00, 0x00, 0x01, 0x00, 0x00, 0x00, 0x18, 0x4B, 0x00, 0x00,
    0x00, 0x00, 0x00, 0x00, 0x00, 0x00, 0x00, 0x00, 0x01, 0x00, 0x00, 0x00, 0x0C, 0x4B, 0x00, 0x00,
    0xFF, 0xFF, 0x00, 0x00, 0x01, 0x00, 0x00, 0x00, 0x04, 0x4B, 0x00, 0x00, 0xEF, 0x03, 0x00, 0x00,
    0x01, 0x00, 0x00, 0x00, 0xFC, 0x4A, 0x00, 0x00, 0x00, 0x00, 0x00, 0x00, 0x00, 0x00, 0x00, 0x00,
    0x01, 0x00, 0x00, 0x00, 0xF0, 0x4A, 0x00, 0x00, 0xFF, 0xFF, 0x00, 0x00, 0x01, 0x00, 0x00, 0x00,
    0xE8, 0x4A, 0x00, 0x00, 0xEF, 0x03, 0x00, 0x00, 0x01, 0x00, 0x00, 0x00, 0xE0, 0x4A, 0x00, 0x00,
    0x00, 0x00, 0x00, 0x00, 0x00, 0x00, 0x00, 0x00, 0x01, 0x00, 0x00, 0x00, 0xD4, 0x4A, 0x00, 0x00,
    0xFF, 0xFF, 0x00, 0x00, 0x01, 0x00, 0x00, 0x00, 0xCC, 0x4A, 0x00, 0x00, 0xEF, 0x03, 0x00, 0x00,
    0x01, 0x00, 0x00, 0x00, 0xC4, 0x4A, 0x00, 0x00, 0x00, 0x00, 0x00, 0x00, 0x00, 0x00, 0x00, 0x00,
    0x01, 0x00, 0x00, 0x00, 0xB8, 0x4A, 0x00, 0x00, 0xFF, 0xFF, 0x00, 0x00, 0x01, 0x00, 0x00, 0x00,
    0xB0, 0x4A, 0x00, 0x00, 0xEF, 0x03, 0x00, 0x00, 0x01, 0x00, 0x00, 0x00, 0xA8, 0x4A, 0x00, 0x00,
    0x00, 0x00, 0x00, 0x00, 0x00, 0x00, 0x00, 0x00, 0x01, 0x00, 0x00, 0x00, 0x9C, 0x4A, 0x00, 0x00,
    0xFF, 0xFF, 0x00, 0x00, 0x01, 0x00, 0x00, 0x00, 0x94, 0x4A, 0x00, 0x00, 0xEF, 0x03, 0x00, 0x00,
    0x01, 0x00, 0x00, 0x00, 0x8C, 0x4A, 0x00, 0x00, 0x00, 0x00, 0x00, 0x00, 0x00, 0x00, 0x00, 0x00,
    0x01, 0x00, 0x00, 0x00, 0x80, 0x4A, 0x00, 0x00, 0xFF, 0xFF, 0x00, 0x00, 0x01, 0x00, 0x00, 0x00,
    0x78, 0x4A, 0x00, 0x00, 0xEF, 0x03, 0x00, 0x00, 0x01, 0x00, 0x00, 0x00, 0x70, 0x4A, 0x00, 0x00,
    0x00, 0x00, 0x00, 0x00, 0x00, 0x00, 0x00, 0x00, 0x01, 0x00, 0x00, 0x00, 0x64, 0x4A, 0x00, 0x00,
    0xFF, 0xFF, 0x00, 0x00, 0x01, 0x00, 0x00, 0x00, 0x5C, 0x4A, 0x00, 0x00, 0xEF, 0x03, 0x00, 0x00,
    0x01, 0x00, 0x00, 0x00, 0x54, 0x4A, 0x00, 0x00, 0x00, 0x00, 0x00, 0x00, 0x00, 0x00, 0x00, 0x00,
    0x01, 0x00, 0x00, 0x00, 0x48, 0x4A, 0x00, 0x00, 0xFF, 0xFF, 0x00, 0x00, 0x01, 0x00, 0x00, 0x00,
    0x40, 0x4A, 0x00, 0x00, 0xEF, 0x03, 0x00, 0x00, 0x01, 0x00, 0x00, 0x00, 0x38, 0x4A, 0x00, 0x00,
    0x00, 0x00, 0x00, 0x00, 0x00, 0x00, 0x00, 0x00, 0x01, 0x00, 0x00, 0x00, 0x2C, 0x4A, 0x00, 0x00,
    0xFF, 0xFF, 0x00, 0x00, 0x01, 0x00, 0x00, 0x00, 0x24, 0x4A, 0x00, 0x00, 0xEF, 0x03, 0x00, 0x00,
    0x01, 0x00, 0x00, 0x00, 0x1C, 0x4A, 0x00, 0x00, 0x00, 0x00, 0x00, 0x00, 0x00, 0x00, 0x00, 0x00,
    0x01, 0x00, 0x00, 0x00, 0x10, 0x4A, 0x00, 0x00, 0xFF, 0xFF, 0x00, 0x00, 0x01, 0x00, 0x00, 0x00,
    0x08, 0x4A, 0x00, 0x00, 0xEF, 0x03, 0x00, 0x00, 0x01, 0x00, 0x00, 0x00, 0x00, 0x4A, 0x00, 0x00,
    0x00, 0x00, 0x00, 0x00, 0x00, 0x00, 0x00, 0x00, 0x01, 0x00, 0x00, 0x00, 0xF4, 0x49, 0x00, 0x00,
    0xFF, 0xFF, 0x00, 0x00, 0x01, 0x00, 0x00, 0x00, 0xEC, 0x49, 0x00, 0x00, 0xEF, 0x03, 0x00, 0x00,
    0x01, 0x00, 0x00, 0x00, 0xE4, 0x49, 0x00, 0x00, 0x00, 0x00, 0x00, 0x00, 0x00, 0x00, 0x00, 0x00,
    0x01, 0x00, 0x00, 0x00, 0xD8, 0x49, 0x00, 0x00, 0xFF, 0xFF, 0x00, 0x00, 0x01, 0x00, 0x00, 0x00,
    0xD0, 0x49, 0x00, 0x00, 0xEF, 0x03, 0x00, 0x00, 0x01, 0x00, 0x00, 0x00, 0xC8, 0x49, 0x00, 0x00,
    0x00, 0x00, 0x00, 0x00, 0x00, 0x00, 0x00, 0x00, 0x01, 0x00, 0x00, 0x00, 0xBC, 0x49, 0x00, 0x00,
    0xFF, 0xFF, 0x00, 0x00, 0x01, 0x00, 0x00, 0x00, 0xB4, 0x49, 0x00, 0x00, 0xEF, 0x03, 0x00, 0x00,
    0x01, 0x00, 0x00, 0x00, 0xAC, 0x49, 0x00, 0x00, 0x00, 0x00, 0x00, 0x00, 0x00, 0x00, 0x00, 0x00,
    0x01, 0x00, 0x00, 0x00, 0xA0, 0x49, 0x00, 0x00, 0xFF, 0xFF, 0x00, 0x00, 0x01, 0x00, 0x00, 0x00,
    0x98, 0x49, 0x00, 0x00, 0xEF, 0x03, 0x00, 0x00, 0x01, 0x00, 0x00, 0x00, 0x90, 0x49, 0x00, 0x00,
    0x00, 0x00, 0x00, 0x00, 0x00, 0x00, 0x00, 0x00, 0x01, 0x00, 0x00, 0x00, 0x84, 0x49, 0x00, 0x00,
    0xFF, 0xFF, 0x00, 0x00, 0x01, 0x00, 0x00, 0x00, 0x7C, 0x49, 0x00, 0x00, 0xEF, 0x03, 0x00, 0x00,
    0x01, 0x00, 0x00, 0x00, 0x74, 0x49, 0x00, 0x00, 0x00, 0x00, 0x00, 0x00, 0x00, 0x00, 0x00, 0x00,
    0x01, 0x00, 0x00, 0x00, 0x68, 0x49, 0x00, 0x00, 0xFF, 0xFF, 0x00, 0x00, 0x01, 0x00, 0x00, 0x00,
    0x60, 0x49, 0x00, 0x00, 0xEF, 0x03, 0x00, 0x00, 0x01, 0x00, 0x00, 0x00, 0x58, 0x49, 0x00, 0x00,
    0x00, 0x00, 0x00, 0x00, 0x00, 0x00, 0x00, 0x00, 0x01, 0x00, 0x00, 0x00, 0x4C, 0x49, 0x00, 0x00,
    0xFF, 0xFF, 0x00, 0x00, 0x01, 0x00, 0x00, 0x00, 0x44, 0x49, 0x00, 0x00, 0xEF, 0x03, 0x00, 0x00,
    0x01, 0x00, 0x00, 0x00, 0x3C, 0x49, 0x00, 0x00, 0x00, 0x00, 0x00, 0x00, 0x00, 0x00, 0x00, 0x00,
    0x01, 0x00, 0x00, 0x00, 0x30, 0x49, 0x00, 0x00, 0xFF, 0xFF, 0x00, 0x00, 0x01, 0x00, 0x00, 0x00,
    0x28, 0x49, 0x00, 0x00, 0xEF, 0x03, 0x00, 0x00, 0x01, 0x00, 0x00, 0x00, 0x20, 0x49, 0x00, 0x00,
    0x00, 0x00, 0x00, 0x00, 0x00, 0x00, 0x00, 0x00, 0x01, 0x00, 0x00, 0x00, 0x14, 0x49, 0x00, 0x00,
    0xFF, 0xFF, 0x00, 0x00, 0x01, 0x00, 0x00, 0x00, 0x0C, 0x49, 0x00, 0x00, 0xEF, 0x03, 0x00, 0x00,
    0x01, 0x00, 0x00, 0x00, 0x04, 0x49, 0x00, 0x00, 0x00, 0x00, 0x00, 0x00, 0x00, 0x00, 0x00, 0x00,
    0x01, 0x00, 0x00, 0x00, 0xF8, 0x48, 0x00, 0x00, 0xFF, 0xFF, 0x00, 0x00, 0x01, 0x00, 0x00, 0x00,
    0xF0, 0x48, 0x00, 0x00, 0xEF, 0x03, 0x00, 0x00, 0x01, 0x00, 0x00, 0x00, 0xE8, 0x48, 0x00, 0x00,
    0x00, 0x00, 0x00, 0x00, 0x00, 0x00, 0x00, 0x00, 0x01, 0x00, 0x00, 0x00, 0xDC, 0x48, 0x00, 0x00,
    0xFF, 0xFF, 0x00, 0x00, 0x01, 0x00, 0x00, 0x00, 0xD4, 0x48, 0x00, 0x00, 0xEF, 0x03, 0x00, 0x00,
    0x01, 0x00, 0x00, 0x00, 0xCC, 0x48, 0x00, 0x00, 0x00, 0x00, 0x00, 0x00, 0x00, 0x00, 0x00, 0x00,
    0x01, 0x00, 0x00, 0x00, 0xC0, 0x48, 0x00, 0x00, 0xFF, 0xFF, 0x00, 0x00, 0x01, 0x00, 0x00, 0x00,
    0xB8, 0x48, 0x00, 0x00, 0xEF, 0x03, 0x00, 0x00, 0x01, 0x00, 0x00, 0x00, 0xB0, 0x48, 0x00, 0x00,
    0x00, 0x00, 0x00, 0x00, 0x00, 0x00, 0x00, 0x00, 0x01, 0x00, 0x00, 0x00, 0xA4, 0x48, 0x00, 0x00,
    0xFF, 0xFF, 0x00, 0x00, 0x01, 0x00, 0x00, 0x00, 0x9C, 0x48, 0x00, 0x00, 0xEF, 0x03, 0x00, 0x00,
    0x01, 0x00, 0x00, 0x00, 0x94, 0x48, 0x00, 0x00, 0x00, 0x00, 0x00, 0x00, 0x00, 0x00, 0x00, 0x00,
    0x01, 0x00, 0x00, 0x00, 0x88, 0x48, 0x00, 0x00, 0xFF, 0xFF, 0x00, 0x00, 0x01, 0x00, 0x00, 0x00,
    0x80, 0x48, 0x00, 0x00, 0xEF, 0x03, 0x00, 0x00, 0x01, 0x00, 0x00, 0x00, 0x78, 0x48, 0x00, 0x00,
    0x00, 0x00, 0x00, 0x00, 0x00, 0x00, 0x00, 0x00, 0x01, 0x00, 0x00, 0x00, 0x6C, 0x48, 0x00, 0x00,
    0xFF, 0xFF, 0x00, 0x00, 0x01, 0x00, 0x00, 0x00, 0x64, 0x48, 0x00, 0x00, 0xEF, 0x03, 0x00, 0x00,
    0x01, 0x00, 0x00, 0x00, 0x5C, 0x48, 0x00, 0x00, 0x00, 0x00, 0x00, 0x00, 0x00, 0x00, 0x00, 0x00,
    0x01, 0x00, 0x00, 0x00, 0x50, 0x48, 0x00, 0x00, 0xFF, 0xFF, 0x00, 0x00, 0x01, 0x00, 0x00, 0x00,
    0x48, 0x48, 0x00, 0x00, 0xEF, 0x03, 0x00, 0x00, 0x01, 0x00, 0x00, 0x00, 0x40, 0x48, 0x00, 0x00,
    0x00, 0x00, 0x00, 0x00, 0x00, 0x00, 0x00, 0x00, 0x01, 0x00, 0x00, 0x00, 0x34, 0x48, 0x00, 0x00,
    0xFF, 0xFF, 0x00, 0x00, 0x01, 0x00, 0x00, 0x00, 0x2C, 0x48, 0x00, 0x00, 0xEF, 0x03, 0x00, 0x00,
    0x01, 0x00, 0x00, 0x00, 0x24, 0x48, 0x00, 0x00, 0x00, 0x00, 0x00, 0x00, 0x00, 0x00, 0x00, 0x00,
    0x01, 0x00, 0x00, 0x00, 0x18, 0x48, 0x00, 0x00, 0xFF, 0xFF, 0x00, 0x00, 0x01, 0x00, 0x00, 0x00,
    0x10, 0x48, 0x00, 0x00, 0xEF, 0x03, 0x00, 0x00, 0x01, 0x00, 0x00, 0x00, 0x08, 0x48, 0x00, 0x00,
    0x00, 0x00, 0x00, 0x00, 0x00, 0x00, 0x00, 0x00, 0x01, 0x00, 0x00, 0x00, 0xFC, 0x47, 0x00, 0x00,
    0xFF, 0xFF, 0x00, 0x00, 0x01, 0x00, 0x00, 0x00, 0xF4, 0x47, 0x00, 0x00, 0xEF, 0x03, 0x00, 0x00,
    0x01, 0x00, 0x00, 0x00, 0xEC, 0x47, 0x00, 0x00, 0x00, 0x00, 0x00, 0x00, 0x00, 0x00, 0x00, 0x00,
    0x01, 0x00, 0x00, 0x00, 0xE0, 0x47, 0x00, 0x00, 0xFF, 0xFF, 0x00, 0x00, 0x01, 0x00, 0x00, 0x00,
    0xD8, 0x47, 0x00, 0x00, 0xEF, 0x03, 0x00, 0x00, 0x01, 0x00, 0x00, 0x00, 0xD0, 0x47, 0x00, 0x00,
    0x00, 0x00, 0x00, 0x00, 0x00, 0x00, 0x00, 0x00, 0x01, 0x00, 0x00, 0x00, 0xC4, 0x47, 0x00, 0x00,
    0xFF, 0xFF, 0x00, 0x00, 0x01, 0x00, 0x00, 0x00, 0xBC, 0x47, 0x00, 0x00, 0xEF, 0x03, 0x00, 0x00,
    0x01, 0x00, 0x00, 0x00, 0xB4, 0x47, 0x00, 0x00, 0x00, 0x00, 0x00, 0x00, 0x00, 0x00, 0x00, 0x00,
    0x01, 0x00, 0x00, 0x00, 0xA8, 0x47, 0x00, 0x00, 0xFF, 0xFF, 0x00, 0x00, 0x01, 0x00, 0x00, 0x00,
    0xA0, 0x47, 0x00, 0x00, 0x10, 0x00, 0x00, 0x00, 0x00, 0x00, 0x00, 0x00, 0x98, 0x47, 0x00, 0x00,
    0x00, 0x00, 0x00, 0x00, 0x30, 0x75, 0x00, 0x00, 0x00, 0x00, 0x00, 0x00, 0x00, 0x00, 0x00, 0x00,
    0x03, 0x00, 0x00, 0x00, 0xE8, 0x47, 0x00, 0x00, 0x00, 0x00, 0x00, 0x00, 0x00, 0x00, 0x00, 0x00,
    0xFF, 0xFF, 0x00, 0x00, 0x31, 0x75, 0x00, 0x00, 0x00, 0x00, 0x00, 0x00, 0x00, 0x00, 0x00, 0x00,
    0x03, 0x00, 0x00, 0x00, 0xD4, 0x47, 0x00, 0x00, 0x00, 0x00, 0x00, 0x00, 0x00, 0x00, 0x00, 0x00,
    0xFF, 0xFF, 0x00, 0x00, 0x33, 0x75, 0x00, 0x00, 0x00, 0x00, 0x00, 0x00, 0x00, 0x00, 0x00, 0x00,
    0x03, 0x00, 0x00, 0x00, 0xC0, 0x47, 0x00, 0x00, 0x00, 0x00, 0x00, 0x00, 0x00, 0x00, 0x00, 0x00,
    0xFF, 0xFF, 0x00, 0x00, 0x30, 0x75, 0x00, 0x00, 0x00, 0x00, 0x00, 0x00, 0x00, 0x00, 0x00, 0x00,
    0x03, 0x00, 0x00, 0x00, 0xAC, 0x47, 0x00, 0x00, 0x00, 0x00, 0x00, 0x00, 0x00, 0x00, 0x00, 0x00,
    0xFF, 0xFF, 0x00, 0x00, 0x30, 0x75, 0x00, 0x00, 0x00, 0x00, 0x00, 0x00, 0x00, 0x00, 0x00, 0x00,
    0x04, 0x00, 0x00, 0x00, 0x98, 0x47, 0x00, 0x00, 0x01, 0x00, 0x00, 0x00, 0xA0, 0x47, 0x00, 0x00,
    0xFF, 0xFF, 0x00, 0x00, 0x33, 0x75, 0x00, 0x00, 0x00, 0x00, 0x00, 0x00, 0x00, 0x00, 0x00, 0x00,
    0x03, 0x00, 0x00, 0x00, 0x8C, 0x47, 0x00, 0x00, 0x00, 0x00, 0x00, 0x00, 0x00, 0x00, 0x00, 0x00,
    0xFF, 0xFF, 0x00, 0x00, 0x30, 0x75, 0x00, 0x00, 0x00, 0x00, 0x00, 0x00, 0x00, 0x00, 0x00, 0x00,
    0x04, 0x00, 0x00, 0x00, 0x78, 0x47, 0x00, 0x00, 0x00, 0x00, 0x00, 0x00, 0x00, 0x00, 0x00, 0x00,
    0xFF, 0xFF, 0x00, 0x00, 0x30, 0x75, 0x00, 0x00, 0x00, 0x00, 0x00, 0x00, 0x00, 0x00, 0x00, 0x00,
    0x04, 0x00, 0x00, 0x00, 0x68, 0x47, 0x00, 0x00, 0x01, 0x00, 0x00, 0x00, 0x70, 0x47, 0x00, 0x00,
    0xFF, 0xFF, 0x00, 0x00, 0x33, 0x75, 0x00, 0x00, 0x00, 0x00, 0x00, 0x00, 0x00, 0x00, 0x00, 0x00,
    0x03, 0x00, 0x00, 0x00, 0x5C, 0x47, 0x00, 0x00, 0x00, 0x00, 0x00, 0x00, 0x00, 0x00, 0x00, 0x00,
    0xFF, 0xFF, 0x00, 0x00, 0x30, 0x75, 0x00, 0x00, 0x00, 0x00, 0x00, 0x00, 0x00, 0x00, 0x00, 0x00,
    0x04, 0x00, 0x00, 0x00, 0x48, 0x47, 0x00, 0x00, 0x00, 0x00, 0x00, 0x00, 0x00, 0x00, 0x00, 0x00,
    0xFF, 0xFF, 0x00, 0x00, 0x30, 0x75, 0x00, 0x00, 0x00, 0x00, 0x00, 0x00, 0x00, 0x00, 0x00, 0x00,
    0x04, 0x00, 0x00, 0x00, 0x38, 0x47, 0x00, 0x00, 0x01, 0x00, 0x00, 0x00, 0x40, 0x47, 0x00, 0x00,
    0xFF, 0xFF, 0x00, 0x00, 0x33, 0x75, 0x00, 0x00, 0x00, 0x00, 0x00, 0x00, 0x00, 0x00, 0x00, 0x00,
    0x03, 0x00, 0x00, 0x00, 0x2C, 0x47, 0x00, 0x00, 0x00, 0x00, 0x00, 0x00, 0x00, 0x00, 0x00, 0x00,
    0xFF, 0xFF, 0x00, 0x00, 0x30, 0x75, 0x00, 0x00, 0x00, 0x00, 0x00, 0x00, 0x00, 0x00, 0x00, 0x00,
    0x04, 0x00, 0x00, 0x00, 0x18, 0x47, 0x00, 0x00, 0x00, 0x00, 0x00, 0x00, 0x00, 0x00, 0x00, 0x00,
    0xFF, 0xFF, 0x00, 0x00, 0x30, 0x75, 0x00, 0x00, 0x00, 0x00, 0x00, 0x00, 0x00, 0x00, 0x00, 0x00,
    0x04, 0x00, 0x00, 0x00, 0x08, 0x47, 0x00, 0x00, 0x01, 0x00, 0x00, 0x00, 0x10, 0x47, 0x00, 0x00,
    0xFF, 0xFF, 0x00, 0x00, 0x33, 0x75, 0x00, 0x00, 0x00, 0x00, 0x00, 0x00, 0x00, 0x00, 0x00, 0x00,
    0x03, 0x00, 0x00, 0x00, 0xFC, 0x46, 0x00, 0x00, 0x00, 0x00, 0x00, 0x00, 0x00, 0x00, 0x00, 0x00,
    0xFF, 0xFF, 0x00, 0x00, 0x30, 0x75, 0x00, 0x00, 0x00, 0x00, 0x00, 0x00, 0x00, 0x00, 0x00, 0x00,
    0x04, 0x00, 0x00, 0x00, 0xE8, 0x46, 0x00, 0x00, 0x00, 0x00, 0x00, 0x00, 0x00, 0x00, 0x00, 0x00,
    0xFF, 0xFF, 0x00, 0x00, 0x30, 0x75, 0x00, 0x00, 0x00, 0x00, 0x00, 0x00, 0x00, 0x00, 0x00, 0x00,
    0x04, 0x00, 0x00, 0x00, 0xD8, 0x46, 0x00, 0x00, 0x01, 0x00, 0x00, 0x00, 0xE0, 0x46, 0x00, 0x00,
    0xFF, 0xFF, 0x00, 0x00, 0x33, 0x75, 0x00, 0x00, 0x00, 0x00, 0x00, 0x00, 0x00, 0x00, 0x00, 0x00,
    0x03, 0x00, 0x00, 0x00, 0xCC, 0x46, 0x00, 0x00, 0x00, 0x00, 0x00, 0x00, 0x00, 0x00, 0x00, 0x00,
    0xFF, 0xFF, 0x00, 0x00, 0x30, 0x75, 0x00, 0x00, 0x00, 0x00, 0x00, 0x00, 0x00, 0x00, 0x00, 0x00,
    0x04, 0x00, 0x00, 0x00, 0xB8, 0x46, 0x00, 0x00, 0x00, 0x00, 0x00, 0x00, 0x00, 0x00, 0x00, 0x00,
    0xFF, 0xFF, 0x00, 0x00, 0x30, 0x75, 0x00, 0x00, 0x00, 0x00, 0x00, 0x00, 0x00, 0x00, 0x00, 0x00,
    0x04, 0x00, 0x00, 0x00, 0xA8, 0x46, 0x00, 0x00, 0x01, 0x00, 0x00, 0x00, 0xB0, 0x46, 0x00, 0x00,
    0xFF, 0xFF, 0x00, 0x00, 0x33, 0x75, 0x00, 0x00, 0x00, 0x00, 0x00, 0x00, 0x00, 0x00, 0x00, 0x00,
    0x03, 0x00, 0x00, 0x00, 0x9C, 0x46, 0x00, 0x00, 0x00, 0x00, 0x00, 0x00, 0x00, 0x00, 0x00, 0x00,
    0xFF, 0xFF, 0x00, 0x00, 0x30, 0x75, 0x00, 0x00, 0x00, 0x00, 0x00, 0x00, 0x00, 0x00, 0x00, 0x00,
    0x04, 0x00, 0x00, 0x00, 0x88, 0x46, 0x00, 0x00, 0x00, 0x00, 0x00, 0x00, 0x00, 0x00, 0x00, 0x00,
    0xFF, 0xFF, 0x00, 0x00, 0x30, 0x75, 0x00, 0x00, 0x00, 0x00, 0x00, 0x00, 0x00, 0x00, 0x00, 0x00,
    0x04, 0x00, 0x00, 0x00, 0x78, 0x46, 0x00, 0x00, 0x01, 0x00, 0x00, 0x00, 0x80, 0x46, 0x00, 0x00,
    0xFF, 0xFF, 0x00, 0x00, 0x33, 0x75, 0x00, 0x00, 0x00, 0x00, 0x00, 0x00, 0x00, 0x00, 0x00, 0x00,
    0x03, 0x00, 0x00, 0x00, 0x6C, 0x46, 0x00, 0x00, 0x00, 0x00, 0x00, 0x00, 0x00, 0x00, 0x00, 0x00,
    0xFF, 0xFF, 0x00, 0x00, 0x30, 0x75, 0x00, 0x00, 0x00, 0x00, 0x00, 0x00, 0x00, 0x00, 0x00, 0x00,
    0x04, 0x00, 0x00, 0x00, 0x58, 0x46, 0x00, 0x00, 0x00, 0x00, 0x00, 0x00, 0x00, 0x00, 0x00, 0x00,
    0xFF, 0xFF, 0x00, 0x00, 0x30, 0x75, 0x00, 0x00, 0x00, 0x00, 0x00, 0x00, 0x00, 0x00, 0x00, 0x00,
    0x04, 0x00, 0x00, 0x00, 0x48, 0x46, 0x00, 0x00, 0x01, 0x00, 0x00, 0x00, 0x50, 0x46, 0x00, 0x00,
    0xFF, 0xFF, 0x00, 0x00, 0x33, 0x75, 0x00, 0x00, 0x00, 0x00, 0x00, 0x00, 0x00, 0x00, 0x00, 0x00,
    0x03, 0x00, 0x00, 0x00, 0x3C, 0x46, 0x00, 0x00, 0x00, 0x00, 0x00, 0x00, 0x00, 0x00, 0x00, 0x00,
    0xFF, 0xFF, 0x00, 0x00, 0x30, 0x75, 0x00, 0x00, 0x00, 0x00, 0x00, 0x00, 0x00, 0x00, 0x00, 0x00,
    0x04, 0x00, 0x00, 0x00, 0x28, 0x46, 0x00, 0x00, 0x00, 0x00, 0x00, 0x00, 0x00, 0x00, 0x00, 0x00,
    0xFF, 0xFF, 0x00, 0x00, 0x30, 0x75, 0x00, 0x00, 0x00, 0x00, 0x00, 0x00, 0x00, 0x00, 0x00, 0x00,
    0x04, 0x00, 0x00, 0x00, 0x18, 0x46, 0x00, 0x00, 0x01, 0x00, 0x00, 0x00, 0x20, 0x46, 0x00, 0x00,
    0xFF, 0xFF, 0x00, 0x00, 0x33, 0x75, 0x00, 0x00, 0x00, 0x00, 0x00, 0x00, 0x00, 0x00, 0x00, 0x00,
    0x03, 0x00, 0x00, 0x00, 0x0C, 0x46, 0x00, 0x00, 0x00, 0x00, 0x00, 0x00, 0x00, 0x00, 0x00, 0x00,
    0xFF, 0xFF, 0x00, 0x00, 0x30, 0x75, 0x00, 0x00, 0x00, 0x00, 0x00, 0x00, 0x00, 0x00, 0x00, 0x00,
    0x04, 0x00, 0x00, 0x00, 0xF8, 0x45, 0x00, 0x00, 0x00, 0x00, 0x00, 0x00, 0x00, 0x00, 0x00, 0x00,
    0xFF, 0xFF, 0x00, 0x00, 0x30, 0x75, 0x00, 0x00, 0x00, 0x00, 0x00, 0x00, 0x00, 0x00, 0x00, 0x00,
    0x04, 0x00, 0x00, 0x00, 0xE8, 0x45, 0x00, 0x00, 0x01, 0x00, 0x00, 0x00, 0xF0, 0x45, 0x00, 0x00,
    0xFF, 0xFF, 0x00, 0x00, 0x33, 0x75, 0x00, 0x00, 0x00, 0x00, 0x00, 0x00, 0x00, 0x00, 0x00, 0x00,
    0x03, 0x00, 0x00, 0x00, 0xDC, 0x45, 0x00, 0x00, 0x00, 0x00, 0x00, 0x00, 0x00, 0x00, 0x00, 0x00,
    0xFF, 0xFF, 0x00, 0x00, 0x30, 0x75, 0x00, 0x00, 0x00, 0x00, 0x00, 0x00, 0x00, 0x00, 0x00, 0x00,
    0x04, 0x00, 0x00, 0x00, 0xC8, 0x45, 0x00, 0x00, 0x00, 0x00, 0x00, 0x00, 0x00, 0x00, 0x00, 0x00,
    0xFF, 0xFF, 0x00, 0x00, 0x30, 0x75, 0x00, 0x00, 0x00, 0x00, 0x00, 0x00, 0x00, 0x00, 0x00, 0x00,
    0x04, 0x00, 0x00, 0x00, 0xB8, 0x45, 0x00, 0x00, 0x01, 0x00, 0x00, 0x00, 0xC0, 0x45, 0x00, 0x00,
    0xFF, 0xFF, 0x00, 0x00, 0x33, 0x75, 0x00, 0x00, 0x00, 0x00, 0x00, 0x00, 0x00, 0x00, 0x00, 0x00,
    0x03, 0x00, 0x00, 0x00, 0xAC, 0x45, 0x00, 0x00, 0x00, 0x00, 0x00, 0x00, 0x00, 0x00, 0x00, 0x00,
    0xFF, 0xFF, 0x00, 0x00, 0x30, 0x75, 0x00, 0x00, 0x00, 0x00, 0x00, 0x00, 0x00, 0x00, 0x00, 0x00,
    0x04, 0x00, 0x00, 0x00, 0x98, 0x45, 0x00, 0x00, 0x01, 0x00, 0x00, 0x00, 0xA0, 0x45, 0x00, 0x00,
    0xFF, 0xFF, 0x00, 0x00, 0x30, 0x75, 0x00, 0x00, 0x00, 0x00, 0x00, 0x00, 0x00, 0x00, 0x00, 0x00,
    0x04, 0x00, 0x00, 0x00, 0x8C, 0x45, 0x00, 0x00, 0x00, 0x00, 0x00, 0x00, 0x00, 0x00, 0x00, 0x00,
    0xFF, 0xFF, 0x00, 0x00, 0x33, 0x75, 0x00, 0x00, 0x00, 0x00, 0x00, 0x00, 0x00, 0x00, 0x00, 0x00,
    0x03, 0x00, 0x00, 0x00, 0x7C, 0x45, 0x00, 0x00, 0x00, 0x00, 0x00, 0x00, 0x00, 0x00, 0x00, 0x00,
    0xFF, 0xFF, 0x00, 0x00, 0x30, 0x75, 0x00, 0x00, 0x00, 0x00, 0x00, 0x00, 0x00, 0x00, 0x00, 0x00,
    0x04, 0x00, 0x00, 0x00, 0x68, 0x45, 0x00, 0x00, 0x00, 0x00, 0x00, 0x00, 0x00, 0x00, 0x00, 0x00,
    0xFF, 0xFF, 0x00, 0x00, 0x30, 0x75, 0x00, 0x00, 0x00, 0x00, 0x00, 0x00, 0x00, 0x00, 0x00, 0x00,
    0x04, 0x00, 0x00, 0x00, 0x58, 0x45, 0x00, 0x00, 0x01, 0x00, 0x00, 0x00, 0x60, 0x45, 0x00, 0x00,
    0xFF, 0xFF, 0x00, 0x00, 0x33, 0x75, 0x00, 0x00, 0x00, 0x00, 0x00, 0x00, 0x00, 0x00, 0x00, 0x00,
    0x03, 0x00, 0x00, 0x00, 0x4C, 0x45, 0x00, 0x00, 0x00, 0x00, 0x00, 0x00, 0x00, 0x00, 0x00, 0x00,
    0xFF, 0xFF, 0x00, 0x00, 0x30, 0x75, 0x00, 0x00, 0x00, 0x00, 0x00, 0x00, 0x00, 0x00, 0x00, 0x00,
    0x04, 0x00, 0x00, 0x00, 0x38, 0x45, 0x00, 0x00, 0x00, 0x00, 0x00, 0x00, 0x00, 0x00, 0x00, 0x00,
    0xFF, 0xFF, 0x00, 0x00, 0x30, 0x75, 0x00, 0x00, 0x00, 0x00, 0x00, 0x00, 0x00, 0x00, 0x00, 0x00,
    0x04, 0x00, 0x00, 0x00, 0x28, 0x45, 0x00, 0x00, 0x01, 0x00, 0x00, 0x00, 0x30, 0x45, 0x00, 0x00,
    0xFF, 0xFF, 0x00, 0x00, 0x33, 0x75, 0x00, 0x00, 0x00, 0x00, 0x00, 0x00, 0x00, 0x00, 0x00, 0x00,
    0x03, 0x00, 0x00, 0x00, 0x1C, 0x45, 0x00, 0x00, 0x00, 0x00, 0x00, 0x00, 0x00, 0x00, 0x00, 0x00,
    0xFF, 0xFF, 0x00, 0x00, 0x30, 0x75, 0x00, 0x00, 0x00, 0x00, 0x00, 0x00, 0x00, 0x00, 0x00, 0x00,
    0x04, 0x00, 0x00, 0x00, 0x08, 0x45, 0x00, 0x00, 0x00, 0x00, 0x00, 0x00, 0x00, 0x00, 0x00, 0x00,
    0xFF, 0xFF, 0x00, 0x00, 0x30, 0x75, 0x00, 0x00, 0x00, 0x00, 0x00, 0x00, 0x00, 0x00, 0x00, 0x00,
    0x04, 0x00, 0x00, 0x00, 0xF8, 0x44, 0x00, 0x00, 0x01, 0x00, 0x00, 0x00, 0x00, 0x45, 0x00, 0x00,
    0xFF, 0xFF, 0x00, 0x00, 0x33, 0x75, 0x00, 0x00, 0x00, 0x00, 0x00, 0x00, 0x00, 0x00, 0x00, 0x00,
    0x03, 0x00, 0x00, 0x00, 0xEC, 0x44, 0x00, 0x00, 0x00, 0x00, 0x00, 0x00, 0x00, 0x00, 0x00, 0x00,
    0xFF, 0xFF, 0x00, 0x00, 0x30, 0x75, 0x00, 0x00, 0x00, 0x00, 0x00, 0x00, 0x00, 0x00, 0x00, 0x00,
    0x04, 0x00, 0x00, 0x00, 0xD8, 0x44, 0x00, 0x00, 0x00, 0x00, 0x00, 0x00, 0x00, 0x00, 0x00, 0x00,
    0xFF, 0xFF, 0x00, 0x00, 0x30, 0x75, 0x00, 0x00, 0x00, 0x00, 0x00, 0x00, 0x00, 0x00, 0x00, 0x00,
    0x04, 0x00, 0x00, 0x00, 0xC8, 0x44, 0x00, 0x00, 0x01, 0x00, 0x00, 0x00, 0xD0, 0x44, 0x00, 0x00,
    0xFF, 0xFF, 0x00, 0x00, 0x33, 0x75, 0x00, 0x00, 0x00, 0x00, 0x00, 0x00, 0x00, 0x00, 0x00, 0x00,
    0x03, 0x00, 0x00, 0x00, 0xBC, 0x44, 0x00, 0x00, 0x00, 0x00, 0x00, 0x00, 0x00, 0x00, 0x00, 0x00,
    0xFF, 0xFF, 0x00, 0x00, 0x30, 0x75, 0x00, 0x00, 0x00, 0x00, 0x00, 0x00, 0x00, 0x00, 0x00, 0x00,
    0x04, 0x00, 0x00, 0x00, 0xA8, 0x44, 0x00, 0x00, 0x00, 0x00, 0x00, 0x00, 0x00, 0x00, 0x00, 0x00,
    0xFF, 0xFF, 0x00, 0x00, 0x30, 0x75, 0x00, 0x00, 0x00, 0x00, 0x00, 0x00, 0x00, 0x00, 0x00, 0x00,
    0x04, 0x00, 0x00, 0x00, 0x98, 0x44, 0x00, 0x00, 0x01, 0x00, 0x00, 0x00, 0xA0, 0x44, 0x00, 0x00,
    0xFF, 0xFF, 0x00, 0x00, 0x33, 0x75, 0x00, 0x00, 0x00, 0x00, 0x00, 0x00, 0x00, 0x00, 0x00, 0x00,
    0x03, 0x00, 0x00, 0x00, 0x8C, 0x44, 0x00, 0x00, 0x00, 0x00, 0x00, 0x00, 0x00, 0x00, 0x00, 0x00,
    0xFF, 0xFF, 0x00, 0x00, 0x30, 0x75, 0x00, 0x00, 0x00, 0x00, 0x00, 0x00, 0x00, 0x00, 0x00, 0x00,
    0x04, 0x00, 0x00, 0x00, 0x78, 0x44, 0x00, 0x00, 0x00, 0x00, 0x00, 0x00, 0x00, 0x00, 0x00, 0x00,
    0xFF, 0xFF, 0x00, 0x00, 0x30, 0x75, 0x00, 0x00, 0x00, 0x00, 0x00, 0x00, 0x00, 0x00, 0x00, 0x00,
    0x04, 0x00, 0x00, 0x00, 0x68, 0x44, 0x00, 0x00, 0x01, 0x00, 0x00, 0x00, 0x70, 0x44, 0x00, 0x00,
    0xFF, 0xFF, 0x00, 0x00, 0x33, 0x75, 0x00, 0x00, 0x00, 0x00, 0x00, 0x00, 0x00, 0x00, 0x00, 0x00,
    0x03, 0x00, 0x00, 0x00, 0x5C, 0x44, 0x00, 0x00, 0x00, 0x00, 0x00, 0x00, 0x00, 0x00, 0x00, 0x00,
    0xFF, 0xFF, 0x00, 0x00, 0x30, 0x75, 0x00, 0x00, 0x00, 0x00, 0x00, 0x00, 0x00, 0x00, 0x00, 0x00,
    0x04, 0x00, 0x00, 0x00, 0x48, 0x44, 0x00, 0x00, 0x00, 0x00, 0x00, 0x00, 0x00, 0x00, 0x00, 0x00,
    0xFF, 0xFF, 0x00, 0x00, 0x30, 0x75, 0x00, 0x00, 0x00, 0x00, 0x00, 0x00, 0x00, 0x00, 0x00, 0x00,
    0x04, 0x00, 0x00, 0x00, 0x38, 0x44, 0x00, 0x00, 0x01, 0x00, 0x00, 0x00, 0x40, 0x44, 0x00, 0x00,
    0xFF, 0xFF, 0x00, 0x00, 0x33, 0x75, 0x00, 0x00, 0x00, 0x00, 0x00, 0x00, 0x00, 0x00, 0x00, 0x00,
    0x03, 0x00, 0x00, 0x00, 0x2C, 0x44, 0x00, 0x00, 0x00, 0x00, 0x00, 0x00, 0x00, 0x00, 0x00, 0x00,
    0xFF, 0xFF, 0x00, 0x00, 0x30, 0x75, 0x00, 0x00, 0x00, 0x00, 0x00, 0x00, 0x00, 0x00, 0x00, 0x00,
    0x04, 0x00, 0x00, 0x00, 0x18, 0x44, 0x00, 0x00, 0x00, 0x00, 0x00, 0x00, 0x00, 0x00, 0x00, 0x00,
    0xFF, 0xFF, 0x00, 0x00, 0x30, 0x75, 0x00, 0x00, 0x00, 0x00, 0x00, 0x00, 0x00, 0x00, 0x00, 0x00,
    0x04, 0x00, 0x00, 0x00, 0x08, 0x44, 0x00, 0x00, 0x01, 0x00, 0x00, 0x00, 0x10, 0x44, 0x00, 0x00,
    0xFF, 0xFF, 0x00, 0x00, 0x33, 0x75, 0x00, 0x00, 0x00, 0x00, 0x00, 0x00, 0x00, 0x00, 0x00, 0x00,
    0x03, 0x00, 0x00, 0x00, 0xFC, 0x43, 0x00, 0x00, 0x00, 0x00, 0x00, 0x00, 0x00, 0x00, 0x00, 0x00,
    0xFF, 0xFF, 0x00, 0x00, 0x30, 0x75, 0x00, 0x00, 0x00, 0x00, 0x00, 0x00, 0x00, 0x00, 0x00, 0x00,
    0x04, 0x00, 0x00, 0x00, 0xE8, 0x43, 0x00, 0x00, 0x00, 0x00, 0x00, 0x00, 0x00, 0x00, 0x00, 0x00,
    0xFF, 0xFF, 0x00, 0x00, 0x30, 0x75, 0x00, 0x00, 0x00, 0x00, 0x00, 0x00, 0x00, 0x00, 0x00, 0x00,
    0x04, 0x00, 0x00, 0x00, 0xD8, 0x43, 0x00, 0x00, 0x01, 0x00, 0x00, 0x00, 0xE0, 0x43, 0x00, 0x00,
    0xFF, 0xFF, 0x00, 0x00, 0x33, 0x75, 0x00, 0x00, 0x00, 0x00, 0x00, 0x00, 0x00, 0x00, 0x00, 0x00,
    0x03, 0x00, 0x00, 0x00, 0xCC, 0x43, 0x00, 0x00, 0x00, 0x00, 0x00, 0x00, 0x00, 0x00, 0x00, 0x00,
    0xFF, 0xFF, 0x00, 0x00, 0x30, 0x75, 0x00, 0x00, 0x00, 0x00, 0x00, 0x00, 0x00, 0x00, 0x00, 0x00,
    0x04, 0x00, 0x00, 0x00, 0xB8, 0x43, 0x00, 0x00, 0x00, 0x00, 0x00, 0x00, 0x00, 0x00, 0x00, 0x00,
    0xFF, 0xFF, 0x00, 0x00, 0x30, 0x75, 0x00, 0x00, 0x00, 0x00, 0x00, 0x00, 0x00, 0x00, 0x00, 0x00,
    0x04, 0x00, 0x00, 0x00, 0xA8, 0x43, 0x00, 0x00, 0x01, 0x00, 0x00, 0x00, 0xB0, 0x43, 0x00, 0x00,
    0xFF, 0xFF, 0x00, 0x00, 0x33, 0x75, 0x00, 0x00, 0x00, 0x00, 0x00, 0x00, 0x00, 0x00, 0x00, 0x00,
    0x03, 0x00, 0x00, 0x00, 0x9C, 0x43, 0x00, 0x00, 0x00, 0x00, 0x00, 0x00, 0x00, 0x00, 0x00, 0x00,
    0xFF, 0xFF, 0x00, 0x00, 0x30, 0x75, 0x00, 0x00, 0x00, 0x00, 0x00, 0x00, 0x00, 0x00, 0x00, 0x00,
    0x04, 0x00, 0x00, 0x00, 0x88, 0x43, 0x00, 0x00, 0x00, 0x00, 0x00, 0x00, 0x00, 0x00, 0x00, 0x00,
    0xFF, 0xFF, 0x00, 0x00, 0x30, 0x75, 0x00, 0x00, 0x00, 0x00, 0x00, 0x00, 0x00, 0x00, 0x00, 0x00,
    0x04, 0x00, 0x00, 0x00, 0x78, 0x43, 0x00, 0x00, 0x01, 0x00, 0x00, 0x00, 0x80, 0x43, 0x00, 0x00,
    0xFF, 0xFF, 0x00, 0x00, 0x33, 0x75, 0x00, 0x00, 0x00, 0x00, 0x00, 0x00, 0x00, 0x00, 0x00, 0x00,
    0x03, 0x00, 0x00, 0x00, 0x6C, 0x43, 0x00, 0x00, 0x00, 0x00, 0x00, 0x00, 0x00, 0x00, 0x00, 0x00,
    0xFF, 0xFF, 0x00, 0x00, 0x30, 0x75, 0x00, 0x00, 0x00, 0x00, 0x00, 0x00, 0x00, 0x00, 0x00, 0x00,
    0x04, 0x00, 0x00, 0x00, 0x58, 0x43, 0x00, 0x00, 0x01, 0x00, 0x00, 0x00, 0x60, 0x43, 0x00, 0x00,
    0xFF, 0xFF, 0x00, 0x00, 0x30, 0x75, 0x00, 0x00, 0x00, 0x00, 0x00, 0x00, 0x00, 0x00, 0x00, 0x00,
    0x04, 0x00, 0x00, 0x00, 0x4C, 0x43, 0x00, 0x00, 0x00, 0x00, 0x00, 0x00, 0x00, 0x00, 0x00, 0x00,
    0xFF, 0xFF, 0x00, 0x00, 0x33, 0x75, 0x00, 0x00, 0x00, 0x00, 0x00, 0x00, 0x00, 0x00, 0x00, 0x00,
    0x03, 0x00, 0x00, 0x00, 0x3C, 0x43, 0x00, 0x00, 0x00, 0x00, 0x00, 0x00, 0x00, 0x00, 0x00, 0x00,
    0xFF, 0xFF, 0x00, 0x00, 0x30, 0x75, 0x00, 0x00, 0x00, 0x00, 0x00, 0x00, 0x00, 0x00, 0x00, 0x00,
    0x04, 0x00, 0x00, 0x00, 0x28, 0x43, 0x00, 0x00, 0x00, 0x00, 0x00, 0x00, 0x00, 0x00, 0x00, 0x00,
    0xFF, 0xFF, 0x00, 0x00, 0x30, 0x75, 0x00, 0x00, 0x00, 0x00, 0x00, 0x00, 0x00, 0x00, 0x00, 0x00,
    0x04, 0x00, 0x00, 0x00, 0x18, 0x43, 0x00, 0x00, 0x01, 0x00, 0x00, 0x00, 0x20, 0x43, 0x00, 0x00,
    0xFF, 0xFF, 0x00, 0x00, 0x33, 0x75, 0x00, 0x00, 0x00, 0x00, 0x00, 0x00, 0x00, 0x00, 0x00, 0x00,
    0x03, 0x00, 0x00, 0x00, 0x0C, 0x43, 0x00, 0x00, 0x00, 0x00, 0x00, 0x00, 0x00, 0x00, 0x00, 0x00,
    0xFF, 0xFF, 0x00, 0x00, 0x30, 0x75, 0x00, 0x00, 0x00, 0x00, 0x00, 0x00, 0x00, 0x00, 0x00, 0x00,
    0x04, 0x00, 0x00, 0x00, 0xF8, 0x42, 0x00, 0x00, 0x00, 0x00, 0x00, 0x00, 0x00, 0x00, 0x00, 0x00,
    0xFF, 0xFF, 0x00, 0x00, 0x30, 0x75, 0x00, 0x00, 0x00, 0x00, 0x00, 0x00, 0x00, 0x00, 0x00, 0x00,
    0x04, 0x00, 0x00, 0x00, 0xE8, 0x42, 0x00, 0x00, 0x01, 0x00, 0x00, 0x00, 0xF0, 0x42, 0x00, 0x00,
    0xFF, 0xFF, 0x00, 0x00, 0x33, 0x75, 0x00, 0x00, 0x00, 0x00, 0x00, 0x00, 0x00, 0x00, 0x00, 0x00,
    0x03, 0x00, 0x00, 0x00, 0xDC, 0x42, 0x00, 0x00, 0x00, 0x00, 0x00, 0x00, 0x00, 0x00, 0x00, 0x00,
    0xFF, 0xFF, 0x00, 0x00, 0x30, 0x75, 0x00, 0x00, 0x00, 0x00, 0x00, 0x00, 0x00, 0x00, 0x00, 0x00,
    0x04, 0x00, 0x00, 0x00, 0xC8, 0x42, 0x00, 0x00, 0x00, 0x00, 0x00, 0x00, 0x00, 0x00, 0x00, 0x00,
    0xFF, 0xFF, 0x00, 0x00, 0x30, 0x75, 0x00, 0x00, 0x00, 0x00, 0x00, 0x00, 0x00, 0x00, 0x00, 0x00,
    0x04, 0x00, 0x00, 0x00, 0xB8, 0x42, 0x00, 0x00, 0x01, 0x00, 0x00, 0x00, 0xC0, 0x42, 0x00, 0x00,
    0xFF, 0xFF, 0x00, 0x00, 0x33, 0x75, 0x00, 0x00, 0x00, 0x00, 0x00, 0x00, 0x00, 0x00, 0x00, 0x00,
    0x03, 0x00, 0x00, 0x00, 0xAC, 0x42, 0x00, 0x00, 0x00, 0x00, 0x00, 0x00, 0x00, 0x00, 0x00, 0x00,
    0xFF, 0xFF, 0x00, 0x00, 0x30, 0x75, 0x00, 0x00, 0x00, 0x00, 0x00, 0x00, 0x00, 0x00, 0x00, 0x00,
    0x04, 0x00, 0x00, 0x00, 0x98, 0x42, 0x00, 0x00, 0x00, 0x00, 0x00, 0x00, 0x00, 0x00, 0x00, 0x00,
    0xFF, 0xFF, 0x00, 0x00, 0x30, 0x75, 0x00, 0x00, 0x00, 0x00, 0x00, 0x00, 0x00, 0x00, 0x00, 0x00,
    0x04, 0x00, 0x00, 0x00, 0x88, 0x42, 0x00, 0x00, 0x01, 0x00, 0x00, 0x00, 0x90, 0x42, 0x00, 0x00,
    0xFF, 0xFF, 0x00, 0x00, 0x33, 0x75, 0x00, 0x00, 0x00, 0x00, 0x00, 0x00, 0x00, 0x00, 0x00, 0x00,
    0x03, 0x00, 0x00, 0x00, 0x7C, 0x42, 0x00, 0x00, 0x00, 0x00, 0x00, 0x00, 0x00, 0x00, 0x00, 0x00,
    0xFF, 0xFF, 0x00, 0x00, 0x30, 0x75, 0x00, 0x00, 0x00, 0x00, 0x00, 0x00, 0x00, 0x00, 0x00, 0x00,
    0x04, 0x00, 0x00, 0x00, 0x68, 0x42, 0x00, 0x00, 0x00, 0x00, 0x00, 0x00, 0x00, 0x00, 0x00, 0x00,
    0xFF, 0xFF, 0x00, 0x00, 0x33, 0x75, 0x00, 0x00, 0x00, 0x00, 0x00, 0x00, 0x00, 0x00, 0x00, 0x00,
    0x03, 0x00, 0x00, 0x00, 0x58, 0x42, 0x00, 0x00, 0x00, 0x00, 0x00, 0x00, 0x00, 0x00, 0x00, 0x00,
    0xFF, 0xFF, 0x00, 0x00, 0x30, 0x75, 0x00, 0x00, 0x00, 0x00, 0x00, 0x00, 0x00, 0x00, 0x00, 0x00,
    0x03, 0x00, 0x00, 0x00, 0x44, 0x42, 0x00, 0x00, 0x00, 0x00, 0x00, 0x00, 0x00, 0x00, 0x00, 0x00,
    0xFF, 0xFF, 0x00, 0x00, 0x30, 0x75, 0x00, 0x00, 0x00, 0x00, 0x00, 0x00, 0x00, 0x00, 0x00, 0x00,
    0x04, 0x00, 0x00, 0x00, 0x30, 0x42, 0x00, 0x00, 0x01, 0x00, 0x00, 0x00, 0x38, 0x42, 0x00, 0x00,
    0xFF, 0xFF, 0x00, 0x00, 0x33, 0x75, 0x00, 0x00, 0x00, 0x00, 0x00, 0x00, 0x00, 0x00, 0x00, 0x00,
    0x03, 0x00, 0x00, 0x00, 0x24, 0x42, 0x00, 0x00, 0x00, 0x00, 0x00, 0x00, 0x00, 0x00, 0x00, 0x00,
    0xFF, 0xFF, 0x00, 0x00, 0x30, 0x75, 0x00, 0x00, 0x00, 0x00, 0x00, 0x00, 0x00, 0x00, 0x00, 0x00,
    0x04, 0x00, 0x00, 0x00, 0x10, 0x42, 0x00, 0x00, 0x00, 0x00, 0x00, 0x00, 0x00, 0x00, 0x00, 0x00,
    0xFF, 0xFF, 0x00, 0x00, 0x30, 0x75, 0x00, 0x00, 0x00, 0x00, 0x00, 0x00, 0x00, 0x00, 0x00, 0x00,
    0x04, 0x00, 0x00, 0x00, 0x00, 0x42, 0x00, 0x00, 0x01, 0x00, 0x00, 0x00, 0x08, 0x42, 0x00, 0x00,
    0xFF, 0xFF, 0x00, 0x00, 0x33, 0x75, 0x00, 0x00, 0x00, 0x00, 0x00, 0x00, 0x00, 0x00, 0x00, 0x00,
    0x03, 0x00, 0x00, 0x00, 0xF4, 0x41, 0x00, 0x00, 0x00, 0x00, 0x00, 0x00, 0x00, 0x00, 0x00, 0x00,
    0xFF, 0xFF, 0x00, 0x00, 0x30, 0x75, 0x00, 0x00, 0x00, 0x00, 0x00, 0x00, 0x00, 0x00, 0x00, 0x00,
    0x04, 0x00, 0x00, 0x00, 0xE0, 0x41, 0x00, 0x00, 0x00, 0x00, 0x00, 0x00, 0x00, 0x00, 0x00, 0x00,
    0xFF, 0xFF, 0x00, 0x00, 0x30, 0x75, 0x00, 0x00, 0x00, 0x00, 0x00, 0x00, 0x00, 0x00, 0x00, 0x00,
    0x04, 0x00, 0x00, 0x00, 0xD0, 0x41, 0x00, 0x00, 0x01, 0x00, 0x00, 0x00, 0xD8, 0x41, 0x00, 0x00,
    0xFF, 0xFF, 0x00, 0x00, 0x33, 0x75, 0x00, 0x00, 0x00, 0x00, 0x00, 0x00, 0x00, 0x00, 0x00, 0x00,
    0x03, 0x00, 0x00, 0x00, 0xC4, 0x41, 0x00, 0x00, 0x00, 0x00, 0x00, 0x00, 0x00, 0x00, 0x00, 0x00,
    0xFF, 0xFF, 0x00, 0x00, 0x30, 0x75, 0x00, 0x00, 0x00, 0x00, 0x00, 0x00, 0x00, 0x00, 0x00, 0x00,
    0x04, 0x00, 0x00, 0x00, 0xB0, 0x41, 0x00, 0x00, 0x00, 0x00, 0x00, 0x00, 0x00, 0x00, 0x00, 0x00,
    0xFF, 0xFF, 0x00, 0x00, 0x30, 0x75, 0x00, 0x00, 0x00, 0x00, 0x00, 0x00, 0x00, 0x00, 0x00, 0x00,
    0x04, 0x00, 0x00, 0x00, 0xA0, 0x41, 0x00, 0x00, 0x01, 0x00, 0x00, 0x00, 0xA8, 0x41, 0x00, 0x00,
    0xFF, 0xFF, 0x00, 0x00, 0x33, 0x75, 0x00, 0x00, 0x00, 0x00, 0x00, 0x00, 0x00, 0x00, 0x00, 0x00,
    0x03, 0x00, 0x00, 0x00, 0x94, 0x41, 0x00, 0x00, 0x00, 0x00, 0x00, 0x00, 0x00, 0x00, 0x00, 0x00,
    0xFF, 0xFF, 0x00, 0x00, 0x30, 0x75, 0x00, 0x00, 0x00, 0x00, 0x00, 0x00, 0x00, 0x00, 0x00, 0x00,
    0x04, 0x00, 0x00, 0x00, 0x80, 0x41, 0x00, 0x00, 0x00, 0x00, 0x00, 0x00, 0x00, 0x00, 0x00, 0x00,
    0xFF, 0xFF, 0x00, 0x00, 0x30, 0x75, 0x00, 0x00, 0x00, 0x00, 0x00, 0x00, 0x00, 0x00, 0x00, 0x00,
    0x04, 0x00, 0x00, 0x00, 0x70, 0x41, 0x00, 0x00, 0x01, 0x00, 0x00, 0x00, 0x78, 0x41, 0x00, 0x00,
    0xFF, 0xFF, 0x00, 0x00, 0x33, 0x75, 0x00, 0x00, 0x00, 0x00, 0x00, 0x00, 0x00, 0x00, 0x00, 0x00,
    0x03, 0x00, 0x00, 0x00, 0x64, 0x41, 0x00, 0x00, 0x00, 0x00, 0x00, 0x00, 0x00, 0x00, 0x00, 0x00,
    0xFF, 0xFF, 0x00, 0x00, 0x30, 0x75, 0x00, 0x00, 0x00, 0x00, 0x00, 0x00, 0x00, 0x00, 0x00, 0x00,
    0x04, 0x00, 0x00, 0x00, 0x50, 0x41, 0x00, 0x00, 0x00, 0x00, 0x00, 0x00, 0x00, 0x00, 0x00, 0x00,
    0xFF, 0xFF, 0x00, 0x00, 0x30, 0x75, 0x00, 0x00, 0x00, 0x00, 0x00, 0x00, 0x00, 0x00, 0x00, 0x00,
    0x04, 0x00, 0x00, 0x00, 0x40, 0x41, 0x00, 0x00, 0x01, 0x00, 0x00, 0x00, 0x48, 0x41, 0x00, 0x00,
    0xFF, 0xFF, 0x00, 0x00, 0x33, 0x75, 0x00, 0x00, 0x00, 0x00, 0x00, 0x00, 0x00, 0x00, 0x00, 0x00,
    0x03, 0x00, 0x00, 0x00, 0x34, 0x41, 0x00, 0x00, 0x00, 0x00, 0x00, 0x00, 0x00, 0x00, 0x00, 0x00,
    0xFF, 0xFF, 0x00, 0x00, 0x30, 0x75, 0x00, 0x00, 0x00, 0x00, 0x00, 0x00, 0x00, 0x00, 0x00, 0x00,
    0x04, 0x00, 0x00, 0x00, 0x20, 0x41, 0x00, 0x00, 0x00, 0x00, 0x00, 0x00, 0x00, 0x00, 0x00, 0x00,
    0xFF, 0xFF, 0x00, 0x00, 0xEF, 0x03, 0x00, 0x00, 0x01, 0x00, 0x00, 0x00, 0x18, 0x41, 0x00, 0x00,
    0x00, 0x00, 0x00, 0x00, 0x00, 0x00, 0x00, 0x00, 0x01, 0x00, 0x00, 0x00, 0x0C, 0x41, 0x00, 0x00,
    0xFF, 0xFF, 0x00, 0x00, 0x01, 0x00, 0x00, 0x00, 0x04, 0x41, 0x00, 0x00, 0xEF, 0x03, 0x00, 0x00,
    0x01, 0x00, 0x00, 0x00, 0xFC, 0x40, 0x00, 0x00, 0x00, 0x00, 0x00, 0x00, 0x00, 0x00, 0x00, 0x00,
    0x01, 0x00, 0x00, 0x00, 0xF0, 0x40, 0x00, 0x00, 0xFF, 0xFF, 0x00, 0x00, 0x01, 0x00, 0x00, 0x00,
    0xE8, 0x40, 0x00, 0x00, 0xEF, 0x03, 0x00, 0x00, 0x01, 0x00, 0x00, 0x00, 0xE0, 0x40, 0x00, 0x00,
    0x00, 0x00, 0x00, 0x00, 0x00, 0x00, 0x00, 0x00, 0x01, 0x00, 0x00, 0x00, 0xD4, 0x40, 0x00, 0x00,
    0xFF, 0xFF, 0x00, 0x00, 0x01, 0x00, 0x00, 0x00, 0xCC, 0x40, 0x00, 0x00, 0xEF, 0x03, 0x00, 0x00,
    0x01, 0x00, 0x00, 0x00, 0xC4, 0x40, 0x00, 0x00, 0x00, 0x00, 0x00, 0x00, 0x00, 0x00, 0x00, 0x00,
    0x01, 0x00, 0x00, 0x00, 0xB8, 0x40, 0x00, 0x00, 0xFF, 0xFF, 0x00, 0x00, 0x01, 0x00, 0x00, 0x00,
    0xB0, 0x40, 0x00, 0x00, 0xEF, 0x03, 0x00, 0x00, 0x01, 0x00, 0x00, 0x00, 0xA8, 0x40, 0x00, 0x00,
    0x00, 0x00, 0x00, 0x00, 0x00, 0x00, 0x00, 0x00, 0x01, 0x00, 0x00, 0x00, 0x9C, 0x40, 0x00, 0x00,
    0xFF, 0xFF, 0x00, 0x00, 0x01, 0x00, 0x00, 0x00, 0x94, 0x40, 0x00, 0x00, 0xEF, 0x03, 0x00, 0x00,
    0x01, 0x00, 0x00, 0x00, 0x8C, 0x40, 0x00, 0x00, 0x00, 0x00, 0x00, 0x00, 0x00, 0x00, 0x00, 0x00,
    0x01, 0x00, 0x00, 0x00, 0x80, 0x40, 0x00, 0x00, 0xFF, 0xFF, 0x00, 0x00, 0x01, 0x00, 0x00, 0x00,
    0x78, 0x40, 0x00, 0x00, 0xEF, 0x03, 0x00, 0x00, 0x01, 0x00, 0x00, 0x00, 0x70, 0x40, 0x00, 0x00,
    0x00, 0x00, 0x00, 0x00, 0x00, 0x00, 0x00, 0x00, 0x01, 0x00, 0x00, 0x00, 0x64, 0x40, 0x00, 0x00,
    0xFF, 0xFF, 0x00, 0x00, 0x01, 0x00, 0x00, 0x00, 0x5C, 0x40, 0x00, 0x00, 0xEF, 0x03, 0x00, 0x00,
    0x01, 0x00, 0x00, 0x00, 0x54, 0x40, 0x00, 0x00, 0x00, 0x00, 0x00, 0x00, 0x00, 0x00, 0x00, 0x00,
    0x01, 0x00, 0x00, 0x00, 0x48, 0x40, 0x00, 0x00, 0xFF, 0xFF, 0x00, 0x00, 0x01, 0x00, 0x00, 0x00,
    0x40, 0x40, 0x00, 0x00, 0xEF, 0x03, 0x00, 0x00, 0x01, 0x00, 0x00, 0x00, 0x38, 0x40, 0x00, 0x00,
    0x00, 0x00, 0x00, 0x00, 0x00, 0x00, 0x00, 0x00, 0x01, 0x00, 0x00, 0x00, 0x2C, 0x40, 0x00, 0x00,
    0xFF, 0xFF, 0x00, 0x00, 0x01, 0x00, 0x00, 0x00, 0x24, 0x40, 0x00, 0x00, 0xEF, 0x03, 0x00, 0x00,
    0x01, 0x00, 0x00, 0x00, 0x1C, 0x40, 0x00, 0x00, 0x00, 0x00, 0x00, 0x00, 0x00, 0x00, 0x00, 0x00,
    0x01, 0x00, 0x00, 0x00, 0x10, 0x40, 0x00, 0x00, 0xFF, 0xFF, 0x00, 0x00, 0x01, 0x00, 0x00, 0x00,
    0x08, 0x40, 0x00, 0x00, 0xEF, 0x03, 0x00, 0x00, 0x01, 0x00, 0x00, 0x00, 0x00, 0x40, 0x00, 0x00,
    0x00, 0x00, 0x00, 0x00, 0x00, 0x00, 0x00, 0x00, 0x01, 0x00, 0x00, 0x00, 0xF4, 0x3F, 0x00, 0x00,
    0xFF, 0xFF, 0x00, 0x00, 0x01, 0x00, 0x00, 0x00, 0xEC, 0x3F, 0x00, 0x00, 0xEF, 0x03, 0x00, 0x00,
    0x01, 0x00, 0x00, 0x00, 0xE4, 0x3F, 0x00, 0x00, 0x00, 0x00, 0x00, 0x00, 0x00, 0x00, 0x00, 0x00,
    0x01, 0x00, 0x00, 0x00, 0xD8, 0x3F, 0x00, 0x00, 0xFF, 0xFF, 0x00, 0x00, 0x01, 0x00, 0x00, 0x00,
    0xD0, 0x3F, 0x00, 0x00, 0xEF, 0x03, 0x00, 0x00, 0x01, 0x00, 0x00, 0x00, 0xC8, 0x3F, 0x00, 0x00,
    0x00, 0x00, 0x00, 0x00, 0x00, 0x00, 0x00, 0x00, 0x01, 0x00, 0x00, 0x00, 0xBC, 0x3F, 0x00, 0x00,
    0xFF, 0xFF, 0x00, 0x00, 0x01, 0x00, 0x00, 0x00, 0xB4, 0x3F, 0x00, 0x00, 0xEF, 0x03, 0x00, 0x00,
    0x01, 0x00, 0x00, 0x00, 0xAC, 0x3F, 0x00, 0x00, 0x00, 0x00, 0x00, 0x00, 0x00, 0x00, 0x00, 0x00,
    0x01, 0x00, 0x00, 0x00, 0xA0, 0x3F, 0x00, 0x00, 0xFF, 0xFF, 0x00, 0x00, 0x01, 0x00, 0x00, 0x00,
    0x98, 0x3F, 0x00, 0x00, 0xEF, 0x03, 0x00, 0x00, 0x01, 0x00, 0x00, 0x00, 0x90, 0x3F, 0x00, 0x00,
    0x00, 0x00, 0x00, 0x00, 0x00, 0x00, 0x00, 0x00, 0x01, 0x00, 0x00, 0x00, 0x84, 0x3F, 0x00, 0x00,
    0xFF, 0xFF, 0x00, 0x00, 0x01, 0x00, 0x00, 0x00, 0x7C, 0x3F, 0x00, 0x00, 0xEF, 0x03, 0x00, 0x00,
    0x01, 0x00, 0x00, 0x00, 0x74, 0x3F, 0x00, 0x00, 0x00, 0x00, 0x00, 0x00, 0x00, 0x00, 0x00, 0x00,
    0x01, 0x00, 0x00, 0x00, 0x68, 0x3F, 0x00, 0x00, 0xFF, 0xFF, 0x00, 0x00, 0x01, 0x00, 0x00, 0x00,
    0x60, 0x3F, 0x00, 0x00, 0xEF, 0x03, 0x00, 0x00, 0x01, 0x00, 0x00, 0x00, 0x58, 0x3F, 0x00, 0x00,
    0x00, 0x00, 0x00, 0x00, 0x00, 0x00, 0x00, 0x00, 0x01, 0x00, 0x00, 0x00, 0x4C, 0x3F, 0x00, 0x00,
    0xFF, 0xFF, 0x00, 0x00, 0x01, 0x00, 0x00, 0x00, 0x44, 0x3F, 0x00, 0x00, 0xEF, 0x03, 0x00, 0x00,
    0x01, 0x00, 0x00, 0x00, 0x3C, 0x3F, 0x00, 0x00, 0x00, 0x00, 0x00, 0x00, 0x00, 0x00, 0x00, 0x00,
    0x01, 0x00, 0x00, 0x00, 0x30, 0x3F, 0x00, 0x00, 0xFF, 0xFF, 0x00, 0x00, 0x01, 0x00, 0x00, 0x00,
    0x28, 0x3F, 0x00, 0x00, 0xEF, 0x03, 0x00, 0x00, 0x01, 0x00, 0x00, 0x00, 0x20, 0x3F, 0x00, 0x00,
    0x00, 0x00, 0x00, 0x00, 0x00, 0x00, 0x00, 0x00, 0x01, 0x00, 0x00, 0x00, 0x14, 0x3F, 0x00, 0x00,
    0xFF, 0xFF, 0x00, 0x00, 0x01, 0x00, 0x00, 0x00, 0x0C, 0x3F, 0x00, 0x00, 0xEF, 0x03, 0x00, 0x00,
    0x01, 0x00, 0x00, 0x00, 0x04, 0x3F, 0x00, 0x00, 0x00, 0x00, 0x00, 0x00, 0x00, 0x00, 0x00, 0x00,
    0x01, 0x00, 0x00, 0x00, 0xF8, 0x3E, 0x00, 0x00, 0xFF, 0xFF, 0x00, 0x00, 0x01, 0x00, 0x00, 0x00,
    0xF0, 0x3E, 0x00, 0x00, 0xEF, 0x03, 0x00, 0x00, 0x01, 0x00, 0x00, 0x00, 0xE8, 0x3E, 0x00, 0x00,
    0x00, 0x00, 0x00, 0x00, 0x00, 0x00, 0x00, 0x00, 0x01, 0x00, 0x00, 0x00, 0xDC, 0x3E, 0x00, 0x00,
    0xFF, 0xFF, 0x00, 0x00, 0x01, 0x00, 0x00, 0x00, 0xD4, 0x3E, 0x00, 0x00, 0xEF, 0x03, 0x00, 0x00,
    0x01, 0x00, 0x00, 0x00, 0xCC, 0x3E, 0x00, 0x00, 0x00, 0x00, 0x00, 0x00, 0x00, 0x00, 0x00, 0x00,
    0x01, 0x00, 0x00, 0x00, 0xC0, 0x3E, 0x00, 0x00, 0xFF, 0xFF, 0x00, 0x00, 0x01, 0x00, 0x00, 0x00,
    0xB8, 0x3E, 0x00, 0x00, 0xEF, 0x03, 0x00, 0x00, 0x01, 0x00, 0x00, 0x00, 0xB0, 0x3E, 0x00, 0x00,
    0x00, 0x00, 0x00, 0x00, 0x00, 0x00, 0x00, 0x00, 0x01, 0x00, 0x00, 0x00, 0xA4, 0x3E, 0x00, 0x00,
    0xFF, 0xFF, 0x00, 0x00, 0x01, 0x00, 0x00, 0x00, 0x9C, 0x3E, 0x00, 0x00, 0xEF, 0x03, 0x00, 0x00,
    0x01, 0x00, 0x00, 0x00, 0x94, 0x3E, 0x00, 0x00, 0x00, 0x00, 0x00, 0x00, 0x00, 0x00, 0x00, 0x00,
    0x01, 0x00, 0x00, 0x00, 0x88, 0x3E, 0x00, 0x00, 0xFF, 0xFF, 0x00, 0x00, 0x01, 0x00, 0x00, 0x00,
    0x80, 0x3E, 0x00, 0x00, 0xEF, 0x03, 0x00, 0x00, 0x01, 0x00, 0x00, 0x00, 0x78, 0x3E, 0x00, 0x00,
    0x00, 0x00, 0x00, 0x00, 0x00, 0x00, 0x00, 0x00, 0x01, 0x00, 0x00, 0x00, 0x6C, 0x3E, 0x00, 0x00,
    0xFF, 0xFF, 0x00, 0x00, 0x01, 0x00, 0x00, 0x00, 0x64, 0x3E, 0x00, 0x00, 0xEF, 0x03, 0x00, 0x00,
    0x01, 0x00, 0x00, 0x00, 0x5C, 0x3E, 0x00, 0x00, 0x00, 0x00, 0x00, 0x00, 0x00, 0x00, 0x00, 0x00,
    0x01, 0x00, 0x00, 0x00, 0x50, 0x3E, 0x00, 0x00, 0xFF, 0xFF, 0x00, 0x00, 0x01, 0x00, 0x00, 0x00,
    0x48, 0x3E, 0x00, 0x00, 0xEF, 0x03, 0x00, 0x00, 0x01, 0x00, 0x00, 0x00, 0x40, 0x3E, 0x00, 0x00,
    0x00, 0x00, 0x00, 0x00, 0x00, 0x00, 0x00, 0x00, 0x01, 0x00, 0x00, 0x00, 0x34, 0x3E, 0x00, 0x00,
    0xFF, 0xFF, 0x00, 0x00, 0x01, 0x00, 0x00, 0x00, 0x2C, 0x3E, 0x00, 0x00, 0xEF, 0x03, 0x00, 0x00,
    0x01, 0x00, 0x00, 0x00, 0x24, 0x3E, 0x00, 0x00, 0x00, 0x00, 0x00, 0x00, 0x00, 0x00, 0x00, 0x00,
    0x01, 0x00, 0x00, 0x00, 0x18, 0x3E, 0x00, 0x00, 0xFF, 0xFF, 0x00, 0x00, 0x01, 0x00, 0x00, 0x00,
    0x10, 0x3E, 0x00, 0x00, 0xEF, 0x03, 0x00, 0x00, 0x01, 0x00, 0x00, 0x00, 0x08, 0x3E, 0x00, 0x00,
    0x00, 0x00, 0x00, 0x00, 0x00, 0x00, 0x00, 0x00, 0x01, 0x00, 0x00, 0x00, 0xFC, 0x3D, 0x00, 0x00,
    0xFF, 0xFF, 0x00, 0x00, 0x01, 0x00, 0x00, 0x00, 0xF4, 0x3D, 0x00, 0x00, 0xEF, 0x03, 0x00, 0x00,
    0x01, 0x00, 0x00, 0x00, 0xEC, 0x3D, 0x00, 0x00, 0x00, 0x00, 0x00, 0x00, 0x00, 0x00, 0x00, 0x00,
    0x01, 0x00, 0x00, 0x00, 0xE0, 0x3D, 0x00, 0x00, 0xFF, 0xFF, 0x00, 0x00, 0x01, 0x00, 0x00, 0x00,
    0xD8, 0x3D, 0x00, 0x00, 0xEF, 0x03, 0x00, 0x00, 0x01, 0x00, 0x00, 0x00, 0xD0, 0x3D, 0x00, 0x00,
    0x00, 0x00, 0x00, 0x00, 0x00, 0x00, 0x00, 0x00, 0x01, 0x00, 0x00, 0x00, 0xC4, 0x3D, 0x00, 0x00,
    0xFF, 0xFF, 0x00, 0x00, 0x01, 0x00, 0x00, 0x00, 0xBC, 0x3D, 0x00, 0x00, 0xEF, 0x03, 0x00, 0x00,
    0x01, 0x00, 0x00, 0x00, 0xB4, 0x3D, 0x00, 0x00, 0x00, 0x00, 0x00, 0x00, 0x00, 0x00, 0x00, 0x00,
    0x01, 0x00, 0x00, 0x00, 0xA8, 0x3D, 0x00, 0x00, 0xFF, 0xFF, 0x00, 0x00, 0x01, 0x00, 0x00, 0x00,
    0xA0, 0x3D, 0x00, 0x00, 0xEF, 0x03, 0x00, 0x00, 0x01, 0x00, 0x00, 0x00, 0x98, 0x3D, 0x00, 0x00,
    0x00, 0x00, 0x00, 0x00, 0x00, 0x00, 0x00, 0x00, 0x01, 0x00, 0x00, 0x00, 0x8C, 0x3D, 0x00, 0x00,
    0xFF, 0xFF, 0x00, 0x00, 0x01, 0x00, 0x00, 0x00, 0x84, 0x3D, 0x00, 0x00, 0xEF, 0x03, 0x00, 0x00,
    0x01, 0x00, 0x00, 0x00, 0x7C, 0x3D, 0x00, 0x00, 0x00, 0x00, 0x00, 0x00, 0x00, 0x00, 0x00, 0x00,
    0x01, 0x00, 0x00, 0x00, 0x70, 0x3D, 0x00, 0x00, 0xFF, 0xFF, 0x00, 0x00, 0x01, 0x00, 0x00, 0x00,
    0x68, 0x3D, 0x00, 0x00, 0xEF, 0x03, 0x00, 0x00, 0x01, 0x00, 0x00, 0x00, 0x60, 0x3D, 0x00, 0x00,
    0x00, 0x00, 0x00, 0x00, 0x00, 0x00, 0x00, 0x00, 0x01, 0x00, 0x00, 0x00, 0x54, 0x3D, 0x00, 0x00,
    0xFF, 0xFF, 0x00, 0x00, 0x01, 0x00, 0x00, 0x00, 0x4C, 0x3D, 0x00, 0x00, 0xEA, 0x03, 0x00, 0x00,
    0x01, 0x00, 0x00, 0x00, 0x44, 0x3D, 0x00, 0x00, 0x00, 0x00, 0x00, 0x00, 0x00, 0x00, 0x00, 0x00,
    0x00, 0x00, 0x00, 0x00, 0x00, 0x00, 0x00, 0x00, 0xFF, 0xFF, 0x00, 0x00, 0xEF, 0x03, 0x00, 0x00,
    0x01, 0x00, 0x00, 0x00, 0x28, 0x3D, 0x00, 0x00, 0x00, 0x00, 0x00, 0x00, 0x00, 0x00, 0x00, 0x00,
    0x01, 0x00, 0x00, 0x00, 0x1C, 0x3D, 0x00, 0x00, 0xFF, 0xFF, 0x00, 0x00, 0x01, 0x00, 0x00, 0x00,
    0x14, 0x3D, 0x00, 0x00, 0xEF, 0x03, 0x00, 0x00, 0x01, 0x00, 0x00, 0x00, 0x0C, 0x3D, 0x00, 0x00,
    0x00, 0x00, 0x00, 0x00, 0x00, 0x00, 0x00, 0x00, 0x01, 0x00, 0x00, 0x00, 0x00, 0x3D, 0x00, 0x00,
    0xFF, 0xFF, 0x00, 0x00, 0x01, 0x00, 0x00, 0x00, 0xF8, 0x3C, 0x00, 0x00, 0xEF, 0x03, 0x00, 0x00,
    0x01, 0x00, 0x00, 0x00, 0xF0, 0x3C, 0x00, 0x00, 0x00, 0x00, 0x00, 0x00, 0x00, 0x00, 0x00, 0x00,
    0x01, 0x00, 0x00, 0x00, 0xE4, 0x3C, 0x00, 0x00, 0xFF, 0xFF, 0x00, 0x00, 0x01, 0x00, 0x00, 0x00,
    0xDC, 0x3C, 0x00, 0x00, 0xE9, 0x03, 0x00, 0x00, 0x00, 0x00, 0x00, 0x00, 0x00, 0x00, 0x00, 0x00,
    0x00, 0x00, 0x00, 0x00, 0x00, 0x00, 0x00, 0x00, 0x01, 0x00, 0x00, 0x00, 0xC4, 0x3C, 0x00, 0x00,
    0xFF, 0xFF, 0x00, 0x00, 0x07, 0x00, 0x00, 0x00, 0x00, 0x00, 0x00, 0x00, 0x00, 0x00, 0x00, 0x00,
    0x00, 0x00, 0x00, 0x00, 0xEF, 0x03, 0x00, 0x00, 0x01, 0x00, 0x00, 0x00, 0xA8, 0x3C, 0x00, 0x00,
    0x00, 0x00, 0x00, 0x00, 0x00, 0x00, 0x00, 0x00, 0x01, 0x00, 0x00, 0x00, 0x9C, 0x3C, 0x00, 0x00,
    0xFF, 0xFF, 0x00, 0x00, 0x01, 0x00, 0x00, 0x00, 0x94, 0x3C, 0x00, 0x00, 0xEA, 0x03, 0x00, 0x00,
    0x01, 0x00, 0x00, 0x00, 0x8C, 0x3C, 0x00, 0x00, 0x00, 0x00, 0x00, 0x00, 0x00, 0x00, 0x00, 0x00,
    0x00, 0x00, 0x00, 0x00, 0x00, 0x00, 0x00, 0x00, 0xFF, 0xFF, 0x00, 0x00, 0xEF, 0x03, 0x00, 0x00,
    0x01, 0x00, 0x00, 0x00, 0x70, 0x3C, 0x00, 0x00, 0x00, 0x00, 0x00, 0x00, 0x00, 0x00, 0x00, 0x00,
    0x01, 0x00, 0x00, 0x00, 0x64, 0x3C, 0x00, 0x00, 0xFF, 0xFF, 0x00, 0x00, 0x01, 0x00, 0x00, 0x00,
    0x5C, 0x3C, 0x00, 0x00, 0xEF, 0x03, 0x00, 0x00, 0x01, 0x00, 0x00, 0x00, 0x54, 0x3C, 0x00, 0x00,
    0x00, 0x00, 0x00, 0x00, 0x00, 0x00, 0x00, 0x00, 0x01, 0x00, 0x00, 0x00, 0x48, 0x3C, 0x00, 0x00,
    0xFF, 0xFF, 0x00, 0x00, 0x01, 0x00, 0x00, 0x00, 0x40, 0x3C, 0x00, 0x00, 0xEF, 0x03, 0x00, 0x00,
    0x01, 0x00, 0x00, 0x00, 0x38, 0x3C, 0x00, 0x00, 0x00, 0x00, 0x00, 0x00, 0x00, 0x00, 0x00, 0x00,
    0x01, 0x00, 0x00, 0x00, 0x2C, 0x3C, 0x00, 0x00, 0xFF, 0xFF, 0x00, 0x00, 0x01, 0x00, 0x00, 0x00,
    0x24, 0x3C, 0x00, 0x00, 0xE9, 0x03, 0x00, 0x00, 0x00, 0x00, 0x00, 0x00, 0x00, 0x00, 0x00, 0x00,
    0x00, 0x00, 0x00, 0x00, 0x00, 0x00, 0x00, 0x00, 0x01, 0x00, 0x00, 0x00, 0x0C, 0x3C, 0x00, 0x00,
    0xFF, 0xFF, 0x00, 0x00, 0xEF, 0x03, 0x00, 0x00, 0x01, 0x00, 0x00, 0x00, 0x00, 0x3C, 0x00, 0x00,
    0x00, 0x00, 0x00, 0x00, 0x00, 0x00, 0x00, 0x00, 0x01, 0x00, 0x00, 0x00, 0xF4, 0x3B, 0x00, 0x00,
    0xFF, 0xFF, 0x00, 0x00, 0x01, 0x00, 0x00, 0x00, 0xEC, 0x3B, 0x00, 0x00, 0xEA, 0x03, 0x00, 0x00,
    0x01, 0x00, 0x00, 0x00, 0xE4, 0x3B, 0x00, 0x00, 0x00, 0x00, 0x00, 0x00, 0x00, 0x00, 0x00, 0x00,
    0x00, 0x00, 0x00, 0x00, 0x00, 0x00, 0x00, 0x00, 0xFF, 0xFF, 0x00, 0x00, 0xEF, 0x03, 0x00, 0x00,
    0x01, 0x00, 0x00, 0x00, 0xC8, 0x3B, 0x00, 0x00, 0x00, 0x00, 0x00, 0x00, 0x00, 0x00, 0x00, 0x00,
    0x01, 0x00, 0x00, 0x00, 0xBC, 0x3B, 0x00, 0x00, 0xFF, 0xFF, 0x00, 0x00, 0x01, 0x00, 0x00, 0x00,
    0xB4, 0x3B, 0x00, 0x00, 0xEF, 0x03, 0x00, 0x00, 0x01, 0x00, 0x00, 0x00, 0xAC, 0x3B, 0x00, 0x00,
    0x00, 0x00, 0x00, 0x00, 0x00, 0x00, 0x00, 0x00, 0x01, 0x00, 0x00, 0x00, 0xA0, 0x3B, 0x00, 0x00,
    0xFF, 0xFF, 0x00, 0x00, 0x01, 0x00, 0x00, 0x00, 0x98, 0x3B, 0x00, 0x00, 0xEF, 0x03, 0x00, 0x00,
    0x01, 0x00, 0x00, 0x00, 0x90, 0x3B, 0x00, 0x00, 0x00, 0x00, 0x00, 0x00, 0x00, 0x00, 0x00, 0x00,
    0x01, 0x00, 0x00, 0x00, 0x84, 0x3B, 0x00, 0x00, 0xFF, 0xFF, 0x00, 0x00, 0x01, 0x00, 0x00, 0x00,
    0x7C, 0x3B, 0x00, 0x00, 0xE9, 0x03, 0x00, 0x00, 0x00, 0x00, 0x00, 0x00, 0x00, 0x00, 0x00, 0x00,
    0x00, 0x00, 0x00, 0x00, 0x00, 0x00, 0x00, 0x00, 0x01, 0x00, 0x00, 0x00, 0x64, 0x3B, 0x00, 0x00,
    0xFF, 0xFF, 0x00, 0x00, 0xEF, 0x03, 0x00, 0x00, 0x01, 0x00, 0x00, 0x00, 0x58, 0x3B, 0x00, 0x00,
    0x00, 0x00, 0x00, 0x00, 0x00, 0x00, 0x00, 0x00, 0x01, 0x00, 0x00, 0x00, 0x4C, 0x3B, 0x00, 0x00,
    0xFF, 0xFF, 0x00, 0x00, 0x01, 0x00, 0x00, 0x00, 0x44, 0x3B, 0x00, 0x00, 0xEA, 0x03, 0x00, 0x00,
    0x01, 0x00, 0x00, 0x00, 0x3C, 0x3B, 0x00, 0x00, 0x00, 0x00, 0x00, 0x00, 0x00, 0x00, 0x00, 0x00,
    0x00, 0x00, 0x00, 0x00, 0x00, 0x00, 0x00, 0x00, 0xFF, 0xFF, 0x00, 0x00, 0xEF, 0x03, 0x00, 0x00,
    0x01, 0x00, 0x00, 0x00, 0x20, 0x3B, 0x00, 0x00, 0x00, 0x00, 0x00, 0x00, 0x00, 0x00, 0x00, 0x00,
    0x01, 0x00, 0x00, 0x00, 0x14, 0x3B, 0x00, 0x00, 0xFF, 0xFF, 0x00, 0x00, 0x01, 0x00, 0x00, 0x00,
    0x0C, 0x3B, 0x00, 0x00, 0xEF, 0x03, 0x00, 0x00, 0x01, 0x00, 0x00, 0x00, 0x04, 0x3B, 0x00, 0x00,
    0x00, 0x00, 0x00, 0x00, 0x00, 0x00, 0x00, 0x00, 0x01, 0x00, 0x00, 0x00, 0xF8, 0x3A, 0x00, 0x00,
    0xFF, 0xFF, 0x00, 0x00, 0x01, 0x00, 0x00, 0x00, 0xF0, 0x3A, 0x00, 0x00, 0xEF, 0x03, 0x00, 0x00,
    0x01, 0x00, 0x00, 0x00, 0xE8, 0x3A, 0x00, 0x00, 0x00, 0x00, 0x00, 0x00, 0x00, 0x00, 0x00, 0x00,
    0x01, 0x00, 0x00, 0x00, 0xDC, 0x3A, 0x00, 0x00, 0xFF, 0xFF, 0x00, 0x00, 0x01, 0x00, 0x00, 0x00,
    0xD4, 0x3A, 0x00, 0x00, 0xE9, 0x03, 0x00, 0x00, 0x00, 0x00, 0x00, 0x00, 0x00, 0x00, 0x00, 0x00,
    0x00, 0x00, 0x00, 0x00, 0x00, 0x00, 0x00, 0x00, 0x01, 0x00, 0x00, 0x00, 0xBC, 0x3A, 0x00, 0x00,
    0xFF, 0xFF, 0x00, 0x00, 0xEF, 0x03, 0x00, 0x00, 0x01, 0x00, 0x00, 0x00, 0xB0, 0x3A, 0x00, 0x00,
    0x00, 0x00, 0x00, 0x00, 0x00, 0x00, 0x00, 0x00, 0x01, 0x00, 0x00, 0x00, 0xA4, 0x3A, 0x00, 0x00,
    0xFF, 0xFF, 0x00, 0x00, 0x0D, 0x00, 0x00, 0x00, 0x9C, 0x3A, 0x00, 0x00, 0xE9, 0x03, 0x00, 0x00,
    0x00, 0x00, 0x00, 0x00, 0x00, 0x00, 0x00, 0x00, 0x00, 0x00, 0x00, 0x00, 0x00, 0x00, 0x00, 0x00,
    0x01, 0x00, 0x00, 0x00, 0xB4, 0x3A, 0x00, 0x00, 0xFF, 0xFF, 0x00, 0x00, 0xEA, 0x03, 0x00, 0x00,
    0x01, 0x00, 0x00, 0x00, 0xA8, 0x3A, 0x00, 0x00, 0x00, 0x00, 0x00, 0x00, 0x00, 0x00, 0x00, 0x00,
    0x00, 0x00, 0x00, 0x00, 0x00, 0x00, 0x00, 0x00, 0xFF, 0xFF, 0x00, 0x00, 0x05, 0x00, 0x00, 0x00,
    0x00, 0x40, 0x00, 0x00, 0x0E, 0x00, 0x00, 0x00, 0x00, 0x00, 0x00, 0x00, 0x84, 0x3A, 0x00, 0x00,
    0x00, 0x00, 0x00, 0x00, 0x0E, 0x00, 0x00, 0x00, 0x00, 0x00, 0x00, 0x00, 0x78, 0x3A, 0x00, 0x00,
    0x00, 0x00, 0x00, 0x00, 0x07, 0x00, 0x00, 0x00, 0x00, 0x00, 0x00, 0x00, 0x00, 0x00, 0x00, 0x00,
    0x00, 0x00, 0x00, 0x00, 0x0E, 0x00, 0x00, 0x00, 0x00, 0x00, 0x00, 0x00, 0x5C, 0x3A, 0x00, 0x00,
    0x00, 0x00, 0x00, 0x00, 0x0E, 0x00, 0x00, 0x00, 0x00, 0x00, 0x00, 0x00, 0x50, 0x3A, 0x00, 0x00,
    0x00, 0x00, 0x00, 0x00, 0x05, 0x00, 0x00, 0x00, 0x00, 0x40, 0x00, 0x00, 0x0E, 0x00, 0x00, 0x00,
    0x00, 0x00, 0x00, 0x00, 0x3C, 0x3A, 0x00, 0x00, 0x00, 0x00, 0x00, 0x00, 0x0E, 0x00, 0x00, 0x00,
    0x00, 0x00, 0x00, 0x00, 0x30, 0x3A, 0x00, 0x00, 0x00, 0x00, 0x00, 0x00, 0x07, 0x00, 0x00, 0x00,
    0x00, 0x00, 0x00, 0x00, 0x00, 0x00, 0x00, 0x00, 0x00, 0x00, 0x00, 0x00, 0x0E, 0x00, 0x00, 0x00,
    0x00, 0x00, 0x00, 0x00, 0x14, 0x3A, 0x00, 0x00, 0x00, 0x00, 0x00, 0x00, 0x0E, 0x00, 0x00, 0x00,
    0x00, 0x00, 0x00, 0x00, 0x08, 0x3A, 0x00, 0x00, 0x00, 0x00, 0x00, 0x00, 0x05, 0x00, 0x00, 0x00,
    0x00, 0x40, 0x00, 0x00, 0x0E, 0x00, 0x00, 0x00, 0x00, 0x00, 0x00, 0x00, 0xF4, 0x39, 0x00, 0x00,
    0x00, 0x00, 0x00, 0x00, 0x0E, 0x00, 0x00, 0x00, 0x00, 0x00, 0x00, 0x00, 0xE8, 0x39, 0x00, 0x00,
    0x00, 0x00, 0x00, 0x00, 0x07, 0x00, 0x00, 0x00, 0x00, 0x00, 0x00, 0x00, 0x00, 0x00, 0x00, 0x00,
    0x00, 0x00, 0x00, 0x00, 0x0E, 0x00, 0x00, 0x00, 0x00, 0x00, 0x00, 0x00, 0xCC, 0x39, 0x00, 0x00,
    0x00, 0x00, 0x00, 0x00, 0x0E, 0x00, 0x00, 0x00, 0x00, 0x00, 0x00, 0x00, 0xC0, 0x39, 0x00, 0x00,
    0x00, 0x00, 0x00, 0x00, 0x05, 0x00, 0x00, 0x00, 0x00, 0x40, 0x00, 0x00, 0x0E, 0x00, 0x00, 0x00,
    0x00, 0x00, 0x00, 0x00, 0xAC, 0x39, 0x00, 0x00, 0x00, 0x00, 0x00, 0x00, 0x0E, 0x00, 0x00, 0x00,
    0x00, 0x00, 0x00, 0x00, 0xA0, 0x39, 0x00, 0x00, 0x00, 0x00, 0x00, 0x00, 0x07, 0x00, 0x00, 0x00,
    0x00, 0x00, 0x00, 0x00, 0x00, 0x00, 0x00, 0x00, 0x00, 0x00, 0x00, 0x00, 0x0E, 0x00, 0x00, 0x00,
    0x00, 0x00, 0x00, 0x00, 0x84, 0x39, 0x00, 0x00, 0x00, 0x00, 0x00, 0x00, 0x0E, 0x00, 0x00, 0x00,
    0x00, 0x00, 0x00, 0x00, 0x78, 0x39, 0x00, 0x00, 0x00, 0x00, 0x00, 0x00, 0x05, 0x00, 0x00, 0x00,
    0x00, 0x40, 0x00, 0x00, 0x0E, 0x00, 0x00, 0x00, 0x00, 0x00, 0x00, 0x00, 0x64, 0x39, 0x00, 0x00,
    0x00, 0x00, 0x00, 0x00, 0x0E, 0x00, 0x00, 0x00, 0x00, 0x00, 0x00, 0x00, 0x58, 0x39, 0x00, 0x00,
    0x00, 0x00, 0x00, 0x00, 0x07, 0x00, 0x00, 0x00, 0x00, 0x00, 0x00, 0x00, 0x00, 0x00, 0x00, 0x00,
    0x00, 0x00, 0x00, 0x00, 0x0E, 0x00, 0x00, 0x00, 0x00, 0x00, 0x00, 0x00, 0x3C, 0x39, 0x00, 0x00,
    0x00, 0x00, 0x00, 0x00, 0x0E, 0x00, 0x00, 0x00, 0x00, 0x00, 0x00, 0x00, 0x30, 0x39, 0x00, 0x00,
    0x00, 0x00, 0x00, 0x00, 0x05, 0x00, 0x00, 0x00, 0x00, 0x40, 0x00, 0x00, 0x0E, 0x00, 0x00, 0x00,
    0x00, 0x00, 0x00, 0x00, 0x1C, 0x39, 0x00, 0x00, 0x00, 0x00, 0x00, 0x00, 0x0E, 0x00, 0x00, 0x00,
    0x00, 0x00, 0x00, 0x00, 0x10, 0x39, 0x00, 0x00, 0x00, 0x00, 0x00, 0x00, 0x07, 0x00, 0x00, 0x00,
    0x00, 0x00, 0x00, 0x00, 0x00, 0x00, 0x00, 0x00, 0x00, 0x00, 0x00, 0x00, 0x0E, 0x00, 0x00, 0x00,
    0x00, 0x00, 0x00, 0x00, 0xF4, 0x38, 0x00, 0x00, 0x00, 0x00, 0x00, 0x00, 0x0E, 0x00, 0x00, 0x00,
    0x00, 0x00, 0x00, 0x00, 0xE8, 0x38, 0x00, 0x00, 0x00, 0x00, 0x00, 0x00, 0x05, 0x00, 0x00, 0x00,
    0x00, 0x40, 0x00, 0x00, 0x0E, 0x00, 0x00, 0x00, 0x00, 0x00, 0x00, 0x00, 0xD4, 0x38, 0x00, 0x00,
    0x00, 0x00, 0x00, 0x00, 0x0E, 0x00, 0x00, 0x00, 0x00, 0x00, 0x00, 0x00, 0xC8, 0x38, 0x00, 0x00,
    0x00, 0x00, 0x00, 0x00, 0x07, 0x00, 0x00, 0x00, 0x00, 0x00, 0x00, 0x00, 0x00, 0x00, 0x00, 0x00,
    0x00, 0x00, 0x00, 0x00, 0x0E, 0x00, 0x00, 0x00, 0x00, 0x00, 0x00, 0x00, 0xAC, 0x38, 0x00, 0x00,
    0x00, 0x00, 0x00, 0x00, 0x0E, 0x00, 0x00, 0x00, 0x00, 0x00, 0x00, 0x00, 0xA0, 0x38, 0x00, 0x00,
    0x00, 0x00, 0x00, 0x00, 0x05, 0x00, 0x00, 0x00, 0x00, 0x40, 0x00, 0x00, 0x0E, 0x00, 0x00, 0x00,
    0x00, 0x00, 0x00, 0x00, 0x8C, 0x38, 0x00, 0x00, 0x00, 0x00, 0x00, 0x00, 0x0E, 0x00, 0x00, 0x00,
    0x00, 0x00, 0x00, 0x00, 0x80, 0x38, 0x00, 0x00, 0x00, 0x00, 0x00, 0x00, 0x07, 0x00, 0x00, 0x00,
    0x00, 0x00, 0x00, 0x00, 0x00, 0x00, 0x00, 0x00, 0x00, 0x00, 0x00, 0x00, 0x0E, 0x00, 0x00, 0x00,
    0x00, 0x00, 0x00, 0x00, 0x64, 0x38, 0x00, 0x00, 0x00, 0x00, 0x00, 0x00, 0x0E, 0x00, 0x00, 0x00,
    0x00, 0x00, 0x00, 0x00, 0x58, 0x38, 0x00, 0x00, 0x00, 0x00, 0x00, 0x00, 0x05, 0x00, 0x00, 0x00,
    0x00, 0x40, 0x00, 0x00, 0x0E, 0x00, 0x00, 0x00, 0x00, 0x00, 0x00, 0x00, 0x44, 0x38, 0x00, 0x00,
    0x00, 0x00, 0x00, 0x00, 0x0E, 0x00, 0x00, 0x00, 0x00, 0x00, 0x00, 0x00, 0x38, 0x38, 0x00, 0x00,
    0x00, 0x00, 0x00, 0x00, 0x07, 0x00, 0x00, 0x00, 0x00, 0x00, 0x00, 0x00, 0x00, 0x00, 0x00, 0x00,
    0x00, 0x00, 0x00, 0x00, 0x0E, 0x00, 0x00, 0x00, 0x00, 0x00, 0x00, 0x00, 0x1C, 0x38, 0x00, 0x00,
    0x00, 0x00, 0x00, 0x00, 0x0E, 0x00, 0x00, 0x00, 0x00, 0x00, 0x00, 0x00, 0x10, 0x38, 0x00, 0x00,
    0x00, 0x00, 0x00, 0x00, 0x05, 0x00, 0x00, 0x00, 0x00, 0x40, 0x00, 0x00, 0x0E, 0x00, 0x00, 0x00,
    0x00, 0x00, 0x00, 0x00, 0xFC, 0x37, 0x00, 0x00, 0x00, 0x00, 0x00, 0x00, 0x0E, 0x00, 0x00, 0x00,
    0x00, 0x00, 0x00, 0x00, 0xF0, 0x37, 0x00, 0x00, 0x00, 0x00, 0x00, 0x00, 0x07, 0x00, 0x00, 0x00,
    0x00, 0x00, 0x00, 0x00, 0x00, 0x00, 0x00, 0x00, 0x00, 0x00, 0x00, 0x00, 0x0E, 0x00, 0x00, 0x00,
    0x00, 0x00, 0x00, 0x00, 0xD4, 0x37, 0x00, 0x00, 0x00, 0x00, 0x00, 0x00, 0x0E, 0x00, 0x00, 0x00,
    0x00, 0x00, 0x00, 0x00, 0xC8, 0x37, 0x00, 0x00, 0x00, 0x00, 0x00, 0x00, 0x05, 0x00, 0x00, 0x00,
    0x00, 0x40, 0x00, 0x00, 0x0E, 0x00, 0x00, 0x00, 0x00, 0x00, 0x00, 0x00, 0xB4, 0x37, 0x00, 0x00,
    0x00, 0x00, 0x00, 0x00, 0x0E, 0x00, 0x00, 0x00, 0x00, 0x00, 0x00, 0x00, 0xA8, 0x37, 0x00, 0x00,
    0x00, 0x00, 0x00, 0x00, 0x07, 0x00, 0x00, 0x00, 0x00, 0x00, 0x00, 0x00, 0x00, 0x00, 0x00, 0x00,
    0x00, 0x00, 0x00, 0x00, 0x0E, 0x00, 0x00, 0x00, 0x00, 0x00, 0x00, 0x00, 0x8C, 0x37, 0x00, 0x00,
    0x00, 0x00, 0x00, 0x00, 0x0E, 0x00, 0x00, 0x00, 0x00, 0x00, 0x00, 0x00, 0x80, 0x37, 0x00, 0x00,
    0x00, 0x00, 0x00, 0x00, 0x05, 0x00, 0x00, 0x00, 0x00, 0x40, 0x00, 0x00, 0x0E, 0x00, 0x00, 0x00,
    0x00, 0x00, 0x00, 0x00, 0x6C, 0x37, 0x00, 0x00, 0x00, 0x00, 0x00, 0x00, 0x0E, 0x00, 0x00, 0x00,
    0x00, 0x00, 0x00, 0x00, 0x60, 0x37, 0x00, 0x00, 0x00, 0x00, 0x00, 0x00, 0x07, 0x00, 0x00, 0x00,
    0x00, 0x00, 0x00, 0x00, 0x00, 0x00, 0x00, 0x00, 0x00, 0x00, 0x00, 0x00, 0x0E, 0x00, 0x00, 0x00,
    0x00, 0x00, 0x00, 0x00, 0x44, 0x37, 0x00, 0x00, 0x00, 0x00, 0x00, 0x00, 0x0E, 0x00, 0x00, 0x00,
    0x00, 0x00, 0x00, 0x00, 0x38, 0x37, 0x00, 0x00, 0x00, 0x00, 0x00, 0x00, 0x05, 0x00, 0x00, 0x00,
    0x00, 0x40, 0x00, 0x00, 0x0E, 0x00, 0x00, 0x00, 0x00, 0x00, 0x00, 0x00, 0x24, 0x37, 0x00, 0x00,
    0x00, 0x00, 0x00, 0x00, 0x0E, 0x00, 0x00, 0x00, 0x00, 0x00, 0x00, 0x00, 0x18, 0x37, 0x00, 0x00,
    0x00, 0x00, 0x00, 0x00, 0x07, 0x00, 0x00, 0x00, 0x00, 0x00, 0x00, 0x00, 0x00, 0x00, 0x00, 0x00,
    0x00, 0x00, 0x00, 0x00, 0x0E, 0x00, 0x00, 0x00, 0x00, 0x00, 0x00, 0x00, 0xFC, 0x36, 0x00, 0x00,
    0x00, 0x00, 0x00, 0x00, 0x0E, 0x00, 0x00, 0x00, 0x00, 0x00, 0x00, 0x00, 0xF0, 0x36, 0x00, 0x00,
    0x00, 0x00, 0x00, 0x00, 0x05, 0x00, 0x00, 0x00, 0x00, 0x40, 0x00, 0x00, 0x0E, 0x00, 0x00, 0x00,
    0x00, 0x00, 0x00, 0x00, 0xDC, 0x36, 0x00, 0x00, 0x00, 0x00, 0x00, 0x00, 0x0E, 0x00, 0x00, 0x00,
    0x00, 0x00, 0x00, 0x00, 0xD0, 0x36, 0x00, 0x00, 0x00, 0x00, 0x00, 0x00, 0x07, 0x00, 0x00, 0x00,
    0x00, 0x00, 0x00, 0x00, 0x00, 0x00, 0x00, 0x00, 0x00, 0x00, 0x00, 0x00, 0x0E, 0x00, 0x00, 0x00,
    0x00, 0x00, 0x00, 0x00, 0xB4, 0x36, 0x00, 0x00, 0x00, 0x00, 0x00, 0x00, 0x0E, 0x00, 0x00, 0x00,
    0x00, 0x00, 0x00, 0x00, 0xA8, 0x36, 0x00, 0x00, 0x00, 0x00, 0x00, 0x00, 0x05, 0x00, 0x00, 0x00,
    0x00, 0x40, 0x00, 0x00, 0x0E, 0x00, 0x00, 0x00, 0x00, 0x00, 0x00, 0x00, 0x94, 0x36, 0x00, 0x00,
    0x00, 0x00, 0x00, 0x00, 0x0E, 0x00, 0x00, 0x00, 0x00, 0x00, 0x00, 0x00, 0x88, 0x36, 0x00, 0x00,
    0x00, 0x00, 0x00, 0x00, 0x07, 0x00, 0x00, 0x00, 0x00, 0x00, 0x00, 0x00, 0x00, 0x00, 0x00, 0x00,
    0x00, 0x00, 0x00, 0x00, 0x0E, 0x00, 0x00, 0x00, 0x00, 0x00, 0x00, 0x00, 0x6C, 0x36, 0x00, 0x00,
    0x00, 0x00, 0x00, 0x00, 0x0E, 0x00, 0x00, 0x00, 0x00, 0x00, 0x00, 0x00, 0x60, 0x36, 0x00, 0x00,
    0x00, 0x00, 0x00, 0x00, 0x05, 0x00, 0x00, 0x00, 0x00, 0x40, 0x00, 0x00, 0x0E, 0x00, 0x00, 0x00,
    0x00, 0x00, 0x00, 0x00, 0x4C, 0x36, 0x00, 0x00, 0x00, 0x00, 0x00, 0x00, 0x0E, 0x00, 0x00, 0x00,
    0x00, 0x00, 0x00, 0x00, 0x40, 0x36, 0x00, 0x00, 0x00, 0x00, 0x00, 0x00, 0x07, 0x00, 0x00, 0x00,
    0x00, 0x00, 0x00, 0x00, 0x00, 0x00, 0x00, 0x00, 0x00, 0x00, 0x00, 0x00, 0x0E, 0x00, 0x00, 0x00,
    0x00, 0x00, 0x00, 0x00, 0x24, 0x36, 0x00, 0x00, 0x00, 0x00, 0x00, 0x00, 0x0E, 0x00, 0x00, 0x00,
    0x00, 0x00, 0x00, 0x00, 0x18, 0x36, 0x00, 0x00, 0x00, 0x00, 0x00, 0x00, 0x05, 0x00, 0x00, 0x00,
    0x00, 0x40, 0x00, 0x00, 0x0E, 0x00, 0x00, 0x00, 0x00, 0x00, 0x00, 0x00, 0x04, 0x36, 0x00, 0x00,
    0x00, 0x00, 0x00, 0x00, 0x0E, 0x00, 0x00, 0x00, 0x00, 0x00, 0x00, 0x00, 0xF8, 0x35, 0x00, 0x00,
    0x00, 0x00, 0x00, 0x00, 0x07, 0x00, 0x00, 0x00, 0x00, 0x00, 0x00, 0x00, 0x00, 0x00, 0x00, 0x00,
    0x00, 0x00, 0x00, 0x00, 0x0E, 0x00, 0x00, 0x00, 0x00, 0x00, 0x00, 0x00, 0xDC, 0x35, 0x00, 0x00,
    0x00, 0x00, 0x00, 0x00, 0x0E, 0x00, 0x00, 0x00, 0x00, 0x00, 0x00, 0x00, 0xD0, 0x35, 0x00, 0x00,
    0x00, 0x00, 0x00, 0x00, 0x05, 0x00, 0x00, 0x00, 0x00, 0x40, 0x00, 0x00, 0x0E, 0x00, 0x00, 0x00,
    0x00, 0x00, 0x00, 0x00, 0xBC, 0x35, 0x00, 0x00, 0x00, 0x00, 0x00, 0x00, 0x0E, 0x00, 0x00, 0x00,
    0x00, 0x00, 0x00, 0x00, 0xB0, 0x35, 0x00, 0x00, 0x00, 0x00, 0x00, 0x00, 0x07, 0x00, 0x00, 0x00,
    0x00, 0x00, 0x00, 0x00, 0x00, 0x00, 0x00, 0x00, 0x00, 0x00, 0x00, 0x00, 0x0E, 0x00, 0x00, 0x00,
    0x00, 0x00, 0x00, 0x00, 0x94, 0x35, 0x00, 0x00, 0x00, 0x00, 0x00, 0x00, 0x0E, 0x00, 0x00, 0x00,
    0x00, 0x00, 0x00, 0x00, 0x88, 0x35, 0x00, 0x00, 0x00, 0x00, 0x00, 0x00, 0x05, 0x00, 0x00, 0x00,
    0x00, 0x40, 0x00, 0x00, 0x0E, 0x00, 0x00, 0x00, 0x00, 0x00, 0x00, 0x00, 0x74, 0x35, 0x00, 0x00,
    0x00, 0x00, 0x00, 0x00, 0x0E, 0x00, 0x00, 0x00, 0x00, 0x00, 0x00, 0x00, 0x68, 0x35, 0x00, 0x00,
    0x00, 0x00, 0x00, 0x00, 0x07, 0x00, 0x00, 0x00, 0x00, 0x00, 0x00, 0x00, 0x00, 0x00, 0x00, 0x00,
    0x00, 0x00, 0x00, 0x00, 0x0E, 0x00, 0x00, 0x00, 0x00, 0x00, 0x00, 0x00, 0x4C, 0x35, 0x00, 0x00,
    0x00, 0x00, 0x00, 0x00, 0x0E, 0x00, 0x00, 0x00, 0x00, 0x00, 0x00, 0x00, 0x40, 0x35, 0x00, 0x00,
    0x00, 0x00, 0x00, 0x00, 0x05, 0x00, 0x00, 0x00, 0x00, 0x40, 0x00, 0x00, 0x0E, 0x00, 0x00, 0x00,
    0x00, 0x00, 0x00, 0x00, 0x2C, 0x35, 0x00, 0x00, 0x00, 0x00, 0x00, 0x00, 0x0E, 0x00, 0x00, 0x00,
    0x00, 0x00, 0x00, 0x00, 0x20, 0x35, 0x00, 0x00, 0x00, 0x00, 0x00, 0x00, 0x07, 0x00, 0x00, 0x00,
    0x00, 0x00, 0x00, 0x00, 0x00, 0x00, 0x00, 0x00, 0x00, 0x00, 0x00, 0x00, 0x0E, 0x00, 0x00, 0x00,
    0x00, 0x00, 0x00, 0x00, 0x04, 0x35, 0x00, 0x00, 0x00, 0x00, 0x00, 0x00, 0x0E, 0x00, 0x00, 0x00,
    0x00, 0x00, 0x00, 0x00, 0xF8, 0x34, 0x00, 0x00, 0x00, 0x00, 0x00, 0x00, 0x05, 0x00, 0x00, 0x00,
    0x00, 0x40, 0x00, 0x00, 0x0E, 0x00, 0x00, 0x00, 0x00, 0x00, 0x00, 0x00, 0xE4, 0x34, 0x00, 0x00,
    0x00, 0x00, 0x00, 0x00, 0x0E, 0x00, 0x00, 0x00, 0x00, 0x00, 0x00, 0x00, 0xD8, 0x34, 0x00, 0x00,
    0x00, 0x00, 0x00, 0x00, 0x07, 0x00, 0x00, 0x00, 0x00, 0x00, 0x00, 0x00, 0x00, 0x00, 0x00, 0x00,
    0x00, 0x00, 0x00, 0x00, 0x0E, 0x00, 0x00, 0x00, 0x00, 0x00, 0x00, 0x00, 0xBC, 0x34, 0x00, 0x00,
    0x00, 0x00, 0x00, 0x00, 0x0E, 0x00, 0x00, 0x00, 0x00, 0x00, 0x00, 0x00, 0xB0, 0x34, 0x00, 0x00,
    0x00, 0x00, 0x00, 0x00, 0x05, 0x00, 0x00, 0x00, 0x00, 0x40, 0x00, 0x00, 0x0E, 0x00, 0x00, 0x00,
    0x00, 0x00, 0x00, 0x00, 0x9C, 0x34, 0x00, 0x00, 0x00, 0x00, 0x00, 0x00, 0x0E, 0x00, 0x00, 0x00,
    0x00, 0x00, 0x00, 0x00, 0x90, 0x34, 0x00, 0x00, 0x00, 0x00, 0x00, 0x00, 0x07, 0x00, 0x00, 0x00,
    0x00, 0x00, 0x00, 0x00, 0x00, 0x00, 0x00, 0x00, 0x00, 0x00, 0x00, 0x00, 0x0E, 0x00, 0x00, 0x00,
    0x00, 0x00, 0x00, 0x00, 0x74, 0x34, 0x00, 0x00, 0x00, 0x00, 0x00, 0x00, 0x0E, 0x00, 0x00, 0x00,
    0x00, 0x00, 0x00, 0x00, 0x68, 0x34, 0x00, 0x00, 0x00, 0x00, 0x00, 0x00, 0x05, 0x00, 0x00, 0x00,
    0x00, 0x40, 0x00, 0x00, 0x0E, 0x00, 0x00, 0x00, 0x00, 0x00, 0x00, 0x00, 0x54, 0x34, 0x00, 0x00,
    0x00, 0x00, 0x00, 0x00, 0x0E, 0x00, 0x00, 0x00, 0x00, 0x00, 0x00, 0x00, 0x48, 0x34, 0x00, 0x00,
    0x00, 0x00, 0x00, 0x00, 0x07, 0x00, 0x00, 0x00, 0x00, 0x00, 0x00, 0x00, 0x00, 0x00, 0x00, 0x00,
    0x00, 0x00, 0x00, 0x00, 0x0E, 0x00, 0x00, 0x00, 0x00, 0x00, 0x00, 0x00, 0x2C, 0x34, 0x00, 0x00,
    0x00, 0x00, 0x00, 0x00, 0x0E, 0x00, 0x00, 0x00, 0x00, 0x00, 0x00, 0x00, 0x20, 0x34, 0x00, 0x00,
    0x00, 0x00, 0x00, 0x00, 0x05, 0x00, 0x00, 0x00, 0x00, 0x40, 0x00, 0x00, 0x0E, 0x00, 0x00, 0x00,
    0x00, 0x00, 0x00, 0x00, 0x0C, 0x34, 0x00, 0x00, 0x00, 0x00, 0x00, 0x00, 0x0E, 0x00, 0x00, 0x00,
    0x00, 0x00, 0x00, 0x00, 0x00, 0x34, 0x00, 0x00, 0x00, 0x00, 0x00, 0x00, 0x07, 0x00, 0x00, 0x00,
    0x00, 0x00, 0x00, 0x00, 0x00, 0x00, 0x00, 0x00, 0x00, 0x00, 0x00, 0x00, 0x0E, 0x00, 0x00, 0x00,
    0x00, 0x00, 0x00, 0x00, 0xE4, 0x33, 0x00, 0x00, 0x00, 0x00, 0x00, 0x00, 0x0E, 0x00, 0x00, 0x00,
    0x00, 0x00, 0x00, 0x00, 0xD8, 0x33, 0x00, 0x00, 0x00, 0x00, 0x00, 0x00, 0x05, 0x00, 0x00, 0x00,
    0x00, 0x40, 0x00, 0x00, 0x0E, 0x00, 0x00, 0x00, 0x00, 0x00, 0x00, 0x00, 0xC4, 0x33, 0x00, 0x00,
    0x00, 0x00, 0x00, 0x00, 0x0E, 0x00, 0x00, 0x00, 0x00, 0x00, 0x00, 0x00, 0xB8, 0x33, 0x00, 0x00,
    0x00, 0x00, 0x00, 0x00, 0x07, 0x00, 0x00, 0x00, 0x00, 0x00, 0x00, 0x00, 0x00, 0x00, 0x00, 0x00,
    0x00, 0x00, 0x00, 0x00, 0x0E, 0x00, 0x00, 0x00, 0x00, 0x00, 0x00, 0x00, 0x9C, 0x33, 0x00, 0x00,
    0x00, 0x00, 0x00, 0x00, 0x0E, 0x00, 0x00, 0x00, 0x00, 0x00, 0x00, 0x00, 0x90, 0x33, 0x00, 0x00,
    0x00, 0x00, 0x00, 0x00, 0x05, 0x00, 0x00, 0x00, 0x00, 0x40, 0x00, 0x00, 0x0E, 0x00, 0x00, 0x00,
    0x00, 0x00, 0x00, 0x00, 0x7C, 0x33, 0x00, 0x00, 0x00, 0x00, 0x00, 0x00, 0x0E, 0x00, 0x00, 0x00,
    0x00, 0x00, 0x00, 0x00, 0x70, 0x33, 0x00, 0x00, 0x00, 0x00, 0x00, 0x00, 0x07, 0x00, 0x00, 0x00,
    0x00, 0x00, 0x00, 0x00, 0x00, 0x00, 0x00, 0x00, 0x00, 0x00, 0x00, 0x00, 0x0E, 0x00, 0x00, 0x00,
    0x00, 0x00, 0x00, 0x00, 0x54, 0x33, 0x00, 0x00, 0x00, 0x00, 0x00, 0x00, 0x0E, 0x00, 0x00, 0x00,
    0x00, 0x00, 0x00, 0x00, 0x48, 0x33, 0x00, 0x00, 0x00, 0x00, 0x00, 0x00, 0x05, 0x00, 0x00, 0x00,
    0x00, 0x40, 0x00, 0x00, 0x0E, 0x00, 0x00, 0x00, 0x00, 0x00, 0x00, 0x00, 0x34, 0x33, 0x00, 0x00,
    0x00, 0x00, 0x00, 0x00, 0x0E, 0x00, 0x00, 0x00, 0x00, 0x00, 0x00, 0x00, 0x28, 0x33, 0x00, 0x00,
    0x00, 0x00, 0x00, 0x00, 0x07, 0x00, 0x00, 0x00, 0x00, 0x00, 0x00, 0x00, 0x00, 0x00, 0x00, 0x00,
    0x00, 0x00, 0x00, 0x00, 0x0E, 0x00, 0x00, 0x00, 0x00, 0x00, 0x00, 0x00, 0x0C, 0x33, 0x00, 0x00,
    0x00, 0x00, 0x00, 0x00, 0x0E, 0x00, 0x00, 0x00, 0x00, 0x00, 0x00, 0x00, 0x00, 0x33, 0x00, 0x00,
    0x00, 0x00, 0x00, 0x00, 0x05, 0x00, 0x00, 0x00, 0x00, 0x40, 0x00, 0x00, 0x0E, 0x00, 0x00, 0x00,
    0x00, 0x00, 0x00, 0x00, 0xEC, 0x32, 0x00, 0x00, 0x00, 0x00, 0x00, 0x00, 0x0E, 0x00, 0x00, 0x00,
    0x00, 0x00, 0x00, 0x00, 0xE0, 0x32, 0x00, 0x00, 0x00, 0x00, 0x00, 0x00, 0x07, 0x00, 0x00, 0x00,
    0x00, 0x00, 0x00, 0x00, 0x00, 0x00, 0x00, 0x00, 0x00, 0x00, 0x00, 0x00, 0x0E, 0x00, 0x00, 0x00,
    0x00, 0x00, 0x00, 0x00, 0xC4, 0x32, 0x00, 0x00, 0x00, 0x00, 0x00, 0x00, 0x0E, 0x00, 0x00, 0x00,
    0x00, 0x00, 0x00, 0x00, 0xB8, 0x32, 0x00, 0x00, 0x00, 0x00, 0x00, 0x00, 0x05, 0x00, 0x00, 0x00,
    0x00, 0x40, 0x00, 0x00, 0x0E, 0x00, 0x00, 0x00, 0x00, 0x00, 0x00, 0x00, 0xA4, 0x32, 0x00, 0x00,
    0x00, 0x00, 0x00, 0x00, 0x0E, 0x00, 0x00, 0x00, 0x00, 0x00, 0x00, 0x00, 0x98, 0x32, 0x00, 0x00,
    0x00, 0x00, 0x00, 0x00, 0x07, 0x00, 0x00, 0x00, 0x00, 0x00, 0x00, 0x00, 0x00, 0x00, 0x00, 0x00,
    0x00, 0x00, 0x00, 0x00, 0x0E, 0x00, 0x00, 0x00, 0x00, 0x00, 0x00, 0x00, 0x7C, 0x32, 0x00, 0x00,
    0x00, 0x00, 0x00, 0x00, 0x0E, 0x00, 0x00, 0x00, 0x00, 0x00, 0x00, 0x00, 0x70, 0x32, 0x00, 0x00,
    0x00, 0x00, 0x00, 0x00, 0x05, 0x00, 0x00, 0x00, 0x00, 0x40, 0x00, 0x00, 0x0E, 0x00, 0x00, 0x00,
    0x00, 0x00, 0x00, 0x00, 0x5C, 0x32, 0x00, 0x00, 0x00, 0x00, 0x00, 0x00, 0x0E, 0x00, 0x00, 0x00,
    0x00, 0x00, 0x00, 0x00, 0x50, 0x32, 0x00, 0x00, 0x00, 0x00, 0x00, 0x00, 0x07, 0x00, 0x00, 0x00,
    0x00, 0x00, 0x00, 0x00, 0x00, 0x00, 0x00, 0x00, 0x00, 0x00, 0x00, 0x00, 0x0E, 0x00, 0x00, 0x00,
    0x00, 0x00, 0x00, 0x00, 0x34, 0x32, 0x00, 0x00, 0x00, 0x00, 0x00, 0x00, 0x0E, 0x00, 0x00, 0x00,
    0x00, 0x00, 0x00, 0x00, 0x28, 0x32, 0x00, 0x00, 0x00, 0x00, 0x00, 0x00, 0x05, 0x00, 0x00, 0x00,
    0x00, 0x40, 0x00, 0x00, 0x0E, 0x00, 0x00, 0x00, 0x00, 0x00, 0x00, 0x00, 0x14, 0x32, 0x00, 0x00,
    0x00, 0x00, 0x00, 0x00, 0x0E, 0x00, 0x00, 0x00, 0x00, 0x00, 0x00, 0x00, 0x08, 0x32, 0x00, 0x00,
    0x00, 0x00, 0x00, 0x00, 0x07, 0x00, 0x00, 0x00, 0x00, 0x00, 0x00, 0x00, 0x00, 0x00, 0x00, 0x00,
    0x00, 0x00, 0x00, 0x00, 0x0E, 0x00, 0x00, 0x00, 0x00, 0x00, 0x00, 0x00, 0xEC, 0x31, 0x00, 0x00,
    0x00, 0x00, 0x00, 0x00, 0x0E, 0x00, 0x00, 0x00, 0x00, 0x00, 0x00, 0x00, 0xE0, 0x31, 0x00, 0x00,
    0x00, 0x00, 0x00, 0x00, 0x05, 0x00, 0x00, 0x00, 0x00, 0x40, 0x00, 0x00, 0x0E, 0x00, 0x00, 0x00,
    0x00, 0x00, 0x00, 0x00, 0xCC, 0x31, 0x00, 0x00, 0x00, 0x00, 0x00, 0x00, 0x0E, 0x00, 0x00, 0x00,
    0x00, 0x00, 0x00, 0x00, 0xC0, 0x31, 0x00, 0x00, 0x00, 0x00, 0x00, 0x00, 0x07, 0x00, 0x00, 0x00,
    0x00, 0x00, 0x00, 0x00, 0x00, 0x00, 0x00, 0x00, 0x00, 0x00, 0x00, 0x00, 0x0E, 0x00, 0x00, 0x00,
    0x00, 0x00, 0x00, 0x00, 0xA4, 0x31, 0x00, 0x00, 0x00, 0x00, 0x00, 0x00, 0x0E, 0x00, 0x00, 0x00,
    0x00, 0x00, 0x00, 0x00, 0x98, 0x31, 0x00, 0x00, 0x00, 0x00, 0x00, 0x00, 0x05, 0x00, 0x00, 0x00,
    0x00, 0x40, 0x00, 0x00, 0x0E, 0x00, 0x00, 0x00, 0x00, 0x00, 0x00, 0x00, 0x84, 0x31, 0x00, 0x00,
    0x00, 0x00, 0x00, 0x00, 0x0E, 0x00, 0x00, 0x00, 0x00, 0x00, 0x00, 0x00, 0x78, 0x31, 0x00, 0x00,
    0x00, 0x00, 0x00, 0x00, 0x07, 0x00, 0x00, 0x00, 0x00, 0x00, 0x00, 0x00, 0x00, 0x00, 0x00, 0x00,
    0x00, 0x00, 0x00, 0x00, 0x0E, 0x00, 0x00, 0x00, 0x00, 0x00, 0x00, 0x00, 0x5C, 0x31, 0x00, 0x00,
    0x00, 0x00, 0x00, 0x00, 0x0E, 0x00, 0x00, 0x00, 0x00, 0x00, 0x00, 0x00, 0x50, 0x31, 0x00, 0x00,
    0x00, 0x00, 0x00, 0x00, 0x05, 0x00, 0x00, 0x00, 0x00, 0x40, 0x00, 0x00, 0x0E, 0x00, 0x00, 0x00,
    0x00, 0x00, 0x00, 0x00, 0x3C, 0x31, 0x00, 0x00, 0x00, 0x00, 0x00, 0x00, 0x0E, 0x00, 0x00, 0x00,
    0x00, 0x00, 0x00, 0x00, 0x30, 0x31, 0x00, 0x00, 0x00, 0x00, 0x00, 0x00, 0x07, 0x00, 0x00, 0x00,
    0x00, 0x00, 0x00, 0x00, 0x00, 0x00, 0x00, 0x00, 0x00, 0x00, 0x00, 0x00, 0x0E, 0x00, 0x00, 0x00,
    0x00, 0x00, 0x00, 0x00, 0x14, 0x31, 0x00, 0x00, 0x00, 0x00, 0x00, 0x00, 0x0E, 0x00, 0x00, 0x00,
    0x00, 0x00, 0x00, 0x00, 0x08, 0x31, 0x00, 0x00, 0x00, 0x00, 0x00, 0x00, 0x06, 0x00, 0x00, 0x00,
    0x01, 0x40, 0x00, 0x00, 0x0E, 0x00, 0x00, 0x00, 0x00, 0x00, 0x00, 0x00, 0xF4, 0x30, 0x00, 0x00,
    0x00, 0x00, 0x00, 0x00, 0x0E, 0x00, 0x00, 0x00, 0x00, 0x00, 0x00, 0x00, 0xE8, 0x30, 0x00, 0x00,
    0x00, 0x00, 0x00, 0x00, 0x0E, 0x00, 0x00, 0x00, 0x00, 0x00, 0x00, 0x00, 0xDC, 0x30, 0x00, 0x00,
    0x00, 0x00, 0x00, 0x00, 0x07, 0x00, 0x00, 0x00, 0x00, 0x00, 0x00, 0x00, 0x00, 0x00, 0x00, 0x00,
    0x00, 0x00, 0x00, 0x00, 0x0E, 0x00, 0x00, 0x00, 0x00, 0x00, 0x00, 0x00, 0xC0, 0x30, 0x00, 0x00,
    0x00, 0x00, 0x00, 0x00, 0x07, 0x00, 0x00, 0x00, 0x00, 0x00, 0x00, 0x00, 0x00, 0x00, 0x00, 0x00,
    0x00, 0x00, 0x00, 0x00, 0x06, 0x00, 0x00, 0x00, 0x01, 0x40, 0x00, 0x00, 0x0E, 0x00, 0x00, 0x00,
    0x00, 0x00, 0x00, 0x00, 0x9C, 0x30, 0x00, 0x00, 0x00, 0x00, 0x00, 0x00, 0x0E, 0x00, 0x00, 0x00,
    0x00, 0x00, 0x00, 0x00, 0x90, 0x30, 0x00, 0x00, 0x00, 0x00, 0x00, 0x00, 0x0E, 0x00, 0x00, 0x00,
    0x00, 0x00, 0x00, 0x00, 0x84, 0x30, 0x00, 0x00, 0x00, 0x00, 0x00, 0x00, 0x07, 0x00, 0x00, 0x00,
    0x00, 0x00, 0x00, 0x00, 0x00, 0x00, 0x00, 0x00, 0x00, 0x00, 0x00, 0x00, 0x0E, 0x00, 0x00, 0x00,
    0x00, 0x00, 0x00, 0x00, 0x68, 0x30, 0x00, 0x00, 0x00, 0x00, 0x00, 0x00, 0x07, 0x00, 0x00, 0x00,
    0x00, 0x00, 0x00, 0x00, 0x00, 0x00, 0x00, 0x00, 0x00, 0x00, 0x00, 0x00, 0x06, 0x00, 0x00, 0x00,
    0x01, 0x40, 0x00, 0x00, 0x0E, 0x00, 0x00, 0x00, 0x00, 0x00, 0x00, 0x00, 0x44, 0x30, 0x00, 0x00,
    0x00, 0x00, 0x00, 0x00, 0x0E, 0x00, 0x00, 0x00, 0x00, 0x00, 0x00, 0x00, 0x38, 0x30, 0x00, 0x00,
    0x00, 0x00, 0x00, 0x00, 0x0E, 0x00, 0x00, 0x00, 0x00, 0x00, 0x00, 0x00, 0x2C, 0x30, 0x00, 0x00,
    0x00, 0x00, 0x00, 0x00, 0x07, 0x00, 0x00, 0x00, 0x00, 0x00, 0x00, 0x00, 0x00, 0x00, 0x00, 0x00,
    0x00, 0x00, 0x00, 0x00, 0x0E, 0x00, 0x00, 0x00, 0x00, 0x00, 0x00, 0x00, 0x10, 0x30, 0x00, 0x00,
    0x00, 0x00, 0x00, 0x00, 0x07, 0x00, 0x00, 0x00, 0x00, 0x00, 0x00, 0x00, 0x00, 0x00, 0x00, 0x00,
    0x00, 0x00, 0x00, 0x00, 0x06, 0x00, 0x00, 0x00, 0x01, 0x40, 0x00, 0x00, 0x0E, 0x00, 0x00, 0x00,
    0x00, 0x00, 0x00, 0x00, 0xEC, 0x2F, 0x00, 0x00, 0x00, 0x00, 0x00, 0x00, 0x0E, 0x00, 0x00, 0x00,
    0x00, 0x00, 0x00, 0x00, 0xE0, 0x2F, 0x00, 0x00, 0x00, 0x00, 0x00, 0x00, 0x0E, 0x00, 0x00, 0x00,
    0x00, 0x00, 0x00, 0x00, 0xD4, 0x2F, 0x00, 0x00, 0x00, 0x00, 0x00, 0x00, 0x07, 0x00, 0x00, 0x00,
    0x00, 0x00, 0x00, 0x00, 0x00, 0x00, 0x00, 0x00, 0x00, 0x00, 0x00, 0x00, 0x0E, 0x00, 0x00, 0x00,
    0x00, 0x00, 0x00, 0x00, 0xB8, 0x2F, 0x00, 0x00, 0x00, 0x00, 0x00, 0x00, 0x07, 0x00, 0x00, 0x00,
    0x00, 0x00, 0x00, 0x00, 0x00, 0x00, 0x00, 0x00, 0x00, 0x00, 0x00, 0x00, 0x06, 0x00, 0x00, 0x00,
    0x01, 0x40, 0x00, 0x00, 0x0E, 0x00, 0x00, 0x00, 0x00, 0x00, 0x00, 0x00, 0x94, 0x2F, 0x00, 0x00,
    0x00, 0x00, 0x00, 0x00, 0x0E, 0x00, 0x00, 0x00, 0x00, 0x00, 0x00, 0x00, 0x88, 0x2F, 0x00, 0x00,
    0x00, 0x00, 0x00, 0x00, 0x0E, 0x00, 0x00, 0x00, 0x00, 0x00, 0x00, 0x00, 0x7C, 0x2F, 0x00, 0x00,
    0x00, 0x00, 0x00, 0x00, 0x07, 0x00, 0x00, 0x00, 0x00, 0x00, 0x00, 0x00, 0x00, 0x00, 0x00, 0x00,
    0x00, 0x00, 0x00, 0x00, 0x0E, 0x00, 0x00, 0x00, 0x00, 0x00, 0x00, 0x00, 0x60, 0x2F, 0x00, 0x00,
    0x00, 0x00, 0x00, 0x00, 0x07, 0x00, 0x00, 0x00, 0x00, 0x00, 0x00, 0x00, 0x00, 0x00, 0x00, 0x00,
    0x00, 0x00, 0x00, 0x00, 0x06, 0x00, 0x00, 0x00, 0x01, 0x40, 0x00, 0x00, 0x0E, 0x00, 0x00, 0x00,
    0x00, 0x00, 0x00, 0x00, 0x3C, 0x2F, 0x00, 0x00, 0x00, 0x00, 0x00, 0x00, 0x0E, 0x00, 0x00, 0x00,
    0x00, 0x00, 0x00, 0x00, 0x30, 0x2F, 0x00, 0x00, 0x00, 0x00, 0x00, 0x00, 0x0E, 0x00, 0x00, 0x00,
    0x00, 0x00, 0x00, 0x00, 0x24, 0x2F, 0x00, 0x00, 0x00, 0x00, 0x00, 0x00, 0x07, 0x00, 0x00, 0x00,
    0x00, 0x00, 0x00, 0x00, 0x00, 0x00, 0x00, 0x00, 0x00, 0x00, 0x00, 0x00, 0x0E, 0x00, 0x00, 0x00,
    0x00, 0x00, 0x00, 0x00, 0x08, 0x2F, 0x00, 0x00, 0x00, 0x00, 0x00, 0x00, 0x07, 0x00, 0x00, 0x00,
    0x00, 0x00, 0x00, 0x00, 0x00, 0x00, 0x00, 0x00, 0x00, 0x00, 0x00, 0x00, 0x06, 0x00, 0x00, 0x00,
    0x01, 0x40, 0x00, 0x00, 0x0E, 0x00, 0x00, 0x00, 0x00, 0x00, 0x00, 0x00, 0xE4, 0x2E, 0x00, 0x00,
    0x00, 0x00, 0x00, 0x00, 0x0E, 0x00, 0x00, 0x00, 0x00, 0x00, 0x00, 0x00, 0xD8, 0x2E, 0x00, 0x00,
    0x00, 0x00, 0x00, 0x00, 0x0E, 0x00, 0x00, 0x00, 0x00, 0x00, 0x00, 0x00, 0xCC, 0x2E, 0x00, 0x00,
    0x00, 0x00, 0x00, 0x00, 0x07, 0x00, 0x00, 0x00, 0x00, 0x00, 0x00, 0x00, 0x00, 0x00, 0x00, 0x00,
    0x00, 0x00, 0x00, 0x00, 0x0E, 0x00, 0x00, 0x00, 0x00, 0x00, 0x00, 0x00, 0xB0, 0x2E, 0x00, 0x00,
    0x00, 0x00, 0x00, 0x00, 0x07, 0x00, 0x00, 0x00, 0x00, 0x00, 0x00, 0x00, 0x00, 0x00, 0x00, 0x00,
    0x00, 0x00, 0x00, 0x00, 0x06, 0x00, 0x00, 0x00, 0x01, 0x40, 0x00, 0x00, 0x0E, 0x00, 0x00, 0x00,
    0x00, 0x00, 0x00, 0x00, 0x8C, 0x2E, 0x00, 0x00, 0x00, 0x00, 0x00, 0x00, 0x0E, 0x00, 0x00, 0x00,
    0x00, 0x00, 0x00, 0x00, 0x80, 0x2E, 0x00, 0x00, 0x00, 0x00, 0x00, 0x00, 0x0E, 0x00, 0x00, 0x00,
    0x00, 0x00, 0x00, 0x00, 0x74, 0x2E, 0x00, 0x00, 0x00, 0x00, 0x00, 0x00, 0x07, 0x00, 0x00, 0x00,
    0x00, 0x00, 0x00, 0x00, 0x00, 0x00, 0x00, 0x00, 0x00, 0x00, 0x00, 0x00, 0x0E, 0x00, 0x00, 0x00,
    0x00, 0x00, 0x00, 0x00, 0x58, 0x2E, 0x00, 0x00, 0x00, 0x00, 0x00, 0x00, 0x07, 0x00, 0x00, 0x00,
    0x00, 0x00, 0x00, 0x00, 0x00, 0x00, 0x00, 0x00, 0x00, 0x00, 0x00, 0x00, 0x06, 0x00, 0x00, 0x00,
    0x01, 0x40, 0x00, 0x00, 0x0E, 0x00, 0x00, 0x00, 0x00, 0x00, 0x00, 0x00, 0x34, 0x2E, 0x00, 0x00,
    0x00, 0x00, 0x00, 0x00, 0x0E, 0x00, 0x00, 0x00, 0x00, 0x00, 0x00, 0x00, 0x28, 0x2E, 0x00, 0x00,
    0x00, 0x00, 0x00, 0x00, 0x0E, 0x00, 0x00, 0x00, 0x00, 0x00, 0x00, 0x00, 0x1C, 0x2E, 0x00, 0x00,
    0x00, 0x00, 0x00, 0x00, 0x07, 0x00, 0x00, 0x00, 0x00, 0x00, 0x00, 0x00, 0x00, 0x00, 0x00, 0x00,
    0x00, 0x00, 0x00, 0x00, 0x0E, 0x00, 0x00, 0x00, 0x00, 0x00, 0x00, 0x00, 0x00, 0x2E, 0x00, 0x00,
    0x00, 0x00, 0x00, 0x00, 0x07, 0x00, 0x00, 0x00, 0x00, 0x00, 0x00, 0x00, 0x00, 0x00, 0x00, 0x00,
    0x00, 0x00, 0x00, 0x00, 0x06, 0x00, 0x00, 0x00, 0x01, 0x40, 0x00, 0x00, 0x0E, 0x00, 0x00, 0x00,
    0x00, 0x00, 0x00, 0x00, 0xDC, 0x2D, 0x00, 0x00, 0x00, 0x00, 0x00, 0x00, 0x0E, 0x00, 0x00, 0x00,
    0x00, 0x00, 0x00, 0x00, 0xD0, 0x2D, 0x00, 0x00, 0x00, 0x00, 0x00, 0x00, 0x0E, 0x00, 0x00, 0x00,
    0x00, 0x00, 0x00, 0x00, 0xC4, 0x2D, 0x00, 0x00, 0x00, 0x00, 0x00, 0x00, 0x07, 0x00, 0x00, 0x00,
    0x00, 0x00, 0x00, 0x00, 0x00, 0x00, 0x00, 0x00, 0x00, 0x00, 0x00, 0x00, 0x0E, 0x00, 0x00, 0x00,
    0x00, 0x00, 0x00, 0x00, 0xA8, 0x2D, 0x00, 0x00, 0x00, 0x00, 0x00, 0x00, 0x07, 0x00, 0x00, 0x00,
    0x00, 0x00, 0x00, 0x00, 0x00, 0x00, 0x00, 0x00, 0x00, 0x00, 0x00, 0x00, 0x06, 0x00, 0x00, 0x00,
    0x01, 0x40, 0x00, 0x00, 0x0E, 0x00, 0x00, 0x00, 0x00, 0x00, 0x00, 0x00, 0x84, 0x2D, 0x00, 0x00,
    0x00, 0x00, 0x00, 0x00, 0x0E, 0x00, 0x00, 0x00, 0x00, 0x00, 0x00, 0x00, 0x78, 0x2D, 0x00, 0x00,
    0x00, 0x00, 0x00, 0x00, 0x0E, 0x00, 0x00, 0x00, 0x00, 0x00, 0x00, 0x00, 0x6C, 0x2D, 0x00, 0x00,
    0x00, 0x00, 0x00, 0x00, 0x07, 0x00, 0x00, 0x00, 0x00, 0x00, 0x00, 0x00, 0x00, 0x00, 0x00, 0x00,
    0x00, 0x00, 0x00, 0x00, 0x0E, 0x00, 0x00, 0x00, 0x00, 0x00, 0x00, 0x00, 0x50, 0x2D, 0x00, 0x00,
    0x00, 0x00, 0x00, 0x00, 0x07, 0x00, 0x00, 0x00, 0x00, 0x00, 0x00, 0x00, 0x00, 0x00, 0x00, 0x00,
    0x00, 0x00, 0x00, 0x00, 0x06, 0x00, 0x00, 0x00, 0x01, 0x40, 0x00, 0x00, 0x0E, 0x00, 0x00, 0x00,
    0x00, 0x00, 0x00, 0x00, 0x2C, 0x2D, 0x00, 0x00, 0x00, 0x00, 0x00, 0x00, 0x0E, 0x00, 0x00, 0x00,
    0x00, 0x00, 0x00, 0x00, 0x20, 0x2D, 0x00, 0x00, 0x00, 0x00, 0x00, 0x00, 0x0E, 0x00, 0x00, 0x00,
    0x00, 0x00, 0x00, 0x00, 0x14, 0x2D, 0x00, 0x00, 0x00, 0x00, 0x00, 0x00, 0x07, 0x00, 0x00, 0x00,
    0x00, 0x00, 0x00, 0x00, 0x00, 0x00, 0x00, 0x00, 0x00, 0x00, 0x00, 0x00, 0x0E, 0x00, 0x00, 0x00,
    0x00, 0x00, 0x00, 0x00, 0xF8, 0x2C, 0x00, 0x00, 0x00, 0x00, 0x00, 0x00, 0x07, 0x00, 0x00, 0x00,
    0x00, 0x00, 0x00, 0x00, 0x00, 0x00, 0x00, 0x00, 0x00, 0x00, 0x00, 0x00, 0x06, 0x00, 0x00, 0x00,
    0x01, 0x40, 0x00, 0x00, 0x0E, 0x00, 0x00, 0x00, 0x00, 0x00, 0x00, 0x00, 0xD4, 0x2C, 0x00, 0x00,
    0x00, 0x00, 0x00, 0x00, 0x0E, 0x00, 0x00, 0x00, 0x00, 0x00, 0x00, 0x00, 0xC8, 0x2C, 0x00, 0x00,
    0x00, 0x00, 0x00, 0x00, 0x0E, 0x00, 0x00, 0x00, 0x00, 0x00, 0x00, 0x00, 0xBC, 0x2C, 0x00, 0x00,
    0x00, 0x00, 0x00, 0x00, 0x07, 0x00, 0x00, 0x00, 0x00, 0x00, 0x00, 0x00, 0x00, 0x00, 0x00, 0x00,
    0x00, 0x00, 0x00, 0x00, 0x0E, 0x00, 0x00, 0x00, 0x00, 0x00, 0x00, 0x00, 0xA0, 0x2C, 0x00, 0x00,
    0x00, 0x00, 0x00, 0x00, 0x07, 0x00, 0x00, 0x00, 0x00, 0x00, 0x00, 0x00, 0x00, 0x00, 0x00, 0x00,
    0x00, 0x00, 0x00, 0x00, 0x06, 0x00, 0x00, 0x00, 0x01, 0x40, 0x00, 0x00, 0x0E, 0x00, 0x00, 0x00,
    0x00, 0x00, 0x00, 0x00, 0x7C, 0x2C, 0x00, 0x00, 0x00, 0x00, 0x00, 0x00, 0x0E, 0x00, 0x00, 0x00,
    0x00, 0x00, 0x00, 0x00, 0x70, 0x2C, 0x00, 0x00, 0x00, 0x00, 0x00, 0x00, 0x0E, 0x00, 0x00, 0x00,
    0x00, 0x00, 0x00, 0x00, 0x64, 0x2C, 0x00, 0x00, 0x00, 0x00, 0x00, 0x00, 0x07, 0x00, 0x00, 0x00,
    0x00, 0x00, 0x00, 0x00, 0x00, 0x00, 0x00, 0x00, 0x00, 0x00, 0x00, 0x00, 0x0E, 0x00, 0x00, 0x00,
    0x00, 0x00, 0x00, 0x00, 0x48, 0x2C, 0x00, 0x00, 0x00, 0x00, 0x00, 0x00, 0x07, 0x00, 0x00, 0x00,
    0x00, 0x00, 0x00, 0x00, 0x00, 0x00, 0x00, 0x00, 0x00, 0x00, 0x00, 0x00, 0x06, 0x00, 0x00, 0x00,
    0x01, 0x40, 0x00, 0x00, 0x0E, 0x00, 0x00, 0x00, 0x00, 0x00, 0x00, 0x00, 0x24, 0x2C, 0x00, 0x00,
    0x00, 0x00, 0x00, 0x00, 0x0E, 0x00, 0x00, 0x00, 0x00, 0x00, 0x00, 0x00, 0x18, 0x2C, 0x00, 0x00,
    0x00, 0x00, 0x00, 0x00, 0x0E, 0x00, 0x00, 0x00, 0x00, 0x00, 0x00, 0x00, 0x0C, 0x2C, 0x00, 0x00,
    0x00, 0x00, 0x00, 0x00, 0x07, 0x00, 0x00, 0x00, 0x00, 0x00, 0x00, 0x00, 0x00, 0x00, 0x00, 0x00,
    0x00, 0x00, 0x00, 0x00, 0x0E, 0x00, 0x00, 0x00, 0x00, 0x00, 0x00, 0x00, 0xF0, 0x2B, 0x00, 0x00,
    0x00, 0x00, 0x00, 0x00, 0x07, 0x00, 0x00, 0x00, 0x00, 0x00, 0x00, 0x00, 0x00, 0x00, 0x00, 0x00,
    0x00, 0x00, 0x00, 0x00, 0x06, 0x00, 0x00, 0x00, 0x01, 0x40, 0x00, 0x00, 0x0E, 0x00, 0x00, 0x00,
    0x00, 0x00, 0x00, 0x00, 0xCC, 0x2B, 0x00, 0x00, 0x00, 0x00, 0x00, 0x00, 0x0E, 0x00, 0x00, 0x00,
    0x00, 0x00, 0x00, 0x00, 0xC0, 0x2B, 0x00, 0x00, 0x00, 0x00, 0x00, 0x00, 0x0E, 0x00, 0x00, 0x00,
    0x00, 0x00, 0x00, 0x00, 0xB4, 0x2B, 0x00, 0x00, 0x00, 0x00, 0x00, 0x00, 0x07, 0x00, 0x00, 0x00,
    0x00, 0x00, 0x00, 0x00, 0x00, 0x00, 0x00, 0x00, 0x00, 0x00, 0x00, 0x00, 0x0E, 0x00, 0x00, 0x00,
    0x00, 0x00, 0x00, 0x00, 0x98, 0x2B, 0x00, 0x00, 0x00, 0x00, 0x00, 0x00, 0x07, 0x00, 0x00, 0x00,
    0x00, 0x00, 0x00, 0x00, 0x00, 0x00, 0x00, 0x00, 0x00, 0x00, 0x00, 0x00, 0x06, 0x00, 0x00, 0x00,
    0x01, 0x40, 0x00, 0x00, 0x0E, 0x00, 0x00, 0x00, 0x00, 0x00, 0x00, 0x00, 0x74, 0x2B, 0x00, 0x00,
    0x00, 0x00, 0x00, 0x00, 0x0E, 0x00, 0x00, 0x00, 0x00, 0x00, 0x00, 0x00, 0x68, 0x2B, 0x00, 0x00,
    0x00, 0x00, 0x00, 0x00, 0x0E, 0x00, 0x00, 0x00, 0x00, 0x00, 0x00, 0x00, 0x5C, 0x2B, 0x00, 0x00,
    0x00, 0x00, 0x00, 0x00, 0x07, 0x00, 0x00, 0x00, 0x00, 0x00, 0x00, 0x00, 0x00, 0x00, 0x00, 0x00,
    0x00, 0x00, 0x00, 0x00, 0x0E, 0x00, 0x00, 0x00, 0x00, 0x00, 0x00, 0x00, 0x40, 0x2B, 0x00, 0x00,
    0x00, 0x00, 0x00, 0x00, 0x07, 0x00, 0x00, 0x00, 0x00, 0x00, 0x00, 0x00, 0x00, 0x00, 0x00, 0x00,
    0x00, 0x00, 0x00, 0x00, 0x06, 0x00, 0x00, 0x00, 0x01, 0x40, 0x00, 0x00, 0x0E, 0x00, 0x00, 0x00,
    0x00, 0x00, 0x00, 0x00, 0x1C, 0x2B, 0x00, 0x00, 0x00, 0x00, 0x00, 0x00, 0x0E, 0x00, 0x00, 0x00,
    0x00, 0x00, 0x00, 0x00, 0x10, 0x2B, 0x00, 0x00, 0x00, 0x00, 0x00, 0x00, 0x0E, 0x00, 0x00, 0x00,
    0x00, 0x00, 0x00, 0x00, 0x04, 0x2B, 0x00, 0x00, 0x00, 0x00, 0x00, 0x00, 0x07, 0x00, 0x00, 0x00,
    0x00, 0x00, 0x00, 0x00, 0x00, 0x00, 0x00, 0x00, 0x00, 0x00, 0x00, 0x00, 0x0E, 0x00, 0x00, 0x00,
    0x00, 0x00, 0x00, 0x00, 0xE8, 0x2A, 0x00, 0x00, 0x00, 0x00, 0x00, 0x00, 0x07, 0x00, 0x00, 0x00,
    0x00, 0x00, 0x00, 0x00, 0x00, 0x00, 0x00, 0x00, 0x00, 0x00, 0x00, 0x00, 0x06, 0x00, 0x00, 0x00,
    0x01, 0x40, 0x00, 0x00, 0x0E, 0x00, 0x00, 0x00, 0x00, 0x00, 0x00, 0x00, 0xC4, 0x2A, 0x00, 0x00,
    0x00, 0x00, 0x00, 0x00, 0x0E, 0x00, 0x00, 0x00, 0x00, 0x00, 0x00, 0x00, 0xB8, 0x2A, 0x00, 0x00,
    0x00, 0x00, 0x00, 0x00, 0x0E, 0x00, 0x00, 0x00, 0x00, 0x00, 0x00, 0x00, 0xAC, 0x2A, 0x00, 0x00,
    0x00, 0x00, 0x00, 0x00, 0x07, 0x00, 0x00, 0x00, 0x00, 0x00, 0x00, 0x00, 0x00, 0x00, 0x00, 0x00,
    0x00, 0x00, 0x00, 0x00, 0x0E, 0x00, 0x00, 0x00, 0x00, 0x00, 0x00, 0x00, 0x90, 0x2A, 0x00, 0x00,
    0x00, 0x00, 0x00, 0x00, 0x07, 0x00, 0x00, 0x00, 0x00, 0x00, 0x00, 0x00, 0x00, 0x00, 0x00, 0x00,
    0x00, 0x00, 0x00, 0x00, 0x06, 0x00, 0x00, 0x00, 0x01, 0x40, 0x00, 0x00, 0x0E, 0x00, 0x00, 0x00,
    0x00, 0x00, 0x00, 0x00, 0x6C, 0x2A, 0x00, 0x00, 0x00, 0x00, 0x00, 0x00, 0x0E, 0x00, 0x00, 0x00,
    0x00, 0x00, 0x00, 0x00, 0x60, 0x2A, 0x00, 0x00, 0x00, 0x00, 0x00, 0x00, 0x0E, 0x00, 0x00, 0x00,
    0x00, 0x00, 0x00, 0x00, 0x54, 0x2A, 0x00, 0x00, 0x00, 0x00, 0x00, 0x00, 0x07, 0x00, 0x00, 0x00,
    0x00, 0x00, 0x00, 0x00, 0x00, 0x00, 0x00, 0x00, 0x00, 0x00, 0x00, 0x00, 0x0E, 0x00, 0x00, 0x00,
    0x00, 0x00, 0x00, 0x00, 0x38, 0x2A, 0x00, 0x00, 0x00, 0x00, 0x00, 0x00, 0x07, 0x00, 0x00, 0x00,
    0x00, 0x00, 0x00, 0x00, 0x00, 0x00, 0x00, 0x00, 0x00, 0x00, 0x00, 0x00, 0x06, 0x00, 0x00, 0x00,
    0x01, 0x40, 0x00, 0x00, 0x0E, 0x00, 0x00, 0x00, 0x00, 0x00, 0x00, 0x00, 0x14, 0x2A, 0x00, 0x00,
    0x00, 0x00, 0x00, 0x00, 0x0E, 0x00, 0x00, 0x00, 0x00, 0x00, 0x00, 0x00, 0x08, 0x2A, 0x00, 0x00,
    0x00, 0x00, 0x00, 0x00, 0x0E, 0x00, 0x00, 0x00, 0x00, 0x00, 0x00, 0x00, 0xFC, 0x29, 0x00, 0x00,
    0x00, 0x00, 0x00, 0x00, 0x07, 0x00, 0x00, 0x00, 0x00, 0x00, 0x00, 0x00, 0x00, 0x00, 0x00, 0x00,
    0x00, 0x00, 0x00, 0x00, 0x0E, 0x00, 0x00, 0x00, 0x00, 0x00, 0x00, 0x00, 0xE0, 0x29, 0x00, 0x00,
    0x00, 0x00, 0x00, 0x00, 0x07, 0x00, 0x00, 0x00, 0x00, 0x00, 0x00, 0x00, 0x00, 0x00, 0x00, 0x00,
    0x00, 0x00, 0x00, 0x00, 0x06, 0x00, 0x00, 0x00, 0x01, 0x40, 0x00, 0x00, 0x0E, 0x00, 0x00, 0x00,
    0x00, 0x00, 0x00, 0x00, 0xBC, 0x29, 0x00, 0x00, 0x00, 0x00, 0x00, 0x00, 0x0E, 0x00, 0x00, 0x00,
    0x00, 0x00, 0x00, 0x00, 0xB0, 0x29, 0x00, 0x00, 0x00, 0x00, 0x00, 0x00, 0x0E, 0x00, 0x00, 0x00,
    0x00, 0x00, 0x00, 0x00, 0xA4, 0x29, 0x00, 0x00, 0x00, 0x00, 0x00, 0x00, 0x07, 0x00, 0x00, 0x00,
    0x00, 0x00, 0x00, 0x00, 0x00, 0x00, 0x00, 0x00, 0x00, 0x00, 0x00, 0x00, 0x0E, 0x00, 0x00, 0x00,
    0x00, 0x00, 0x00, 0x00, 0x88, 0x29, 0x00, 0x00, 0x00, 0x00, 0x00, 0x00, 0x07, 0x00, 0x00, 0x00,
    0x00, 0x00, 0x00, 0x00, 0x00, 0x00, 0x00, 0x00, 0x00, 0x00, 0x00, 0x00, 0x06, 0x00, 0x00, 0x00,
    0x01, 0x40, 0x00, 0x00, 0x0E, 0x00, 0x00, 0x00, 0x00, 0x00, 0x00, 0x00, 0x64, 0x29, 0x00, 0x00,
    0x00, 0x00, 0x00, 0x00, 0x0E, 0x00, 0x00, 0x00, 0x00, 0x00, 0x00, 0x00, 0x58, 0x29, 0x00, 0x00,
    0x00, 0x00, 0x00, 0x00, 0x0E, 0x00, 0x00, 0x00, 0x00, 0x00, 0x00, 0x00, 0x4C, 0x29, 0x00, 0x00,
    0x00, 0x00, 0x00, 0x00, 0x07, 0x00, 0x00, 0x00, 0x00, 0x00, 0x00, 0x00, 0x00, 0x00, 0x00, 0x00,
    0x00, 0x00, 0x00, 0x00, 0x0E, 0x00, 0x00, 0x00, 0x00, 0x00, 0x00, 0x00, 0x30, 0x29, 0x00, 0x00,
    0x00, 0x00, 0x00, 0x00, 0x07, 0x00, 0x00, 0x00, 0x00, 0x00, 0x00, 0x00, 0x00, 0x00, 0x00, 0x00,
    0x00, 0x00, 0x00, 0x00, 0x06, 0x00, 0x00, 0x00, 0x01, 0x40, 0x00, 0x00, 0x0E, 0x00, 0x00, 0x00,
    0x00, 0x00, 0x00, 0x00, 0x0C, 0x29, 0x00, 0x00, 0x00, 0x00, 0x00, 0x00, 0x0E, 0x00, 0x00, 0x00,
    0x00, 0x00, 0x00, 0x00, 0x00, 0x29, 0x00, 0x00, 0x00, 0x00, 0x00, 0x00, 0x0E, 0x00, 0x00, 0x00,
    0x00, 0x00, 0x00, 0x00, 0xF4, 0x28, 0x00, 0x00, 0x00, 0x00, 0x00, 0x00, 0x07, 0x00, 0x00, 0x00,
    0x00, 0x00, 0x00, 0x00, 0x00, 0x00, 0x00, 0x00, 0x00, 0x00, 0x00, 0x00, 0x0E, 0x00, 0x00, 0x00,
    0x00, 0x00, 0x00, 0x00, 0xD8, 0x28, 0x00, 0x00, 0x00, 0x00, 0x00, 0x00, 0x07, 0x00, 0x00, 0x00,
    0x00, 0x00, 0x00, 0x00, 0x00, 0x00, 0x00, 0x00, 0x00, 0x00, 0x00, 0x00, 0x06, 0x00, 0x00, 0x00,
    0x01, 0x40, 0x00, 0x00, 0x0E, 0x00, 0x00, 0x00, 0x00, 0x00, 0x00, 0x00, 0xB4, 0x28, 0x00, 0x00,
    0x00, 0x00, 0x00, 0x00, 0x0E, 0x00, 0x00, 0x00, 0x00, 0x00, 0x00, 0x00, 0xA8, 0x28, 0x00, 0x00,
    0x00, 0x00, 0x00, 0x00, 0x0E, 0x00, 0x00, 0x00, 0x00, 0x00, 0x00, 0x00, 0x9C, 0x28, 0x00, 0x00,
    0x00, 0x00, 0x00, 0x00, 0x07, 0x00, 0x00, 0x00, 0x00, 0x00, 0x00, 0x00, 0x00, 0x00, 0x00, 0x00,
    0x00, 0x00, 0x00, 0x00, 0x0E, 0x00, 0x00, 0x00, 0x00, 0x00, 0x00, 0x00, 0x80, 0x28, 0x00, 0x00,
    0x00, 0x00, 0x00, 0x00, 0x07, 0x00, 0x00, 0x00, 0x00, 0x00, 0x00, 0x00, 0x00, 0x00, 0x00, 0x00,
    0x00, 0x00, 0x00, 0x00, 0x06, 0x00, 0x00, 0x00, 0x01, 0x40, 0x00, 0x00, 0x0E, 0x00, 0x00, 0x00,
    0x00, 0x00, 0x00, 0x00, 0x5C, 0x28, 0x00, 0x00, 0x00, 0x00, 0x00, 0x00, 0x0E, 0x00, 0x00, 0x00,
    0x00, 0x00, 0x00, 0x00, 0x50, 0x28, 0x00, 0x00, 0x00, 0x00, 0x00, 0x00, 0x0E, 0x00, 0x00, 0x00,
    0x00, 0x00, 0x00, 0x00, 0x44, 0x28, 0x00, 0x00, 0x00, 0x00, 0x00, 0x00, 0x07, 0x00, 0x00, 0x00,
    0x00, 0x00, 0x00, 0x00, 0x00, 0x00, 0x00, 0x00, 0x00, 0x00, 0x00, 0x00, 0x0E, 0x00, 0x00, 0x00,
    0x00, 0x00, 0x00, 0x00, 0x28, 0x28, 0x00, 0x00, 0x00, 0x00, 0x00, 0x00, 0x07, 0x00, 0x00, 0x00,
    0x00, 0x00, 0x00, 0x00, 0x00, 0x00, 0x00, 0x00, 0x00, 0x00, 0x00, 0x00, 0x06, 0x00, 0x00, 0x00,
    0x01, 0x40, 0x00, 0x00, 0x0E, 0x00, 0x00, 0x00, 0x00, 0x00, 0x00, 0x00, 0x04, 0x28, 0x00, 0x00,
    0x00, 0x00, 0x00, 0x00, 0x0E, 0x00, 0x00, 0x00, 0x00, 0x00, 0x00, 0x00, 0xF8, 0x27, 0x00, 0x00,
    0x00, 0x00, 0x00, 0x00, 0x0E, 0x00, 0x00, 0x00, 0x00, 0x00, 0x00, 0x00, 0xEC, 0x27, 0x00, 0x00,
    0x00, 0x00, 0x00, 0x00, 0x07, 0x00, 0x00, 0x00, 0x00, 0x00, 0x00, 0x00, 0x00, 0x00, 0x00, 0x00,
    0x00, 0x00, 0x00, 0x00, 0x0E, 0x00, 0x00, 0x00, 0x00, 0x00, 0x00, 0x00, 0xD0, 0x27, 0x00, 0x00,
    0x00, 0x00, 0x00, 0x00, 0x07, 0x00, 0x00, 0x00, 0x00, 0x00, 0x00, 0x00, 0x00, 0x00, 0x00, 0x00,
    0x00, 0x00, 0x00, 0x00, 0x06, 0x00, 0x00, 0x00, 0x01, 0x40, 0x00, 0x00, 0x0E, 0x00, 0x00, 0x00,
    0x00, 0x00, 0x00, 0x00, 0xAC, 0x27, 0x00, 0x00, 0x00, 0x00, 0x00, 0x00, 0x0E, 0x00, 0x00, 0x00,
    0x00, 0x00, 0x00, 0x00, 0xA0, 0x27, 0x00, 0x00, 0x00, 0x00, 0x00, 0x00, 0x0E, 0x00, 0x00, 0x00,
    0x00, 0x00, 0x00, 0x00, 0x94, 0x27, 0x00, 0x00, 0x00, 0x00, 0x00, 0x00, 0x07, 0x00, 0x00, 0x00,
    0x00, 0x00, 0x00, 0x00, 0x00, 0x00, 0x00, 0x00, 0x00, 0x00, 0x00, 0x00, 0x0E, 0x00, 0x00, 0x00,
    0x00, 0x00, 0x00, 0x00, 0x78, 0x27, 0x00, 0x00, 0x00, 0x00, 0x00, 0x00, 0x07, 0x00, 0x00, 0x00,
    0x00, 0x00, 0x00, 0x00, 0x00, 0x00, 0x00, 0x00, 0x00, 0x00, 0x00, 0x00, 0x06, 0x00, 0x00, 0x00,
    0x01, 0x40, 0x00, 0x00, 0x0E, 0x00, 0x00, 0x00, 0x00, 0x00, 0x00, 0x00, 0x54, 0x27, 0x00, 0x00,
    0x00, 0x00, 0x00, 0x00, 0x0E, 0x00, 0x00, 0x00, 0x00, 0x00, 0x00, 0x00, 0x48, 0x27, 0x00, 0x00,
    0x00, 0x00, 0x00, 0x00, 0x0E, 0x00, 0x00, 0x00, 0x00, 0x00, 0x00, 0x00, 0x3C, 0x27, 0x00, 0x00,
    0x00, 0x00, 0x00, 0x00, 0x07, 0x00, 0x00, 0x00, 0x00, 0x00, 0x00, 0x00, 0x00, 0x00, 0x00, 0x00,
    0x00, 0x00, 0x00, 0x00, 0x0E, 0x00, 0x00, 0x00, 0x00, 0x00, 0x00, 0x00, 0x20, 0x27, 0x00, 0x00,
    0x00, 0x00, 0x00, 0x00, 0x07, 0x00, 0x00, 0x00, 0x00, 0x00, 0x00, 0x00, 0x00, 0x00, 0x00, 0x00,
    0x00, 0x00, 0x00, 0x00, 0x06, 0x00, 0x00, 0x00, 0x01, 0x40, 0x00, 0x00, 0x0E, 0x00, 0x00, 0x00,
    0x00, 0x00, 0x00, 0x00, 0xFC, 0x26, 0x00, 0x00, 0x00, 0x00, 0x00, 0x00, 0x0E, 0x00, 0x00, 0x00,
    0x00, 0x00, 0x00, 0x00, 0xF0, 0x26, 0x00, 0x00, 0x00, 0x00, 0x00, 0x00, 0x0E, 0x00, 0x00, 0x00,
    0x00, 0x00, 0x00, 0x00, 0xE4, 0x26, 0x00, 0x00, 0x00, 0x00, 0x00, 0x00, 0x07, 0x00, 0x00, 0x00,
    0x00, 0x00, 0x00, 0x00, 0x00, 0x00, 0x00, 0x00, 0x00, 0x00, 0x00, 0x00, 0x0E, 0x00, 0x00, 0x00,
    0x00, 0x00, 0x00, 0x00, 0xC8, 0x26, 0x00, 0x00, 0x00, 0x00, 0x00, 0x00, 0x07, 0x00, 0x00, 0x00,
    0x00, 0x00, 0x00, 0x00, 0x00, 0x00, 0x00, 0x00, 0x00, 0x00, 0x00, 0x00, 0x06, 0x00, 0x00, 0x00,
    0x01, 0x40, 0x00, 0x00, 0x0E, 0x00, 0x00, 0x00, 0x00, 0x00, 0x00, 0x00, 0xA4, 0x26, 0x00, 0x00,
    0x00, 0x00, 0x00, 0x00, 0x0E, 0x00, 0x00, 0x00, 0x00, 0x00, 0x00, 0x00, 0x98, 0x26, 0x00, 0x00,
    0x00, 0x00, 0x00, 0x00, 0x0E, 0x00, 0x00, 0x00, 0x00, 0x00, 0x00, 0x00, 0x8C, 0x26, 0x00, 0x00,
    0x00, 0x00, 0x00, 0x00, 0x07, 0x00, 0x00, 0x00, 0x00, 0x00, 0x00, 0x00, 0x00, 0x00, 0x00, 0x00,
    0x00, 0x00, 0x00, 0x00, 0x0E, 0x00, 0x00, 0x00, 0x00, 0x00, 0x00, 0x00, 0x70, 0x26, 0x00, 0x00,
    0x00, 0x00, 0x00, 0x00, 0x07, 0x00, 0x00, 0x00, 0x00, 0x00, 0x00, 0x00, 0x00, 0x00, 0x00, 0x00,
    0x00, 0x00, 0x00, 0x00, 0x06, 0x00, 0x00, 0x00, 0x01, 0x40, 0x00, 0x00, 0x0E, 0x00, 0x00, 0x00,
    0x00, 0x00, 0x00, 0x00, 0x4C, 0x26, 0x00, 0x00, 0x00, 0x00, 0x00, 0x00, 0x0E, 0x00, 0x00, 0x00,
    0x00, 0x00, 0x00, 0x00, 0x40, 0x26, 0x00, 0x00, 0x00, 0x00, 0x00, 0x00, 0x0E, 0x00, 0x00, 0x00,
    0x00, 0x00, 0x00, 0x00, 0x34, 0x26, 0x00, 0x00, 0x00, 0x00, 0x00, 0x00, 0x07, 0x00, 0x00, 0x00,
    0x00, 0x00, 0x00, 0x00, 0x00, 0x00, 0x00, 0x00, 0x00, 0x00, 0x00, 0x00, 0x0E, 0x00, 0x00, 0x00,
    0x00, 0x00, 0x00, 0x00, 0x18, 0x26, 0x00, 0x00, 0x00, 0x00, 0x00, 0x00, 0x07, 0x00, 0x00, 0x00,
    0x00, 0x00, 0x00, 0x00, 0x00, 0x00, 0x00, 0x00, 0x00, 0x00, 0x00, 0x00, 0x04, 0x26, 0x00, 0x00,
    0x04, 0x26, 0x00, 0x00, 0x04, 0x26, 0x00, 0x00, 0x04, 0x26, 0x00, 0x00, 0x04, 0x26, 0x00, 0x00,
    0x04, 0x26, 0x00, 0x00, 0x04, 0x26, 0x00, 0x00, 0x04, 0x26, 0x00, 0x00, 0x04, 0x26, 0x00, 0x00,
    0x04, 0x26, 0x00, 0x00, 0x04, 0x26, 0x00, 0x00, 0x04, 0x26, 0x00, 0x00, 0x04, 0x26, 0x00, 0x00,
    0x04, 0x26, 0x00, 0x00, 0x04, 0x26, 0x00, 0x00, 0x04, 0x26, 0x00, 0x00, 0x0C, 0x26, 0x00, 0x00,
    0x0C, 0x26, 0x00, 0x00, 0x0C, 0x26, 0x00, 0x00, 0x00, 0x00, 0x00, 0x00, 0x08, 0x26, 0x00, 0x00,
    0x10, 0x26, 0x00, 0x00, 0x18, 0x26, 0x00, 0x00, 0x18, 0x26, 0x00, 0x00, 0x18, 0x26, 0x00, 0x00,
    0x18, 0x26, 0x00, 0x00, 0x20, 0x26, 0x00, 0x00, 0x20, 0x26, 0x00, 0x00, 0x20, 0x26, 0x00, 0x00,
    0x20, 0x26, 0x00, 0x00, 0x20, 0x26, 0x00, 0x00, 0x20, 0x26, 0x00, 0x00, 0x20, 0x26, 0x00, 0x00,
    0x20, 0x26, 0x00, 0x00, 0x20, 0x26, 0x00, 0x00, 0x20, 0x26, 0x00, 0x00, 0x28, 0x26, 0x00, 0x00,
    0x28, 0x26, 0x00, 0x00, 0x28, 0x26, 0x00, 0x00, 0x28, 0x26, 0x00, 0x00, 0x28, 0x26, 0x00, 0x00,
    0x28, 0x26, 0x00, 0x00, 0x28, 0x26, 0x00, 0x00, 0x30, 0x26, 0x00, 0x00, 0x30, 0x26, 0x00, 0x00,
    0x30, 0x26, 0x00, 0x00, 0x30, 0x26, 0x00, 0x00, 0x30, 0x26, 0x00, 0x00, 0x30, 0x26, 0x00, 0x00,
    0x30, 0x26, 0x00, 0x00, 0x30, 0x26, 0x00, 0x00, 0x30, 0x26, 0x00, 0x00, 0x30, 0x26, 0x00, 0x00,
    0x30, 0x26, 0x00, 0x00, 0x30, 0x26, 0x00, 0x00, 0x30, 0x26, 0x00, 0x00, 0x34, 0x26, 0x00, 0x00,
    0x3C, 0x26, 0x00, 0x00, 0x3C, 0x26, 0x00, 0x00, 0x3C, 0x26, 0x00, 0x00, 0x3C, 0x26, 0x00, 0x00,
    0x3C, 0x26, 0x00, 0x00, 0x3C, 0x26, 0x00, 0x00, 0x3C, 0x26, 0x00, 0x00, 0x3C, 0x26, 0x00, 0x00,
    0x3C, 0x26, 0x00, 0x00, 0x3C, 0x26, 0x00, 0x00, 0x40, 0x26, 0x00, 0x00, 0x48, 0x26, 0x00, 0x00,
    0x48, 0x26, 0x00, 0x00, 0x48, 0x26, 0x00, 0x00, 0x48, 0x26, 0x00, 0x00, 0x48, 0x26, 0x00, 0x00,
    0x48, 0x26, 0x00, 0x00, 0x48, 0x26, 0x00, 0x00, 0x48, 0x26, 0x00, 0x00, 0x48, 0x26, 0x00, 0x00,
    0x48, 0x26, 0x00, 0x00, 0x4C, 0x26, 0x00, 0x00, 0x54, 0x26, 0x00, 0x00, 0x54, 0x26, 0x00, 0x00,
    0x54, 0x26, 0x00, 0x00, 0x54, 0x26, 0x00, 0x00, 0x54, 0x26, 0x00, 0x00, 0x54, 0x26, 0x00, 0x00,
    0x54, 0x26, 0x00, 0x00, 0x54, 0x26, 0x00, 0x00, 0x54, 0x26, 0x00, 0x00, 0x54, 0x26, 0x00, 0x00,
    0x54, 0x26, 0x00, 0x00, 0x54, 0x26, 0x00, 0x00, 0x54, 0x26, 0x00, 0x00, 0x58, 0x26, 0x00, 0x00,
    0x58, 0x26, 0x00, 0x00, 0x58, 0x26, 0x00, 0x00, 0x58, 0x26, 0x00, 0x00, 0x58, 0x26, 0x00, 0x00,
    0x58, 0x26, 0x00, 0x00, 0x58, 0x26, 0x00, 0x00, 0x58, 0x26, 0x00, 0x00, 0x58, 0x26, 0x00, 0x00,
    0x58, 0x26, 0x00, 0x00, 0x58, 0x26, 0x00, 0x00, 0x58, 0x26, 0x00, 0x00, 0x58, 0x26, 0x00, 0x00,
    0x58, 0x26, 0x00, 0x00, 0x58, 0x26, 0x00, 0x00, 0x58, 0x26, 0x00, 0x00, 0x58, 0x26, 0x00, 0x00,
    0x58, 0x26, 0x00, 0x00, 0x58, 0x26, 0x00, 0x00, 0x58, 0x26, 0x00, 0x00, 0x58, 0x26, 0x00, 0x00,
    0x58, 0x26, 0x00, 0x00, 0x58, 0x26, 0x00, 0x00, 0x58, 0x26, 0x00, 0x00, 0x58, 0x26, 0x00, 0x00,
    0x58, 0x26, 0x00, 0x00, 0x58, 0x26, 0x00, 0x00, 0x58, 0x26, 0x00, 0x00, 0x58, 0x26, 0x00, 0x00,
    0x58, 0x26, 0x00, 0x00, 0x58, 0x26, 0x00, 0x00, 0x58, 0x26, 0x00, 0x00, 0x58, 0x26, 0x00, 0x00,
    0x58, 0x26, 0x00, 0x00, 0x58, 0x26, 0x00, 0x00, 0x58, 0x26, 0x00, 0x00, 0x58, 0x26, 0x00, 0x00,
    0x58, 0x26, 0x00, 0x00, 0x58, 0x26, 0x00, 0x00, 0x58, 0x26, 0x00, 0x00, 0x58, 0x26, 0x00, 0x00,
    0x58, 0x26, 0x00, 0x00, 0x58, 0x26, 0x00, 0x00, 0x58, 0x26, 0x00, 0x00, 0x58, 0x26, 0x00, 0x00,
    0x58, 0x26, 0x00, 0x00, 0x58, 0x26, 0x00, 0x00, 0x58, 0x26, 0x00, 0x00, 0x58, 0x26, 0x00, 0x00,
    0x58, 0x26, 0x00, 0x00, 0x58, 0x26, 0x00, 0x00, 0x58, 0x26, 0x00, 0x00, 0x58, 0x26, 0x00, 0x00,
    0x58, 0x26, 0x00, 0x00, 0x58, 0x26, 0x00, 0x00, 0x58, 0x26, 0x00, 0x00, 0x58, 0x26, 0x00, 0x00,
    0x58, 0x26, 0x00, 0x00, 0x58, 0x26, 0x00, 0x00, 0x58, 0x26, 0x00, 0x00, 0x58, 0x26, 0x00, 0x00,
    0x58, 0x26, 0x00, 0x00, 0x58, 0x26, 0x00, 0x00, 0x58, 0x26, 0x00, 0x00, 0x58, 0x26, 0x00, 0x00,
    0x58, 0x26, 0x00, 0x00, 0x58, 0x26, 0x00, 0x00, 0x58, 0x26, 0x00, 0x00, 0x58, 0x26, 0x00, 0x00,
    0x58, 0x26, 0x00, 0x00, 0x58, 0x26, 0x00, 0x00, 0x58, 0x26, 0x00, 0x00, 0x58, 0x26, 0x00, 0x00,
    0x58, 0x26, 0x00, 0x00, 0x58, 0x26, 0x00, 0x00, 0x58, 0x26, 0x00, 0x00, 0x58, 0x26, 0x00, 0x00,
    0x58, 0x26, 0x00, 0x00, 0x58, 0x26, 0x00, 0x00, 0x58, 0x26, 0x00, 0x00, 0x58, 0x26, 0x00, 0x00,
    0x58, 0x26, 0x00, 0x00, 0x58, 0x26, 0x00, 0x00, 0x58, 0x26, 0x00, 0x00, 0x58, 0x26, 0x00, 0x00,
    0x58, 0x26, 0x00, 0x00, 0x58, 0x26, 0x00, 0x00, 0x58, 0x26, 0x00, 0x00, 0x58, 0x26, 0x00, 0x00,
    0x58, 0x26, 0x00, 0x00, 0x58, 0x26, 0x00, 0x00, 0x58, 0x26, 0x00, 0x00, 0x58, 0x26, 0x00, 0x00,
    0x58, 0x26, 0x00, 0x00, 0x58, 0x26, 0x00, 0x00, 0x58, 0x26, 0x00, 0x00, 0x58, 0x26, 0x00, 0x00,
    0x58, 0x26, 0x00, 0x00, 0x58, 0x26, 0x00, 0x00, 0x58, 0x26, 0x00, 0x00, 0x58, 0x26, 0x00, 0x00,
    0x58, 0x26, 0x00, 0x00, 0x58, 0x26, 0x00, 0x00, 0x58, 0x26, 0x00, 0x00, 0x58, 0x26, 0x00, 0x00,
    0x58, 0x26, 0x00, 0x00, 0x58, 0x26, 0x00, 0x00, 0x58, 0x26, 0x00, 0x00, 0x58, 0x26, 0x00, 0x00,
    0x58, 0x26, 0x00, 0x00, 0x58, 0x26, 0x00, 0x00, 0x58, 0x26, 0x00, 0x00, 0x58, 0x26, 0x00, 0x00,
    0x58, 0x26, 0x00, 0x00, 0x58, 0x26, 0x00, 0x00, 0x58, 0x26, 0x00, 0x00, 0x58, 0x26, 0x00, 0x00,
    0x58, 0x26, 0x00, 0x00, 0x58, 0x26, 0x00, 0x00, 0x58, 0x26, 0x00, 0x00, 0x58, 0x26, 0x00, 0x00,
    0x58, 0x26, 0x00, 0x00, 0x58, 0x26, 0x00, 0x00, 0x58, 0x26, 0x00, 0x00, 0x58, 0x26, 0x00, 0x00,
    0x58, 0x26, 0x00, 0x00, 0x58, 0x26, 0x00, 0x00, 0x58, 0x26, 0x00, 0x00, 0x58, 0x26, 0x00, 0x00,
    0x58, 0x26, 0x00, 0x00, 0x58, 0x26, 0x00, 0x00, 0x58, 0x26, 0x00, 0x00, 0x58, 0x26, 0x00, 0x00,
    0x58, 0x26, 0x00, 0x00, 0x58, 0x26, 0x00, 0x00, 0x58, 0x26, 0x00, 0x00, 0x58, 0x26, 0x00, 0x00,
    0x58, 0x26, 0x00, 0x00, 0x58, 0x26, 0x00, 0x00, 0x58, 0x26, 0x00, 0x00, 0x58, 0x26, 0x00, 0x00,
    0x58, 0x26, 0x00, 0x00, 0x58, 0x26, 0x00, 0x00, 0x58, 0x26, 0x00, 0x00, 0x58, 0x26, 0x00, 0x00,
    0x58, 0x26, 0x00, 0x00, 0x58, 0x26, 0x00, 0x00, 0x58, 0x26, 0x00, 0x00, 0x58, 0x26, 0x00, 0x00,
    0x58, 0x26, 0x00, 0x00, 0x58, 0x26, 0x00, 0x00, 0x58, 0x26, 0x00, 0x00, 0x58, 0x26, 0x00, 0x00,
    0x58, 0x26, 0x00, 0x00, 0x58, 0x26, 0x00, 0x00, 0x58, 0x26, 0x00, 0x00, 0x58, 0x26, 0x00, 0x00,
    0x58, 0x26, 0x00, 0x00, 0x58, 0x26, 0x00, 0x00, 0x58, 0x26, 0x00, 0x00, 0x58, 0x26, 0x00, 0x00,
    0x58, 0x26, 0x00, 0x00, 0x64, 0x26, 0x00, 0x00, 0x64, 0x26, 0x00, 0x00, 0x64, 0x26, 0x00, 0x00,
    0x64, 0x26, 0x00, 0x00, 0x6C, 0x26, 0x00, 0x00, 0x6C, 0x26, 0x00, 0x00, 0x6C, 0x26, 0x00, 0x00,
    0x6C, 0x26, 0x00, 0x00, 0x74, 0x26, 0x00, 0x00, 0x74, 0x26, 0x00, 0x00, 0x74, 0x26, 0x00, 0x00,
    0x74, 0x26, 0x00, 0x00, 0x80, 0x26, 0x00, 0x00, 0x88, 0x26, 0x00, 0x00, 0x88, 0x26, 0x00, 0x00,
    0x88, 0x26, 0x00, 0x00, 0x88, 0x26, 0x00, 0x00, 0x90, 0x26, 0x00, 0x00, 0x90, 0x26, 0x00, 0x00,
    0x90, 0x26, 0x00, 0x00, 0x90, 0x26, 0x00, 0x00, 0x90, 0x26, 0x00, 0x00, 0x90, 0x26, 0x00, 0x00,
    0x90, 0x26, 0x00, 0x00, 0x90, 0x26, 0x00, 0x00, 0x90, 0x26, 0x00, 0x00, 0x90, 0x26, 0x00, 0x00,
    0x90, 0x26, 0x00, 0x00, 0x90, 0x26, 0x00, 0x00, 0x90, 0x26, 0x00, 0x00, 0x90, 0x26, 0x00, 0x00,
    0x90, 0x26, 0x00, 0x00, 0x90, 0x26, 0x00, 0x00, 0x90, 0x26, 0x00, 0x00, 0x90, 0x26, 0x00, 0x00,
    0x90, 0x26, 0x00, 0x00, 0x90, 0x26, 0x00, 0x00, 0x90, 0x26, 0x00, 0x00, 0x90, 0x26, 0x00, 0x00,
    0x90, 0x26, 0x00, 0x00, 0x90, 0x26, 0x00, 0x00, 0x90, 0x26, 0x00, 0x00, 0x98, 0x26, 0x00, 0x00,
    0x98, 0x26, 0x00, 0x00, 0x98, 0x26, 0x00, 0x00, 0x98, 0x26, 0x00, 0x00, 0x98, 0x26, 0x00, 0x00,
    0x98, 0x26, 0x00, 0x00, 0x98, 0x26, 0x00, 0x00, 0xA0, 0x26, 0x00, 0x00, 0xA0, 0x26, 0x00, 0x00,
    0xA0, 0x26, 0x00, 0x00, 0xA0, 0x26, 0x00, 0x00, 0xA0, 0x26, 0x00, 0x00, 0xA0, 0x26, 0x00, 0x00,
    0xA0, 0x26, 0x00, 0x00, 0xB4, 0x26, 0x00, 0x00, 0xB4, 0x26, 0x00, 0x00, 0xB4, 0x26, 0x00, 0x00,
    0xB4, 0x26, 0x00, 0x00, 0xBC, 0x26, 0x00, 0x00, 0xBC, 0x26, 0x00, 0x00, 0xBC, 0x26, 0x00, 0x00,
    0xBC, 0x26, 0x00, 0x00, 0xC4, 0x26, 0x00, 0x00, 0xC4, 0x26, 0x00, 0x00, 0xC4, 0x26, 0x00, 0x00,
    0xC4, 0x26, 0x00, 0x00, 0xCC, 0x26, 0x00, 0x00, 0xCC, 0x26, 0x00, 0x00, 0xCC, 0x26, 0x00, 0x00,
    0xCC, 0x26, 0x00, 0x00, 0xCC, 0x26, 0x00, 0x00, 0xCC, 0x26, 0x00, 0x00, 0xCC, 0x26, 0x00, 0x00,
    0xCC, 0x26, 0x00, 0x00, 0xD4, 0x26, 0x00, 0x00, 0xD4, 0x26, 0x00, 0x00, 0xD4, 0x26, 0x00, 0x00,
    0xD4, 0x26, 0x00, 0x00, 0xD4, 0x26, 0x00, 0x00, 0xD4, 0x26, 0x00, 0x00, 0xD4, 0x26, 0x00, 0x00,
    0xDC, 0x26, 0x00, 0x00, 0xDC, 0x26, 0x00, 0x00, 0xDC, 0x26, 0x00, 0x00, 0xDC, 0x26, 0x00, 0x00,
    0xDC, 0x26, 0x00, 0x00, 0xDC, 0x26, 0x00, 0x00, 0xDC, 0x26, 0x00, 0x00, 0xDC, 0x26, 0x00, 0x00,
    0xDC, 0x26, 0x00, 0x00, 0xDC, 0x26, 0x00, 0x00, 0xE0, 0x26, 0x00, 0x00, 0xE0, 0x26, 0x00, 0x00,
    0xE0, 0x26, 0x00, 0x00, 0xE0, 0x26, 0x00, 0x00, 0xE8, 0x26, 0x00, 0x00, 0xE8, 0x26, 0x00, 0x00,
    0xE8, 0x26, 0x00, 0x00, 0xE8, 0x26, 0x00, 0x00, 0xE8, 0x26, 0x00, 0x00, 0xE8, 0x26, 0x00, 0x00,
    0xE8, 0x26, 0x00, 0x00, 0xF0, 0x26, 0x00, 0x00, 0xF0, 0x26, 0x00, 0x00, 0xF0, 0x26, 0x00, 0x00,
    0xF0, 0x26, 0x00, 0x00, 0xF0, 0x26, 0x00, 0x00, 0xF0, 0x26, 0x00, 0x00, 0xF0, 0x26, 0x00, 0x00,
    0x04, 0x27, 0x00, 0x00, 0x04, 0x27, 0x00, 0x00, 0x04, 0x27, 0x00, 0x00, 0x04, 0x27, 0x00, 0x00,
    0x0C, 0x27, 0x00, 0x00, 0x0C, 0x27, 0x00, 0x00, 0x0C, 0x27, 0x00, 0x00, 0x0C, 0x27, 0x00, 0x00,
    0x14, 0x27, 0x00, 0x00, 0x14, 0x27, 0x00, 0x00, 0x14, 0x27, 0x00, 0x00, 0x14, 0x27, 0x00, 0x00,
    0x1C, 0x27, 0x00, 0x00, 0x1C, 0x27, 0x00, 0x00, 0x1C, 0x27, 0x00, 0x00, 0x1C, 0x27, 0x00, 0x00,
    0x1C, 0x27, 0x00, 0x00, 0x1C, 0x27, 0x00, 0x00, 0x1C, 0x27, 0x00, 0x00, 0x1C, 0x27, 0x00, 0x00,
    0x24, 0x27, 0x00, 0x00, 0x24, 0x27, 0x00, 0x00, 0x24, 0x27, 0x00, 0x00, 0x24, 0x27, 0x00, 0x00,
    0x24, 0x27, 0x00, 0x00, 0x24, 0x27, 0x00, 0x00, 0x24, 0x27, 0x00, 0x00, 0x2C, 0x27, 0x00, 0x00,
    0x2C, 0x27, 0x00, 0x00, 0x2C, 0x27, 0x00, 0x00, 0x2C, 0x27, 0x00, 0x00, 0x2C, 0x27, 0x00, 0x00,
    0x2C, 0x27, 0x00, 0x00, 0x2C, 0x27, 0x00, 0x00, 0x2C, 0x27, 0x00, 0x00, 0x2C, 0x27, 0x00, 0x00,
    0x2C, 0x27, 0x00, 0x00, 0x30, 0x27, 0x00, 0x00, 0x30, 0x27, 0x00, 0x00, 0x30, 0x27, 0x00, 0x00,
    0x30, 0x27, 0x00, 0x00, 0x38, 0x27, 0x00, 0x00, 0x38, 0x27, 0x00, 0x00, 0x38, 0x27, 0x00, 0x00,
    0x38, 0x27, 0x00, 0x00, 0x40, 0x27, 0x00, 0x00, 0x40, 0x27, 0x00, 0x00, 0x40, 0x27, 0x00, 0x00,
    0x40, 0x27, 0x00, 0x00, 0x40, 0x27, 0x00, 0x00, 0x40, 0x27, 0x00, 0x00, 0x40, 0x27, 0x00, 0x00,
    0x40, 0x27, 0x00, 0x00, 0x40, 0x27, 0x00, 0x00, 0x40, 0x27, 0x00, 0x00, 0x54, 0x27, 0x00, 0x00,
    0x54, 0x27, 0x00, 0x00, 0x54, 0x27, 0x00, 0x00, 0x54, 0x27, 0x00, 0x00, 0x5C, 0x27, 0x00, 0x00,
    0x5C, 0x27, 0x00, 0x00, 0x5C, 0x27, 0x00, 0x00, 0x5C, 0x27, 0x00, 0x00, 0x64, 0x27, 0x00, 0x00,
    0x64, 0x27, 0x00, 0x00, 0x64, 0x27, 0x00, 0x00, 0x64, 0x27, 0x00, 0x00, 0x6C, 0x27, 0x00, 0x00,
    0x6C, 0x27, 0x00, 0x00, 0x6C, 0x27, 0x00, 0x00, 0x6C, 0x27, 0x00, 0x00, 0x6C, 0x27, 0x00, 0x00,
    0x6C, 0x27, 0x00, 0x00, 0x6C, 0x27, 0x00, 0x00, 0x6C, 0x27, 0x00, 0x00, 0x74, 0x27, 0x00, 0x00,
    0x74, 0x27, 0x00, 0x00, 0x74, 0x27, 0x00, 0x00, 0x74, 0x27, 0x00, 0x00, 0x74, 0x27, 0x00, 0x00,
    0x74, 0x27, 0x00, 0x00, 0x74, 0x27, 0x00, 0x00, 0x7C, 0x27, 0x00, 0x00, 0x7C, 0x27, 0x00, 0x00,
    0x7C, 0x27, 0x00, 0x00, 0x7C, 0x27, 0x00, 0x00, 0x7C, 0x27, 0x00, 0x00, 0x7C, 0x27, 0x00, 0x00,
    0x7C, 0x27, 0x00, 0x00, 0x7C, 0x27, 0x00, 0x00, 0x7C, 0x27, 0x00, 0x00, 0x7C, 0x27, 0x00, 0x00,
    0x80, 0x27, 0x00, 0x00, 0x80, 0x27, 0x00, 0x00, 0x80, 0x27, 0x00, 0x00, 0x80, 0x27, 0x00, 0x00,
    0x88, 0x27, 0x00, 0x00, 0x88, 0x27, 0x00, 0x00, 0x88, 0x27, 0x00, 0x00, 0x88, 0x27, 0x00, 0x00,
    0x88, 0x27, 0x00, 0x00, 0x88, 0x27, 0x00, 0x00, 0x88, 0x27, 0x00, 0x00, 0x90, 0x27, 0x00, 0x00,
    0x90, 0x27, 0x00, 0x00, 0x90, 0x27, 0x00, 0x00, 0x90, 0x27, 0x00, 0x00, 0x90, 0x27, 0x00, 0x00,
    0x90, 0x27, 0x00, 0x00, 0x90, 0x27, 0x00, 0x00, 0xA4, 0x27, 0x00, 0x00, 0xA4, 0x27, 0x00, 0x00,
    0xA4, 0x27, 0x00, 0x00, 0xA4, 0x27, 0x00, 0x00, 0xAC, 0x27, 0x00, 0x00, 0xAC, 0x27, 0x00, 0x00,
    0xAC, 0x27, 0x00, 0x00, 0xAC, 0x27, 0x00, 0x00, 0xB4, 0x27, 0x00, 0x00, 0xB4, 0x27, 0x00, 0x00,
    0xB4, 0x27, 0x00, 0x00, 0xB4, 0x27, 0x00, 0x00, 0xBC, 0x27, 0x00, 0x00, 0xBC, 0x27, 0x00, 0x00,
    0xBC, 0x27, 0x00, 0x00, 0xBC, 0x27, 0x00, 0x00, 0xBC, 0x27, 0x00, 0x00, 0xBC, 0x27, 0x00, 0x00,
    0xBC, 0x27, 0x00, 0x00, 0xBC, 0x27, 0x00, 0x00, 0xC4, 0x27, 0x00, 0x00, 0xC4, 0x27, 0x00, 0x00,
    0xC4, 0x27, 0x00, 0x00, 0xC4, 0x27, 0x00, 0x00, 0xC4, 0x27, 0x00, 0x00, 0xC4, 0x27, 0x00, 0x00,
    0xC4, 0x27, 0x00, 0x00, 0xCC, 0x27, 0x00, 0x00, 0xCC, 0x27, 0x00, 0x00, 0xCC, 0x27, 0x00, 0x00,
    0xCC, 0x27, 0x00, 0x00, 0xCC, 0x27, 0x00, 0x00, 0xCC, 0x27, 0x00, 0x00, 0xCC, 0x27, 0x00, 0x00,
    0xCC, 0x27, 0x00, 0x00, 0xCC, 0x27, 0x00, 0x00, 0xCC, 0x27, 0x00, 0x00, 0xD0, 0x27, 0x00, 0x00,
    0xD0, 0x27, 0x00, 0x00, 0xD0, 0x27, 0x00, 0x00, 0xD0, 0x27, 0x00, 0x00, 0xD8, 0x27, 0x00, 0x00,
    0xD8, 0x27, 0x00, 0x00, 0xD8, 0x27, 0x00, 0x00, 0xD8, 0x27, 0x00, 0x00, 0xD8, 0x27, 0x00, 0x00,
    0xD8, 0x27, 0x00, 0x00, 0xD8, 0x27, 0x00, 0x00, 0xE0, 0x27, 0x00, 0x00, 0xE0, 0x27, 0x00, 0x00,
    0xE0, 0x27, 0x00, 0x00, 0xE0, 0x27, 0x00, 0x00, 0xE0, 0x27, 0x00, 0x00, 0xE0, 0x27, 0x00, 0x00,
    0xE0, 0x27, 0x00, 0x00, 0xF4, 0x27, 0x00, 0x00, 0xF4, 0x27, 0x00, 0x00, 0xF4, 0x27, 0x00, 0x00,
    0xF4, 0x27, 0x00, 0x00, 0xFC, 0x27, 0x00, 0x00, 0xFC, 0x27, 0x00, 0x00, 0xFC, 0x27, 0x00, 0x00,
    0xFC, 0x27, 0x00, 0x00, 0x04, 0x28, 0x00, 0x00, 0x04, 0x28, 0x00, 0x00, 0x04, 0x28, 0x00, 0x00,
    0x04, 0x28, 0x00, 0x00, 0x0C, 0x28, 0x00, 0x00, 0x0C, 0x28, 0x00, 0x00, 0x0C, 0x28, 0x00, 0x00,
    0x0C, 0x28, 0x00, 0x00, 0x0C, 0x28, 0x00, 0x00, 0x0C, 0x28, 0x00, 0x00, 0x0C, 0x28, 0x00, 0x00,
    0x0C, 0x28, 0x00, 0x00, 0x14, 0x28, 0x00, 0x00, 0x14, 0x28, 0x00, 0x00, 0x14, 0x28, 0x00, 0x00,
    0x14, 0x28, 0x00, 0x00, 0x14, 0x28, 0x00, 0x00, 0x14, 0x28, 0x00, 0x00, 0x14, 0x28, 0x00, 0x00,
    0x1C, 0x28, 0x00, 0x00, 0x1C, 0x28, 0x00, 0x00, 0x1C, 0x28, 0x00, 0x00, 0x1C, 0x28, 0x00, 0x00,
    0x1C, 0x28, 0x00, 0x00, 0x1C, 0x28, 0x00, 0x00, 0x1C, 0x28, 0x00, 0x00, 0x1C, 0x28, 0x00, 0x00,
    0x1C, 0x28, 0x00, 0x00, 0x1C, 0x28, 0x00, 0x00, 0x20, 0x28, 0x00, 0x00, 0x20, 0x28, 0x00, 0x00,
    0x20, 0x28, 0x00, 0x00, 0x20, 0x28, 0x00, 0x00, 0x28, 0x28, 0x00, 0x00, 0x28, 0x28, 0x00, 0x00,
    0x28, 0x28, 0x00, 0x00, 0x28, 0x28, 0x00, 0x00, 0x28, 0x28, 0x00, 0x00, 0x28, 0x28, 0x00, 0x00,
    0x28, 0x28, 0x00, 0x00, 0x30, 0x28, 0x00, 0x00, 0x30, 0x28, 0x00, 0x00, 0x30, 0x28, 0x00, 0x00,
    0x30, 0x28, 0x00, 0x00, 0x30, 0x28, 0x00, 0x00, 0x30, 0x28, 0x00, 0x00, 0x30, 0x28, 0x00, 0x00,
    0x44, 0x28, 0x00, 0x00, 0x44, 0x28, 0x00, 0x00, 0x44, 0x28, 0x00, 0x00, 0x44, 0x28, 0x00, 0x00,
    0x4C, 0x28, 0x00, 0x00, 0x4C, 0x28, 0x00, 0x00, 0x4C, 0x28, 0x00, 0x00, 0x4C, 0x28, 0x00, 0x00,
    0x54, 0x28, 0x00, 0x00, 0x54, 0x28, 0x00, 0x00, 0x54, 0x28, 0x00, 0x00, 0x54, 0x28, 0x00, 0x00,
    0x5C, 0x28, 0x00, 0x00, 0x5C, 0x28, 0x00, 0x00, 0x5C, 0x28, 0x00, 0x00, 0x5C, 0x28, 0x00, 0x00,
    0x5C, 0x28, 0x00, 0x00, 0x5C, 0x28, 0x00, 0x00, 0x5C, 0x28, 0x00, 0x00, 0x5C, 0x28, 0x00, 0x00,
    0x64, 0x28, 0x00, 0x00, 0x64, 0x28, 0x00, 0x00, 0x64, 0x28, 0x00, 0x00, 0x64, 0x28, 0x00, 0x00,
    0x6C, 0x28, 0x00, 0x00, 0x6C, 0x28, 0x00, 0x00, 0x6C, 0x28, 0x00, 0x00, 0x6C, 0x28, 0x00, 0x00,
    0x6C, 0x28, 0x00, 0x00, 0x6C, 0x28, 0x00, 0x00, 0x6C, 0x28, 0x00, 0x00, 0x6C, 0x28, 0x00, 0x00,
    0x6C, 0x28, 0x00, 0x00, 0x6C, 0x28, 0x00, 0x00, 0x6C, 0x28, 0x00, 0x00, 0x6C, 0x28, 0x00, 0x00,
    0x6C, 0x28, 0x00, 0x00, 0x70, 0x28, 0x00, 0x00, 0x70, 0x28, 0x00, 0x00, 0x70, 0x28, 0x00, 0x00,
    0x70, 0x28, 0x00, 0x00, 0x78, 0x28, 0x00, 0x00, 0x78, 0x28, 0x00, 0x00, 0x78, 0x28, 0x00, 0x00,
    0x78, 0x28, 0x00, 0x00, 0x78, 0x28, 0x00, 0x00, 0x78, 0x28, 0x00, 0x00, 0x78, 0x28, 0x00, 0x00,
    0x80, 0x28, 0x00, 0x00, 0x80, 0x28, 0x00, 0x00, 0x80, 0x28, 0x00, 0x00, 0x80, 0x28, 0x00, 0x00,
    0x80, 0x28, 0x00, 0x00, 0x80, 0x28, 0x00, 0x00, 0x80, 0x28, 0x00, 0x00, 0x94, 0x28, 0x00, 0x00,
    0x94, 0x28, 0x00, 0x00, 0x94, 0x28, 0x00, 0x00, 0x94, 0x28, 0x00, 0x00, 0x9C, 0x28, 0x00, 0x00,
    0x9C, 0x28, 0x00, 0x00, 0x9C, 0x28, 0x00, 0x00, 0x9C, 0x28, 0x00, 0x00, 0xA4, 0x28, 0x00, 0x00,
    0xA4, 0x28, 0x00, 0x00, 0xA4, 0x28, 0x00, 0x00, 0xA4, 0x28, 0x00, 0x00, 0xAC, 0x28, 0x00, 0x00,
    0xAC, 0x28, 0x00, 0x00, 0xAC, 0x28, 0x00, 0x00, 0xAC, 0x28, 0x00, 0x00, 0xAC, 0x28, 0x00, 0x00,
    0xAC, 0x28, 0x00, 0x00, 0xAC, 0x28, 0x00, 0x00, 0xAC, 0x28, 0x00, 0x00, 0xB4, 0x28, 0x00, 0x00,
    0xB4, 0x28, 0x00, 0x00, 0xB4, 0x28, 0x00, 0x00, 0xB4, 0x28, 0x00, 0x00, 0xB4, 0x28, 0x00, 0x00,
    0xB4, 0x28, 0x00, 0x00, 0xB4, 0x28, 0x00, 0x00, 0xBC, 0x28, 0x00, 0x00, 0xBC, 0x28, 0x00, 0x00,
    0xBC, 0x28, 0x00, 0x00, 0xBC, 0x28, 0x00, 0x00, 0xBC, 0x28, 0x00, 0x00, 0xBC, 0x28, 0x00, 0x00,
    0xBC, 0x28, 0x00, 0x00, 0xBC, 0x28, 0x00, 0x00, 0xBC, 0x28, 0x00, 0x00, 0xBC, 0x28, 0x00, 0x00,
    0xC0, 0x28, 0x00, 0x00, 0xC0, 0x28, 0x00, 0x00, 0xC0, 0x28, 0x00, 0x00, 0xC0, 0x28, 0x00, 0x00,
    0xC8, 0x28, 0x00, 0x00, 0xC8, 0x28, 0x00, 0x00, 0xC8, 0x28, 0x00, 0x00, 0xC8, 0x28, 0x00, 0x00,
    0xC8, 0x28, 0x00, 0x00, 0xC8, 0x28, 0x00, 0x00, 0xC8, 0x28, 0x00, 0x00, 0xD0, 0x28, 0x00, 0x00,
    0xD0, 0x28, 0x00, 0x00, 0xD0, 0x28, 0x00, 0x00, 0xD0, 0x28, 0x00, 0x00, 0xD0, 0x28, 0x00, 0x00,
    0xD0, 0x28, 0x00, 0x00, 0xD0, 0x28, 0x00, 0x00, 0xE4, 0x28, 0x00, 0x00, 0xE4, 0x28, 0x00, 0x00,
    0xE4, 0x28, 0x00, 0x00, 0xE4, 0x28, 0x00, 0x00, 0xEC, 0x28, 0x00, 0x00, 0xEC, 0x28, 0x00, 0x00,
    0xEC, 0x28, 0x00, 0x00, 0xEC, 0x28, 0x00, 0x00, 0xF4, 0x28, 0x00, 0x00, 0xF4, 0x28, 0x00, 0x00,
    0xF4, 0x28, 0x00, 0x00, 0xF4, 0x28, 0x00, 0x00, 0xFC, 0x28, 0x00, 0x00, 0xFC, 0x28, 0x00, 0x00,
    0xFC, 0x28, 0x00, 0x00, 0xFC, 0x28, 0x00, 0x00, 0xFC, 0x28, 0x00, 0x00, 0xFC, 0x28, 0x00, 0x00,
    0xFC, 0x28, 0x00, 0x00, 0xFC, 0x28, 0x00, 0x00, 0x04, 0x29, 0x00, 0x00, 0x04, 0x29, 0x00, 0x00,
    0x04, 0x29, 0x00, 0x00, 0x04, 0x29, 0x00, 0x00, 0x04, 0x29, 0x00, 0x00, 0x04, 0x29, 0x00, 0x00,
    0x04, 0x29, 0x00, 0x00, 0x0C, 0x29, 0x00, 0x00, 0x0C, 0x29, 0x00, 0x00, 0x0C, 0x29, 0x00, 0x00,
    0x0C, 0x29, 0x00, 0x00, 0x0C, 0x29, 0x00, 0x00, 0x0C, 0x29, 0x00, 0x00, 0x0C, 0x29, 0x00, 0x00,
    0x0C, 0x29, 0x00, 0x00, 0x0C, 0x29, 0x00, 0x00, 0x0C, 0x29, 0x00, 0x00, 0x10, 0x29, 0x00, 0x00,
    0x10, 0x29, 0x00, 0x00, 0x10, 0x29, 0x00, 0x00, 0x10, 0x29, 0x00, 0x00, 0x18, 0x29, 0x00, 0x00,
    0x18, 0x29, 0x00, 0x00, 0x18, 0x29, 0x00, 0x00, 0x18, 0x29, 0x00, 0x00, 0x18, 0x29, 0x00, 0x00,
    0x18, 0x29, 0x00, 0x00, 0x18, 0x29, 0x00, 0x00, 0x20, 0x29, 0x00, 0x00, 0x20, 0x29, 0x00, 0x00,
    0x20, 0x29, 0x00, 0x00, 0x20, 0x29, 0x00, 0x00, 0x20, 0x29, 0x00, 0x00, 0x20, 0x29, 0x00, 0x00,
    0x20, 0x29, 0x00, 0x00, 0x34, 0x29, 0x00, 0x00, 0x34, 0x29, 0x00, 0x00, 0x34, 0x29, 0x00, 0x00,
    0x34, 0x29, 0x00, 0x00, 0x3C, 0x29, 0x00, 0x00, 0x3C, 0x29, 0x00, 0x00, 0x3C, 0x29, 0x00, 0x00,
    0x3C, 0x29, 0x00, 0x00, 0x44, 0x29, 0x00, 0x00, 0x44, 0x29, 0x00, 0x00, 0x44, 0x29, 0x00, 0x00,
    0x44, 0x29, 0x00, 0x00, 0x44, 0x29, 0x00, 0x00, 0x44, 0x29, 0x00, 0x00, 0x44, 0x29, 0x00, 0x00,
    0x44, 0x29, 0x00, 0x00, 0x4C, 0x29, 0x00, 0x00, 0x4C, 0x29, 0x00, 0x00, 0x4C, 0x29, 0x00, 0x00,
    0x4C, 0x29, 0x00, 0x00, 0x4C, 0x29, 0x00, 0x00, 0x4C, 0x29, 0x00, 0x00, 0x4C, 0x29, 0x00, 0x00,
    0x54, 0x29, 0x00, 0x00, 0x54, 0x29, 0x00, 0x00, 0x54, 0x29, 0x00, 0x00, 0x54, 0x29, 0x00, 0x00,
    0x54, 0x29, 0x00, 0x00, 0x54, 0x29, 0x00, 0x00, 0x54, 0x29, 0x00, 0x00, 0x54, 0x29, 0x00, 0x00,
    0x54, 0x29, 0x00, 0x00, 0x54, 0x29, 0x00, 0x00, 0x58, 0x29, 0x00, 0x00, 0x58, 0x29, 0x00, 0x00,
    0x58, 0x29, 0x00, 0x00, 0x58, 0x29, 0x00, 0x00, 0x60, 0x29, 0x00, 0x00, 0x60, 0x29, 0x00, 0x00,
    0x60, 0x29, 0x00, 0x00, 0x60, 0x29, 0x00, 0x00, 0x68, 0x29, 0x00, 0x00, 0x68, 0x29, 0x00, 0x00,
    0x68, 0x29, 0x00, 0x00, 0x68, 0x29, 0x00, 0x00, 0x68, 0x29, 0x00, 0x00, 0x68, 0x29, 0x00, 0x00,
    0x68, 0x29, 0x00, 0x00, 0x70, 0x29, 0x00, 0x00, 0x70, 0x29, 0x00, 0x00, 0x70, 0x29, 0x00, 0x00,
    0x70, 0x29, 0x00, 0x00, 0x70, 0x29, 0x00, 0x00, 0x70, 0x29, 0x00, 0x00, 0x70, 0x29, 0x00, 0x00,
    0x78, 0x29, 0x00, 0x00, 0x78, 0x29, 0x00, 0x00, 0x78, 0x29, 0x00, 0x00, 0x78, 0x29, 0x00, 0x00,
    0x8C, 0x29, 0x00, 0x00, 0x8C, 0x29, 0x00, 0x00, 0x8C, 0x29, 0x00, 0x00, 0x8C, 0x29, 0x00, 0x00,
    0x94, 0x29, 0x00, 0x00, 0x94, 0x29, 0x00, 0x00, 0x94, 0x29, 0x00, 0x00, 0x94, 0x29, 0x00, 0x00,
    0x9C, 0x29, 0x00, 0x00, 0x9C, 0x29, 0x00, 0x00, 0x9C, 0x29, 0x00, 0x00, 0x9C, 0x29, 0x00, 0x00,
    0x9C, 0x29, 0x00, 0x00, 0x9C, 0x29, 0x00, 0x00, 0x9C, 0x29, 0x00, 0x00, 0x9C, 0x29, 0x00, 0x00,
    0xA4, 0x29, 0x00, 0x00, 0xA4, 0x29, 0x00, 0x00, 0xA4, 0x29, 0x00, 0x00, 0xA4, 0x29, 0x00, 0x00,
    0xA4, 0x29, 0x00, 0x00, 0xA4, 0x29, 0x00, 0x00, 0xA4, 0x29, 0x00, 0x00, 0xAC, 0x29, 0x00, 0x00,
    0xAC, 0x29, 0x00, 0x00, 0xAC, 0x29, 0x00, 0x00, 0xAC, 0x29, 0x00, 0x00, 0xAC, 0x29, 0x00, 0x00,
    0xAC, 0x29, 0x00, 0x00, 0xAC, 0x29, 0x00, 0x00, 0xAC, 0x29, 0x00, 0x00, 0xAC, 0x29, 0x00, 0x00,
    0xAC, 0x29, 0x00, 0x00, 0xB0, 0x29, 0x00, 0x00, 0xB0, 0x29, 0x00, 0x00, 0xB0, 0x29, 0x00, 0x00,
    0xB0, 0x29, 0x00, 0x00, 0xB0, 0x29, 0x00, 0x00, 0xB0, 0x29, 0x00, 0x00, 0xB0, 0x29, 0x00, 0x00,
    0xB4, 0x29, 0x00, 0x00, 0xB4, 0x29, 0x00, 0x00, 0xB4, 0x29, 0x00, 0x00, 0xB4, 0x29, 0x00, 0x00,
    0xBC, 0x29, 0x00, 0x00, 0xBC, 0x29, 0x00, 0x00, 0xBC, 0x29, 0x00, 0x00, 0xBC, 0x29, 0x00, 0x00,
    0xBC, 0x29, 0x00, 0x00, 0xBC, 0x29, 0x00, 0x00, 0xBC, 0x29, 0x00, 0x00, 0xC4, 0x29, 0x00, 0x00,
    0xC4, 0x29, 0x00, 0x00, 0xC4, 0x29, 0x00, 0x00, 0xC4, 0x29, 0x00, 0x00, 0xC4, 0x29, 0x00, 0x00,
    0xC4, 0x29, 0x00, 0x00, 0xC4, 0x29, 0x00, 0x00, 0xC4, 0x29, 0x00, 0x00, 0xC4, 0x29, 0x00, 0x00,
    0xC4, 0x29, 0x00, 0x00, 0xC4, 0x29, 0x00, 0x00, 0xC4, 0x29, 0x00, 0x00, 0xC4, 0x29, 0x00, 0x00,
    0xC4, 0x29, 0x00, 0x00, 0xC4, 0x29, 0x00, 0x00, 0xC4, 0x29, 0x00, 0x00, 0xC4, 0x29, 0x00, 0x00,
    0xC4, 0x29, 0x00, 0x00, 0xC4, 0x29, 0x00, 0x00, 0xC4, 0x29, 0x00, 0x00, 0xC4, 0x29, 0x00, 0x00,
    0xC4, 0x29, 0x00, 0x00, 0xC4, 0x29, 0x00, 0x00, 0xC4, 0x29, 0x00, 0x00, 0xC4, 0x29, 0x00, 0x00,
    0xC4, 0x29, 0x00, 0x00, 0xC4, 0x29, 0x00, 0x00, 0xC4, 0x29, 0x00, 0x00, 0xC4, 0x29, 0x00, 0x00,
    0xC4, 0x29, 0x00, 0x00, 0xC4, 0x29, 0x00, 0x00, 0xC4, 0x29, 0x00, 0x00, 0xC4, 0x29, 0x00, 0x00,
    0xC4, 0x29, 0x00, 0x00, 0xC4, 0x29, 0x00, 0x00, 0xC4, 0x29, 0x00, 0x00, 0xC4, 0x29, 0x00, 0x00,
    0xC4, 0x29, 0x00, 0x00, 0xC4, 0x29, 0x00, 0x00, 0xC4, 0x29, 0x00, 0x00, 0xC4, 0x29, 0x00, 0x00,
    0xC4, 0x29, 0x00, 0x00, 0xC4, 0x29, 0x00, 0x00, 0xCC, 0x29, 0x00, 0x00, 0xCC, 0x29, 0x00, 0x00,
    0xCC, 0x29, 0x00, 0x00, 0xCC, 0x29, 0x00, 0x00, 0xD4, 0x29, 0x00, 0x00, 0xD4, 0x29, 0x00, 0x00,
    0xD4, 0x29, 0x00, 0x00, 0xD4, 0x29, 0x00, 0x00, 0xDC, 0x29, 0x00, 0x00, 0xDC, 0x29, 0x00, 0x00,
    0xDC, 0x29, 0x00, 0x00, 0xDC, 0x29, 0x00, 0x00, 0xE8, 0x29, 0x00, 0x00, 0xF0, 0x29, 0x00, 0x00,
    0xF0, 0x29, 0x00, 0x00, 0xF0, 0x29, 0x00, 0x00, 0xF0, 0x29, 0x00, 0x00, 0xF8, 0x29, 0x00, 0x00,
    0xF8, 0x29, 0x00, 0x00, 0xF8, 0x29, 0x00, 0x00, 0xF8, 0x29, 0x00, 0x00, 0xF8, 0x29, 0x00, 0x00,
    0xF8, 0x29, 0x00, 0x00, 0xF8, 0x29, 0x00, 0x00, 0x00, 0x2A, 0x00, 0x00, 0x00, 0x2A, 0x00, 0x00,
    0x00, 0x2A, 0x00, 0x00, 0x00, 0x2A, 0x00, 0x00, 0x08, 0x2A, 0x00, 0x00, 0x08, 0x2A, 0x00, 0x00,
    0x08, 0x2A, 0x00, 0x00, 0x08, 0x2A, 0x00, 0x00, 0x10, 0x2A, 0x00, 0x00, 0x10, 0x2A, 0x00, 0x00,
    0x10, 0x2A, 0x00, 0x00, 0x10, 0x2A, 0x00, 0x00, 0x1C, 0x2A, 0x00, 0x00, 0x24, 0x2A, 0x00, 0x00,
    0x24, 0x2A, 0x00, 0x00, 0x24, 0x2A, 0x00, 0x00, 0x24, 0x2A, 0x00, 0x00, 0x2C, 0x2A, 0x00, 0x00,
    0x2C, 0x2A, 0x00, 0x00, 0x2C, 0x2A, 0x00, 0x00, 0x2C, 0x2A, 0x00, 0x00, 0x2C, 0x2A, 0x00, 0x00,
    0x2C, 0x2A, 0x00, 0x00, 0x2C, 0x2A, 0x00, 0x00, 0x34, 0x2A, 0x00, 0x00, 0x34, 0x2A, 0x00, 0x00,
    0x34, 0x2A, 0x00, 0x00, 0x34, 0x2A, 0x00, 0x00, 0x3C, 0x2A, 0x00, 0x00, 0x3C, 0x2A, 0x00, 0x00,
    0x3C, 0x2A, 0x00, 0x00, 0x3C, 0x2A, 0x00, 0x00, 0x44, 0x2A, 0x00, 0x00, 0x44, 0x2A, 0x00, 0x00,
    0x44, 0x2A, 0x00, 0x00, 0x44, 0x2A, 0x00, 0x00, 0x50, 0x2A, 0x00, 0x00, 0x58, 0x2A, 0x00, 0x00,
    0x58, 0x2A, 0x00, 0x00, 0x58, 0x2A, 0x00, 0x00, 0x58, 0x2A, 0x00, 0x00, 0x60, 0x2A, 0x00, 0x00,
    0x60, 0x2A, 0x00, 0x00, 0x60, 0x2A, 0x00, 0x00, 0x60, 0x2A, 0x00, 0x00, 0x60, 0x2A, 0x00, 0x00,
    0x60, 0x2A, 0x00, 0x00, 0x60, 0x2A, 0x00, 0x00, 0x68, 0x2A, 0x00, 0x00, 0x68, 0x2A, 0x00, 0x00,
    0x68, 0x2A, 0x00, 0x00, 0x68, 0x2A, 0x00, 0x00, 0x70, 0x2A, 0x00, 0x00, 0x70, 0x2A, 0x00, 0x00,
    0x70, 0x2A, 0x00, 0x00, 0x70, 0x2A, 0x00, 0x00, 0x78, 0x2A, 0x00, 0x00, 0x78, 0x2A, 0x00, 0x00,
    0x78, 0x2A, 0x00, 0x00, 0x78, 0x2A, 0x00, 0x00, 0x84, 0x2A, 0x00, 0x00, 0x8C, 0x2A, 0x00, 0x00,
    0x8C, 0x2A, 0x00, 0x00, 0x8C, 0x2A, 0x00, 0x00, 0x8C, 0x2A, 0x00, 0x00, 0x94, 0x2A, 0x00, 0x00,
    0x94, 0x2A, 0x00, 0x00, 0x94, 0x2A, 0x00, 0x00, 0x94, 0x2A, 0x00, 0x00, 0x94, 0x2A, 0x00, 0x00,
    0x94, 0x2A, 0x00, 0x00, 0x94, 0x2A, 0x00, 0x00, 0x9C, 0x2A, 0x00, 0x00, 0x9C, 0x2A, 0x00, 0x00,
    0x9C, 0x2A, 0x00, 0x00, 0x9C, 0x2A, 0x00, 0x00, 0xA4, 0x2A, 0x00, 0x00, 0xA4, 0x2A, 0x00, 0x00,
    0xA4, 0x2A, 0x00, 0x00, 0xA4, 0x2A, 0x00, 0x00, 0xAC, 0x2A, 0x00, 0x00, 0xAC, 0x2A, 0x00, 0x00,
    0xAC, 0x2A, 0x00, 0x00, 0xAC, 0x2A, 0x00, 0x00, 0xB8, 0x2A, 0x00, 0x00, 0xC0, 0x2A, 0x00, 0x00,
    0xC0, 0x2A, 0x00, 0x00, 0xC0, 0x2A, 0x00, 0x00, 0xC0, 0x2A, 0x00, 0x00, 0xC8, 0x2A, 0x00, 0x00,
    0xC8, 0x2A, 0x00, 0x00, 0xC8, 0x2A, 0x00, 0x00, 0xC8, 0x2A, 0x00, 0x00, 0xC8, 0x2A, 0x00, 0x00,
    0xC8, 0x2A, 0x00, 0x00, 0xC8, 0x2A, 0x00, 0x00, 0xD0, 0x2A, 0x00, 0x00, 0xD0, 0x2A, 0x00, 0x00,
    0xD0, 0x2A, 0x00, 0x00, 0xD0, 0x2A, 0x00, 0x00, 0xD8, 0x2A, 0x00, 0x00, 0xD8, 0x2A, 0x00, 0x00,
    0xD8, 0x2A, 0x00, 0x00, 0xD8, 0x2A, 0x00, 0x00, 0xE0, 0x2A, 0x00, 0x00, 0xE0, 0x2A, 0x00, 0x00,
    0xE0, 0x2A, 0x00, 0x00, 0xE0, 0x2A, 0x00, 0x00, 0xEC, 0x2A, 0x00, 0x00, 0xF4, 0x2A, 0x00, 0x00,
    0xF4, 0x2A, 0x00, 0x00, 0xF4, 0x2A, 0x00, 0x00, 0xF4, 0x2A, 0x00, 0x00, 0xFC, 0x2A, 0x00, 0x00,
    0xFC, 0x2A, 0x00, 0x00, 0xFC, 0x2A, 0x00, 0x00, 0xFC, 0x2A, 0x00, 0x00, 0xFC, 0x2A, 0x00, 0x00,
    0xFC, 0x2A, 0x00, 0x00, 0xFC, 0x2A, 0x00, 0x00, 0x04, 0x2B, 0x00, 0x00, 0x04, 0x2B, 0x00, 0x00,
    0x04, 0x2B, 0x00, 0x00, 0x04, 0x2B, 0x00, 0x00, 0x0C, 0x2B, 0x00, 0x00, 0x0C, 0x2B, 0x00, 0x00,
    0x0C, 0x2B, 0x00, 0x00, 0x0C, 0x2B, 0x00, 0x00, 0x14, 0x2B, 0x00, 0x00, 0x14, 0x2B, 0x00, 0x00,
    0x14, 0x2B, 0x00, 0x00, 0x14, 0x2B, 0x00, 0x00, 0x20, 0x2B, 0x00, 0x00, 0x28, 0x2B, 0x00, 0x00,
    0x28, 0x2B, 0x00, 0x00, 0x28, 0x2B, 0x00, 0x00, 0x28, 0x2B, 0x00, 0x00, 0x30, 0x2B, 0x00, 0x00,
    0x30, 0x2B, 0x00, 0x00, 0x30, 0x2B, 0x00, 0x00, 0x30, 0x2B, 0x00, 0x00, 0x30, 0x2B, 0x00, 0x00,
    0x30, 0x2B, 0x00, 0x00, 0x30, 0x2B, 0x00, 0x00, 0x38, 0x2B, 0x00, 0x00, 0x38, 0x2B, 0x00, 0x00,
    0x38, 0x2B, 0x00, 0x00, 0x38, 0x2B, 0x00, 0x00, 0x40, 0x2B, 0x00, 0x00, 0x40, 0x2B, 0x00, 0x00,
    0x40, 0x2B, 0x00, 0x00, 0x40, 0x2B, 0x00, 0x00, 0x48, 0x2B, 0x00, 0x00, 0x48, 0x2B, 0x00, 0x00,
    0x48, 0x2B, 0x00, 0x00, 0x48, 0x2B, 0x00, 0x00, 0x54, 0x2B, 0x00, 0x00, 0x5C, 0x2B, 0x00, 0x00,
    0x5C, 0x2B, 0x00, 0x00, 0x5C, 0x2B, 0x00, 0x00, 0x5C, 0x2B, 0x00, 0x00, 0x64, 0x2B, 0x00, 0x00,
    0x64, 0x2B, 0x00, 0x00, 0x64, 0x2B, 0x00, 0x00, 0x64, 0x2B, 0x00, 0x00, 0x64, 0x2B, 0x00, 0x00,
    0x64, 0x2B, 0x00, 0x00, 0x64, 0x2B, 0x00, 0x00, 0x6C, 0x2B, 0x00, 0x00, 0x6C, 0x2B, 0x00, 0x00,
    0x6C, 0x2B, 0x00, 0x00, 0x6C, 0x2B, 0x00, 0x00, 0x74, 0x2B, 0x00, 0x00, 0x74, 0x2B, 0x00, 0x00,
    0x74, 0x2B, 0x00, 0x00, 0x74, 0x2B, 0x00, 0x00, 0x7C, 0x2B, 0x00, 0x00, 0x7C, 0x2B, 0x00, 0x00,
    0x7C, 0x2B, 0x00, 0x00, 0x7C, 0x2B, 0x00, 0x00, 0x88, 0x2B, 0x00, 0x00, 0x90, 0x2B, 0x00, 0x00,
    0x90, 0x2B, 0x00, 0x00, 0x90, 0x2B, 0x00, 0x00, 0x90, 0x2B, 0x00, 0x00, 0x98, 0x2B, 0x00, 0x00,
    0x98, 0x2B, 0x00, 0x00, 0x98, 0x2B, 0x00, 0x00, 0x98, 0x2B, 0x00, 0x00, 0xA0, 0x2B, 0x00, 0x00,
    0xA0, 0x2B, 0x00, 0x00, 0xA0, 0x2B, 0x00, 0x00, 0xA0, 0x2B, 0x00, 0x00, 0xA0, 0x2B, 0x00, 0x00,
    0xA0, 0x2B, 0x00, 0x00, 0xA0, 0x2B, 0x00, 0x00, 0xA0, 0x2B, 0x00, 0x00, 0xA0, 0x2B, 0x00, 0x00,
    0xA0, 0x2B, 0x00, 0x00, 0xA0, 0x2B, 0x00, 0x00, 0xA0, 0x2B, 0x00, 0x00, 0xA0, 0x2B, 0x00, 0x00,
    0xA4, 0x2B, 0x00, 0x00, 0xA4, 0x2B, 0x00, 0x00, 0xA4, 0x2B, 0x00, 0x00, 0xA4, 0x2B, 0x00, 0x00,
    0xA4, 0x2B, 0x00, 0x00, 0xA4, 0x2B, 0x00, 0x00, 0xA4, 0x2B, 0x00, 0x00, 0xA4, 0x2B, 0x00, 0x00,
    0xA4, 0x2B, 0x00, 0x00, 0xA4, 0x2B, 0x00, 0x00, 0xA4, 0x2B, 0x00, 0x00, 0xA4, 0x2B, 0x00, 0x00,
    0xA4, 0x2B, 0x00, 0x00, 0xAC, 0x2B, 0x00, 0x00, 0xAC, 0x2B, 0x00, 0x00, 0xAC, 0x2B, 0x00, 0x00,
    0xAC, 0x2B, 0x00, 0x00, 0xAC, 0x2B, 0x00, 0x00, 0xAC, 0x2B, 0x00, 0x00, 0xAC, 0x2B, 0x00, 0x00,
    0xB4, 0x2B, 0x00, 0x00, 0xB4, 0x2B, 0x00, 0x00, 0xB4, 0x2B, 0x00, 0x00, 0xB4, 0x2B, 0x00, 0x00,
    0xB4, 0x2B, 0x00, 0x00, 0xB4, 0x2B, 0x00, 0x00, 0xB4, 0x2B, 0x00, 0x00, 0xBC, 0x2B, 0x00, 0x00,
    0xBC, 0x2B, 0x00, 0x00, 0xBC, 0x2B, 0x00, 0x00, 0xBC, 0x2B, 0x00, 0x00, 0xBC, 0x2B, 0x00, 0x00,
    0xBC, 0x2B, 0x00, 0x00, 0xBC, 0x2B, 0x00, 0x00, 0xC4, 0x2B, 0x00, 0x00, 0xC4, 0x2B, 0x00, 0x00,
    0xC4, 0x2B, 0x00, 0x00, 0xC4, 0x2B, 0x00, 0x00, 0xC4, 0x2B, 0x00, 0x00, 0xC4, 0x2B, 0x00, 0x00,
    0xC4, 0x2B, 0x00, 0x00, 0xCC, 0x2B, 0x00, 0x00, 0xCC, 0x2B, 0x00, 0x00, 0xCC, 0x2B, 0x00, 0x00,
    0xCC, 0x2B, 0x00, 0x00, 0xCC, 0x2B, 0x00, 0x00, 0xCC, 0x2B, 0x00, 0x00, 0xCC, 0x2B, 0x00, 0x00,
    0xD4, 0x2B, 0x00, 0x00, 0xD4, 0x2B, 0x00, 0x00, 0xD4, 0x2B, 0x00, 0x00, 0xD4, 0x2B, 0x00, 0x00,
    0xD4, 0x2B, 0x00, 0x00, 0xD4, 0x2B, 0x00, 0x00, 0xD4, 0x2B, 0x00, 0x00, 0xDC, 0x2B, 0x00, 0x00,
    0xDC, 0x2B, 0x00, 0x00, 0xDC, 0x2B, 0x00, 0x00, 0xDC, 0x2B, 0x00, 0x00, 0xDC, 0x2B, 0x00, 0x00,
    0xDC, 0x2B, 0x00, 0x00, 0xDC, 0x2B, 0x00, 0x00, 0xE4, 0x2B, 0x00, 0x00, 0xE4, 0x2B, 0x00, 0x00,
    0xE4, 0x2B, 0x00, 0x00, 0xE4, 0x2B, 0x00, 0x00, 0xE4, 0x2B, 0x00, 0x00, 0xE4, 0x2B, 0x00, 0x00,
    0xE4, 0x2B, 0x00, 0x00, 0xEC, 0x2B, 0x00, 0x00, 0xEC, 0x2B, 0x00, 0x00, 0xEC, 0x2B, 0x00, 0x00,
    0xEC, 0x2B, 0x00, 0x00, 0xEC, 0x2B, 0x00, 0x00, 0xEC, 0x2B, 0x00, 0x00, 0xEC, 0x2B, 0x00, 0x00,
    0xEC, 0x2B, 0x00, 0x00, 0xEC, 0x2B, 0x00, 0x00, 0xEC, 0x2B, 0x00, 0x00, 0xF4, 0x2B, 0x00, 0x00,
    0xF4, 0x2B, 0x00, 0x00, 0xF4, 0x2B, 0x00, 0x00, 0xF4, 0x2B, 0x00, 0x00, 0xFC, 0x2B, 0x00, 0x00,
    0xFC, 0x2B, 0x00, 0x00, 0xFC, 0x2B, 0x00, 0x00, 0xFC, 0x2B, 0x00, 0x00, 0xFC, 0x2B, 0x00, 0x00,
    0xFC, 0x2B, 0x00, 0x00, 0xFC, 0x2B, 0x00, 0x00, 0x04, 0x2C, 0x00, 0x00, 0x04, 0x2C, 0x00, 0x00,
    0x04, 0x2C, 0x00, 0x00, 0x04, 0x2C, 0x00, 0x00, 0x04, 0x2C, 0x00, 0x00, 0x04, 0x2C, 0x00, 0x00,
    0x04, 0x2C, 0x00, 0x00, 0x0C, 0x2C, 0x00, 0x00, 0x0C, 0x2C, 0x00, 0x00, 0x0C, 0x2C, 0x00, 0x00,
    0x0C, 0x2C, 0x00, 0x00, 0x0C, 0x2C, 0x00, 0x00, 0x0C, 0x2C, 0x00, 0x00, 0x0C, 0x2C, 0x00, 0x00,
    0x14, 0x2C, 0x00, 0x00, 0x14, 0x2C, 0x00, 0x00, 0x14, 0x2C, 0x00, 0x00, 0x14, 0x2C, 0x00, 0x00,
    0x14, 0x2C, 0x00, 0x00, 0x14, 0x2C, 0x00, 0x00, 0x14, 0x2C, 0x00, 0x00, 0x1C, 0x2C, 0x00, 0x00,
    0x1C, 0x2C, 0x00, 0x00, 0x1C, 0x2C, 0x00, 0x00, 0x1C, 0x2C, 0x00, 0x00, 0x1C, 0x2C, 0x00, 0x00,
    0x1C, 0x2C, 0x00, 0x00, 0x1C, 0x2C, 0x00, 0x00, 0x24, 0x2C, 0x00, 0x00, 0x24, 0x2C, 0x00, 0x00,
    0x24, 0x2C, 0x00, 0x00, 0x24, 0x2C, 0x00, 0x00, 0x24, 0x2C, 0x00, 0x00, 0x24, 0x2C, 0x00, 0x00,
    0x24, 0x2C, 0x00, 0x00, 0x2C, 0x2C, 0x00, 0x00, 0x2C, 0x2C, 0x00, 0x00, 0x2C, 0x2C, 0x00, 0x00,
    0x2C, 0x2C, 0x00, 0x00, 0x2C, 0x2C, 0x00, 0x00, 0x2C, 0x2C, 0x00, 0x00, 0x2C, 0x2C, 0x00, 0x00,
    0x34, 0x2C, 0x00, 0x00, 0x34, 0x2C, 0x00, 0x00, 0x34, 0x2C, 0x00, 0x00, 0x34, 0x2C, 0x00, 0x00,
    0x34, 0x2C, 0x00, 0x00, 0x34, 0x2C, 0x00, 0x00, 0x34, 0x2C, 0x00, 0x00, 0x3C, 0x2C, 0x00, 0x00,
    0x3C, 0x2C, 0x00, 0x00, 0x3C, 0x2C, 0x00, 0x00, 0x3C, 0x2C, 0x00, 0x00, 0x3C, 0x2C, 0x00, 0x00,
    0x3C, 0x2C, 0x00, 0x00, 0x3C, 0x2C, 0x00, 0x00, 0x44, 0x2C, 0x00, 0x00, 0x44, 0x2C, 0x00, 0x00,
    0x44, 0x2C, 0x00, 0x00, 0x44, 0x2C, 0x00, 0x00, 0x44, 0x2C, 0x00, 0x00, 0x44, 0x2C, 0x00, 0x00,
    0x44, 0x2C, 0x00, 0x00, 0x4C, 0x2C, 0x00, 0x00, 0x4C, 0x2C, 0x00, 0x00, 0x4C, 0x2C, 0x00, 0x00,
    0x4C, 0x2C, 0x00, 0x00, 0x4C, 0x2C, 0x00, 0x00, 0x4C, 0x2C, 0x00, 0x00, 0x4C, 0x2C, 0x00, 0x00,
    0x54, 0x2C, 0x00, 0x00, 0x54, 0x2C, 0x00, 0x00, 0x54, 0x2C, 0x00, 0x00, 0x54, 0x2C, 0x00, 0x00,
    0x54, 0x2C, 0x00, 0x00, 0x54, 0x2C, 0x00, 0x00, 0x54, 0x2C, 0x00, 0x00, 0x5C, 0x2C, 0x00, 0x00,
    0x5C, 0x2C, 0x00, 0x00, 0x5C, 0x2C, 0x00, 0x00, 0x5C, 0x2C, 0x00, 0x00, 0x5C, 0x2C, 0x00, 0x00,
    0x5C, 0x2C, 0x00, 0x00, 0x5C, 0x2C, 0x00, 0x00, 0x64, 0x2C, 0x00, 0x00, 0x64, 0x2C, 0x00, 0x00,
    0x64, 0x2C, 0x00, 0x00, 0x64, 0x2C, 0x00, 0x00, 0x64, 0x2C, 0x00, 0x00, 0x64, 0x2C, 0x00, 0x00,
    0x64, 0x2C, 0x00, 0x00, 0x6C, 0x2C, 0x00, 0x00, 0x6C, 0x2C, 0x00, 0x00, 0x6C, 0x2C, 0x00, 0x00,
    0x6C, 0x2C, 0x00, 0x00, 0x6C, 0x2C, 0x00, 0x00, 0x6C, 0x2C, 0x00, 0x00, 0x6C, 0x2C, 0x00, 0x00,
    0x74, 0x2C, 0x00, 0x00, 0x74, 0x2C, 0x00, 0x00, 0x74, 0x2C, 0x00, 0x00, 0x74, 0x2C, 0x00, 0x00,
    0x74, 0x2C, 0x00, 0x00, 0x74, 0x2C, 0x00, 0x00, 0x74, 0x2C, 0x00, 0x00, 0x7C, 0x2C, 0x00, 0x00,
    0x7C, 0x2C, 0x00, 0x00, 0x7C, 0x2C, 0x00, 0x00, 0x7C, 0x2C, 0x00, 0x00, 0x7C, 0x2C, 0x00, 0x00,
    0x7C, 0x2C, 0x00, 0x00, 0x7C, 0x2C, 0x00, 0x00, 0x84, 0x2C, 0x00, 0x00, 0x84, 0x2C, 0x00, 0x00,
    0x84, 0x2C, 0x00, 0x00, 0x84, 0x2C, 0x00, 0x00, 0x84, 0x2C, 0x00, 0x00, 0x84, 0x2C, 0x00, 0x00,
    0x84, 0x2C, 0x00, 0x00, 0x84, 0x2C, 0x00, 0x00, 0x84, 0x2C, 0x00, 0x00, 0x84, 0x2C, 0x00, 0x00,
    0x8C, 0x2C, 0x00, 0x00, 0x8C, 0x2C, 0x00, 0x00, 0x8C, 0x2C, 0x00, 0x00, 0x8C, 0x2C, 0x00, 0x00,
    0x8C, 0x2C, 0x00, 0x00, 0x8C, 0x2C, 0x00, 0x00, 0x8C, 0x2C, 0x00, 0x00, 0x94, 0x2C, 0x00, 0x00,
    0x94, 0x2C, 0x00, 0x00, 0x94, 0x2C, 0x00, 0x00, 0x94, 0x2C, 0x00, 0x00, 0x94, 0x2C, 0x00, 0x00,
    0x94, 0x2C, 0x00, 0x00, 0x94, 0x2C, 0x00, 0x00, 0x9C, 0x2C, 0x00, 0x00, 0x9C, 0x2C, 0x00, 0x00,
    0x9C, 0x2C, 0x00, 0x00, 0x9C, 0x2C, 0x00, 0x00, 0x9C, 0x2C, 0x00, 0x00, 0x9C, 0x2C, 0x00, 0x00,
    0x9C, 0x2C, 0x00, 0x00, 0xA4, 0x2C, 0x00, 0x00, 0xA4, 0x2C, 0x00, 0x00, 0xA4, 0x2C, 0x00, 0x00,
    0xA4, 0x2C, 0x00, 0x00, 0xA4, 0x2C, 0x00, 0x00, 0xA4, 0x2C, 0x00, 0x00, 0xA4, 0x2C, 0x00, 0x00,
    0xAC, 0x2C, 0x00, 0x00, 0xAC, 0x2C, 0x00, 0x00, 0xAC, 0x2C, 0x00, 0x00, 0xAC, 0x2C, 0x00, 0x00,
    0xAC, 0x2C, 0x00, 0x00, 0xAC, 0x2C, 0x00, 0x00, 0xAC, 0x2C, 0x00, 0x00, 0xB4, 0x2C, 0x00, 0x00,
    0xB4, 0x2C, 0x00, 0x00, 0xB4, 0x2C, 0x00, 0x00, 0xB4, 0x2C, 0x00, 0x00, 0xB4, 0x2C, 0x00, 0x00,
    0xB4, 0x2C, 0x00, 0x00, 0xB4, 0x2C, 0x00, 0x00, 0xB4, 0x2C, 0x00, 0x00, 0xB4, 0x2C, 0x00, 0x00,
    0xB4, 0x2C, 0x00, 0x00, 0xB4, 0x2C, 0x00, 0x00, 0xB4, 0x2C, 0x00, 0x00, 0xB4, 0x2C, 0x00, 0x00,
    0xB4, 0x2C, 0x00, 0x00, 0xB4, 0x2C, 0x00, 0x00, 0xB4, 0x2C, 0x00, 0x00, 0xB4, 0x2C, 0x00, 0x00,
    0xB4, 0x2C, 0x00, 0x00, 0xB4, 0x2C, 0x00, 0x00, 0xB4, 0x2C, 0x00, 0x00, 0xB4, 0x2C, 0x00, 0x00,
    0xB4, 0x2C, 0x00, 0x00, 0xB4, 0x2C, 0x00, 0x00, 0xB4, 0x2C, 0x00, 0x00, 0xB4, 0x2C, 0x00, 0x00,
    0xB4, 0x2C, 0x00, 0x00, 0xB4, 0x2C, 0x00, 0x00, 0xB4, 0x2C, 0x00, 0x00, 0xB4, 0x2C, 0x00, 0x00,
    0xB4, 0x2C, 0x00, 0x00, 0xB4, 0x2C, 0x00, 0x00, 0xB4, 0x2C, 0x00, 0x00, 0x00, 0x00, 0x00, 0x00,
    0xB0, 0x2C, 0x00, 0x00, 0xB8, 0x2C, 0x00, 0x00, 0x01, 0x00, 0x00, 0x00, 0xB8, 0x2C, 0x00, 0x00,
    0xC0, 0x2C, 0x00, 0x00, 0x02, 0x00, 0x00, 0x00, 0xC0, 0x2C, 0x00, 0x00, 0xC8, 0x2C, 0x00, 0x00,
    0x03, 0x00, 0x00, 0x00, 0xC8, 0x2C, 0x00, 0x00, 0xD0, 0x2C, 0x00, 0x00, 0x2C, 0x00, 0x00, 0x00,
    0xD0, 0x2C, 0x00, 0x00, 0x0A, 0x00, 0x00, 0x00, 0xD4, 0x2C, 0x00, 0x00, 0xDC, 0x2C, 0x00, 0x00,
    0x0B, 0x00, 0x00, 0x00, 0xDC, 0x2C, 0x00, 0x00, 0xE4, 0x2C, 0x00, 0x00, 0x0C, 0x00, 0x00, 0x00,
    0xE4, 0x2C, 0x00, 0x00, 0xEC, 0x2C, 0x00, 0x00, 0x0D, 0x00, 0x00, 0x00, 0xEC, 0x2C, 0x00, 0x00,
    0xF4, 0x2C, 0x00, 0x00, 0x0E, 0x00, 0x00, 0x00, 0xF4, 0x2C, 0x00, 0x00, 0xFC, 0x2C, 0x00, 0x00,
    0x0F, 0x00, 0x00, 0x00, 0xFC, 0x2C, 0x00, 0x00, 0x04, 0x2D, 0x00, 0x00, 0x10, 0x00, 0x00, 0x00,
    0x04, 0x2D, 0x00, 0x00, 0x0C, 0x2D, 0x00, 0x00, 0x11, 0x00, 0x00, 0x00, 0x0C, 0x2D, 0x00, 0x00,
    0x14, 0x2D, 0x00, 0x00, 0x12, 0x00, 0x00, 0x00, 0x14, 0x2D, 0x00, 0x00, 0x1C, 0x2D, 0x00, 0x00,
    0x13, 0x00, 0x00, 0x00, 0x1C, 0x2D, 0x00, 0x00, 0x24, 0x2D, 0x00, 0x00, 0x14, 0x00, 0x00, 0x00,
    0x24, 0x2D, 0x00, 0x00, 0x2C, 0x2D, 0x00, 0x00, 0x15, 0x00, 0x00, 0x00, 0x2C, 0x2D, 0x00, 0x00,
    0x34, 0x2D, 0x00, 0x00, 0x16, 0x00, 0x00, 0x00, 0x34, 0x2D, 0x00, 0x00, 0x3C, 0x2D, 0x00, 0x00,
    0x18, 0x00, 0x00, 0x00, 0x3C, 0x2D, 0x00, 0x00, 0x44, 0x2D, 0x00, 0x00, 0x19, 0x00, 0x00, 0x00,
    0x44, 0x2D, 0x00, 0x00, 0x4C, 0x2D, 0x00, 0x00, 0x1A, 0x00, 0x00, 0x00, 0x4C, 0x2D, 0x00, 0x00,
    0x54, 0x2D, 0x00, 0x00, 0x1B, 0x00, 0x00, 0x00, 0x54, 0x2D, 0x00, 0x00, 0x5C, 0x2D, 0x00, 0x00,
    0x1C, 0x00, 0x00, 0x00, 0x5C, 0x2D, 0x00, 0x00, 0x64, 0x2D, 0x00, 0x00, 0x1D, 0x00, 0x00, 0x00,
    0x64, 0x2D, 0x00, 0x00, 0x6C, 0x2D, 0x00, 0x00, 0x17, 0x00, 0x00, 0x00, 0x6C, 0x2D, 0x00, 0x00,
    0x74, 0x2D, 0x00, 0x00, 0x1E, 0x00, 0x00, 0x00, 0x74, 0x2D, 0x00, 0x00, 0x7C, 0x2D, 0x00, 0x00,
    0x1F, 0x00, 0x00, 0x00, 0x7C, 0x2D, 0x00, 0x00, 0x84, 0x2D, 0x00, 0x00, 0x20, 0x00, 0x00, 0x00,
    0x84, 0x2D, 0x00, 0x00, 0x8C, 0x2D, 0x00, 0x00, 0x21, 0x00, 0x00, 0x00, 0x8C, 0x2D, 0x00, 0x00,
    0x94, 0x2D, 0x00, 0x00, 0x22, 0x00, 0x00, 0x00, 0x94, 0x2D, 0x00, 0x00, 0x9C, 0x2D, 0x00, 0x00,
    0x23, 0x00, 0x00, 0x00, 0x9C, 0x2D, 0x00, 0x00, 0xA4, 0x2D, 0x00, 0x00, 0x24, 0x00, 0x00, 0x00,
    0xA4, 0x2D, 0x00, 0x00, 0xAC, 0x2D, 0x00, 0x00, 0x26, 0x00, 0x00, 0x00, 0xAC, 0x2D, 0x00, 0x00,
    0xB4, 0x2D, 0x00, 0x00, 0x27, 0x00, 0x00, 0x00, 0xB4, 0x2D, 0x00, 0x00, 0xBC, 0x2D, 0x00, 0x00,
    0x28, 0x00, 0x00, 0x00, 0xBC, 0x2D, 0x00, 0x00, 0xC4, 0x2D, 0x00, 0x00, 0x29, 0x00, 0x00, 0x00,
    0xC4, 0x2D, 0x00, 0x00, 0xCC, 0x2D, 0x00, 0x00, 0x2A, 0x00, 0x00, 0x00, 0xCC, 0x2D, 0x00, 0x00,
    0xD4, 0x2D, 0x00, 0x00, 0x2B, 0x00, 0x00, 0x00, 0xD4, 0x2D, 0x00, 0x00, 0xDC, 0x2D, 0x00, 0x00,
    0x25, 0x00, 0x00, 0x00, 0xDC, 0x2D, 0x00, 0x00, 0xE4, 0x2D, 0x00, 0x00, 0x08, 0x00, 0x00, 0x00,
    0xE4, 0x2D, 0x00, 0x00, 0xEC, 0x2D, 0x00, 0x00, 0x09, 0x00, 0x00, 0x00, 0xEC, 0x2D, 0x00, 0x00,
    0xF4, 0x2D, 0x00, 0x00, 0x04, 0x00, 0x00, 0x00, 0xF4, 0x2D, 0x00, 0x00, 0xFC, 0x2D, 0x00, 0x00,
    0x05, 0x00, 0x00, 0x00, 0xFC, 0x2D, 0x00, 0x00, 0x04, 0x2E, 0x00, 0x00, 0x07, 0x00, 0x00, 0x00,
    0x04, 0x2E, 0x00, 0x00, 0x0C, 0x2E, 0x00, 0x00, 0x06, 0x00, 0x00, 0x00, 0x0C, 0x2E, 0x00, 0x00,
    0x14, 0x2E, 0x00, 0x00, 0x06, 0x00, 0x00, 0x00, 0x01, 0x40, 0x00, 0x00, 0x0E, 0x00, 0x00, 0x00,
    0x00, 0x00, 0x00, 0x00, 0x08, 0x2E, 0x00, 0x00, 0x00, 0x00, 0x00, 0x00, 0x0E, 0x00, 0x00, 0x00,
    0x00, 0x00, 0x00, 0x00, 0xFC, 0x2D, 0x00, 0x00, 0x00, 0x00, 0x00, 0x00, 0x0E, 0x00, 0x00, 0x00,
    0x00, 0x00, 0x00, 0x00, 0xF0, 0x2D, 0x00, 0x00, 0x00, 0x00, 0x00, 0x00, 0x07, 0x00, 0x00, 0x00,
    0x00, 0x00, 0x00, 0x00, 0x00, 0x00, 0x00, 0x00, 0x00, 0x00, 0x00, 0x00, 0x0E, 0x00, 0x00, 0x00,
    0x00, 0x00, 0x00, 0x00, 0xD4, 0x2D, 0x00, 0x00, 0x00, 0x00, 0x00, 0x00, 0x07, 0x00, 0x00, 0x00,
    0x00, 0x00, 0x00, 0x00, 0x00, 0x00, 0x00, 0x00, 0x00, 0x00, 0x00, 0x00, 0xC0, 0x2D, 0x00, 0x00,
    0xC0, 0x2D, 0x00, 0x00, 0xC0, 0x2D, 0x00, 0x00, 0xC0, 0x2D, 0x00, 0x00, 0xC0, 0x2D, 0x00, 0x00,
    0xC0, 0x2D, 0x00, 0x00, 0xC0, 0x2D, 0x00, 0x00, 0xC0, 0x2D, 0x00, 0x00, 0xC0, 0x2D, 0x00, 0x00,
    0xC0, 0x2D, 0x00, 0x00, 0xC0, 0x2D, 0x00, 0x00, 0xC0, 0x2D, 0x00, 0x00, 0xC0, 0x2D, 0x00, 0x00,
    0xC0, 0x2D, 0x00, 0x00, 0xC0, 0x2D, 0x00, 0x00, 0xC0, 0x2D, 0x00, 0x00, 0xC4, 0x2D, 0x00, 0x00,
    0xCC, 0x2D, 0x00, 0x00, 0xCC, 0x2D, 0x00, 0x00, 0xCC, 0x2D, 0x00, 0x00, 0xCC, 0x2D, 0x00, 0x00,
    0xCC, 0x2D, 0x00, 0x00, 0xCC, 0x2D, 0x00, 0x00, 0xCC, 0x2D, 0x00, 0x00, 0xD0, 0x2D, 0x00, 0x00,
    0xD0, 0x2D, 0x00, 0x00, 0xD0, 0x2D, 0x00, 0x00, 0xD0, 0x2D, 0x00, 0x00, 0xD4, 0x2D, 0x00, 0x00,
    0xDC, 0x2D, 0x00, 0x00, 0xDC, 0x2D, 0x00, 0x00, 0xDC, 0x2D, 0x00, 0x00, 0xDC, 0x2D, 0x00, 0x00,
    0xDC, 0x2D, 0x00, 0x00, 0xDC, 0x2D, 0x00, 0x00, 0xDC, 0x2D, 0x00, 0x00, 0xE0, 0x2D, 0x00, 0x00,
    0xE0, 0x2D, 0x00, 0x00, 0xE0, 0x2D, 0x00, 0x00, 0xE0, 0x2D, 0x00, 0x00, 0xE4, 0x2D, 0x00, 0x00,
    0xEC, 0x2D, 0x00, 0x00, 0xEC, 0x2D, 0x00, 0x00, 0xEC, 0x2D, 0x00, 0x00, 0xEC, 0x2D, 0x00, 0x00,
    0xEC, 0x2D, 0x00, 0x00, 0xEC, 0x2D, 0x00, 0x00, 0xEC, 0x2D, 0x00, 0x00, 0xF0, 0x2D, 0x00, 0x00,
    0xF0, 0x2D, 0x00, 0x00, 0xF0, 0x2D, 0x00, 0x00, 0xF0, 0x2D, 0x00, 0x00, 0xF4, 0x2D, 0x00, 0x00,
    0xFC, 0x2D, 0x00, 0x00, 0xFC, 0x2D, 0x00, 0x00, 0xFC, 0x2D, 0x00, 0x00, 0xFC, 0x2D, 0x00, 0x00,
    0xFC, 0x2D, 0x00, 0x00, 0xFC, 0x2D, 0x00, 0x00, 0xFC, 0x2D, 0x00, 0x00, 0x00, 0x2E, 0x00, 0x00,
    0x00, 0x2E, 0x00, 0x00, 0x00, 0x2E, 0x00, 0x00, 0x00, 0x2E, 0x00, 0x00, 0x04, 0x2E, 0x00, 0x00,
    0x0C, 0x2E, 0x00, 0x00, 0x0C, 0x2E, 0x00, 0x00, 0x0C, 0x2E, 0x00, 0x00, 0x0C, 0x2E, 0x00, 0x00,
    0x0C, 0x2E, 0x00, 0x00, 0x0C, 0x2E, 0x00, 0x00, 0x0C, 0x2E, 0x00, 0x00, 0x10, 0x2E, 0x00, 0x00,
    0x10, 0x2E, 0x00, 0x00, 0x10, 0x2E, 0x00, 0x00, 0x10, 0x2E, 0x00, 0x00, 0x14, 0x2E, 0x00, 0x00,
    0x1C, 0x2E, 0x00, 0x00, 0x1C, 0x2E, 0x00, 0x00, 0x1C, 0x2E, 0x00, 0x00, 0x1C, 0x2E, 0x00, 0x00,
    0x1C, 0x2E, 0x00, 0x00, 0x1C, 0x2E, 0x00, 0x00, 0x1C, 0x2E, 0x00, 0x00, 0x20, 0x2E, 0x00, 0x00,
    0x20, 0x2E, 0x00, 0x00, 0x20, 0x2E, 0x00, 0x00, 0x20, 0x2E, 0x00, 0x00, 0x24, 0x2E, 0x00, 0x00,
    0x2C, 0x2E, 0x00, 0x00, 0x2C, 0x2E, 0x00, 0x00, 0x2C, 0x2E, 0x00, 0x00, 0x2C, 0x2E, 0x00, 0x00,
    0x2C, 0x2E, 0x00, 0x00, 0x2C, 0x2E, 0x00, 0x00, 0x2C, 0x2E, 0x00, 0x00, 0x30, 0x2E, 0x00, 0x00,
    0x30, 0x2E, 0x00, 0x00, 0x30, 0x2E, 0x00, 0x00, 0x30, 0x2E, 0x00, 0x00, 0x34, 0x2E, 0x00, 0x00,
    0x3C, 0x2E, 0x00, 0x00, 0x3C, 0x2E, 0x00, 0x00, 0x3C, 0x2E, 0x00, 0x00, 0x3C, 0x2E, 0x00, 0x00,
    0x3C, 0x2E, 0x00, 0x00, 0x3C, 0x2E, 0x00, 0x00, 0x3C, 0x2E, 0x00, 0x00, 0x40, 0x2E, 0x00, 0x00,
    0x40, 0x2E, 0x00, 0x00, 0x40, 0x2E, 0x00, 0x00, 0x40, 0x2E, 0x00, 0x00, 0x44, 0x2E, 0x00, 0x00,
    0x4C, 0x2E, 0x00, 0x00, 0x4C, 0x2E, 0x00, 0x00, 0x4C, 0x2E, 0x00, 0x00, 0x4C, 0x2E, 0x00, 0x00,
    0x4C, 0x2E, 0x00, 0x00, 0x4C, 0x2E, 0x00, 0x00, 0x4C, 0x2E, 0x00, 0x00, 0x50, 0x2E, 0x00, 0x00,
    0x50, 0x2E, 0x00, 0x00, 0x50, 0x2E, 0x00, 0x00, 0x50, 0x2E, 0x00, 0x00, 0x54, 0x2E, 0x00, 0x00,
    0x5C, 0x2E, 0x00, 0x00, 0x5C, 0x2E, 0x00, 0x00, 0x5C, 0x2E, 0x00, 0x00, 0x5C, 0x2E, 0x00, 0x00,
    0x5C, 0x2E, 0x00, 0x00, 0x5C, 0x2E, 0x00, 0x00, 0x5C, 0x2E, 0x00, 0x00, 0x60, 0x2E, 0x00, 0x00,
    0x60, 0x2E, 0x00, 0x00, 0x60, 0x2E, 0x00, 0x00, 0x60, 0x2E, 0x00, 0x00, 0x64, 0x2E, 0x00, 0x00,
    0x6C, 0x2E, 0x00, 0x00, 0x6C, 0x2E, 0x00, 0x00, 0x6C, 0x2E, 0x00, 0x00, 0x6C, 0x2E, 0x00, 0x00,
    0x6C, 0x2E, 0x00, 0x00, 0x6C, 0x2E, 0x00, 0x00, 0x6C, 0x2E, 0x00, 0x00, 0x70, 0x2E, 0x00, 0x00,
    0x78, 0x2E, 0x00, 0x00, 0x78, 0x2E, 0x00, 0x00, 0x78, 0x2E, 0x00, 0x00, 0x78, 0x2E, 0x00, 0x00,
    0x7C, 0x2E, 0x00, 0x00, 0x7C, 0x2E, 0x00, 0x00, 0x7C, 0x2E, 0x00, 0x00, 0x7C, 0x2E, 0x00, 0x00,
    0x7C, 0x2E, 0x00, 0x00, 0x7C, 0x2E, 0x00, 0x00, 0x7C, 0x2E, 0x00, 0x00, 0x80, 0x2E, 0x00, 0x00,
    0x80, 0x2E, 0x00, 0x00, 0x80, 0x2E, 0x00, 0x00, 0x80, 0x2E, 0x00, 0x00, 0x84, 0x2E, 0x00, 0x00,
    0x8C, 0x2E, 0x00, 0x00, 0x8C, 0x2E, 0x00, 0x00, 0x8C, 0x2E, 0x00, 0x00, 0x8C, 0x2E, 0x00, 0x00,
    0x8C, 0x2E, 0x00, 0x00, 0x8C, 0x2E, 0x00, 0x00, 0x8C, 0x2E, 0x00, 0x00, 0x90, 0x2E, 0x00, 0x00,
    0x90, 0x2E, 0x00, 0x00, 0x90, 0x2E, 0x00, 0x00, 0x90, 0x2E, 0x00, 0x00, 0x94, 0x2E, 0x00, 0x00,
    0x9C, 0x2E, 0x00, 0x00, 0x9C, 0x2E, 0x00, 0x00, 0x9C, 0x2E, 0x00, 0x00, 0x9C, 0x2E, 0x00, 0x00,
    0x9C, 0x2E, 0x00, 0x00, 0x9C, 0x2E, 0x00, 0x00, 0x9C, 0x2E, 0x00, 0x00, 0xA0, 0x2E, 0x00, 0x00,
    0xA0, 0x2E, 0x00, 0x00, 0xA0, 0x2E, 0x00, 0x00, 0xA0, 0x2E, 0x00, 0x00, 0xA4, 0x2E, 0x00, 0x00,
    0xAC, 0x2E, 0x00, 0x00, 0xAC, 0x2E, 0x00, 0x00, 0xAC, 0x2E, 0x00, 0x00, 0xAC, 0x2E, 0x00, 0x00,
    0xAC, 0x2E, 0x00, 0x00, 0xAC, 0x2E, 0x00, 0x00, 0xAC, 0x2E, 0x00, 0x00, 0xB0, 0x2E, 0x00, 0x00,
    0xB0, 0x2E, 0x00, 0x00, 0xB0, 0x2E, 0x00, 0x00, 0xB0, 0x2E, 0x00, 0x00, 0xB4, 0x2E, 0x00, 0x00,
    0xBC, 0x2E, 0x00, 0x00, 0xBC, 0x2E, 0x00, 0x00, 0xBC, 0x2E, 0x00, 0x00, 0xBC, 0x2E, 0x00, 0x00,
    0xBC, 0x2E, 0x00, 0x00, 0xBC, 0x2E, 0x00, 0x00, 0xBC, 0x2E, 0x00, 0x00, 0xC0, 0x2E, 0x00, 0x00,
    0xC0, 0x2E, 0x00, 0x00, 0xC0, 0x2E, 0x00, 0x00, 0xC0, 0x2E, 0x00, 0x00, 0xC4, 0x2E, 0x00, 0x00,
    0xCC, 0x2E, 0x00, 0x00, 0xCC, 0x2E, 0x00, 0x00, 0xCC, 0x2E, 0x00, 0x00, 0xCC, 0x2E, 0x00, 0x00,
    0xCC, 0x2E, 0x00, 0x00, 0xCC, 0x2E, 0x00, 0x00, 0xCC, 0x2E, 0x00, 0x00, 0xD0, 0x2E, 0x00, 0x00,
    0xD0, 0x2E, 0x00, 0x00, 0xD0, 0x2E, 0x00, 0x00, 0xD0, 0x2E, 0x00, 0x00, 0xD4, 0x2E, 0x00, 0x00,
    0xDC, 0x2E, 0x00, 0x00, 0xDC, 0x2E, 0x00, 0x00, 0xDC, 0x2E, 0x00, 0x00, 0xDC, 0x2E, 0x00, 0x00,
    0xDC, 0x2E, 0x00, 0x00, 0xDC, 0x2E, 0x00, 0x00, 0xDC, 0x2E, 0x00, 0x00, 0xE0, 0x2E, 0x00, 0x00,
    0xE0, 0x2E, 0x00, 0x00, 0xE0, 0x2E, 0x00, 0x00, 0xE0, 0x2E, 0x00, 0x00, 0xE4, 0x2E, 0x00, 0x00,
    0xEC, 0x2E, 0x00, 0x00, 0xEC, 0x2E, 0x00, 0x00, 0xEC, 0x2E, 0x00, 0x00, 0xEC, 0x2E, 0x00, 0x00,
    0xEC, 0x2E, 0x00, 0x00, 0xEC, 0x2E, 0x00, 0x00, 0xEC, 0x2E, 0x00, 0x00, 0xF0, 0x2E, 0x00, 0x00,
    0xF0, 0x2E, 0x00, 0x00, 0xF0, 0x2E, 0x00, 0x00, 0xF0, 0x2E, 0x00, 0x00, 0xF4, 0x2E, 0x00, 0x00,
    0xFC, 0x2E, 0x00, 0x00, 0xFC, 0x2E, 0x00, 0x00, 0xFC, 0x2E, 0x00, 0x00, 0xFC, 0x2E, 0x00, 0x00,
    0xFC, 0x2E, 0x00, 0x00, 0xFC, 0x2E, 0x00, 0x00, 0xFC, 0x2E, 0x00, 0x00, 0x00, 0x2F, 0x00, 0x00,
    0x00, 0x2F, 0x00, 0x00, 0x00, 0x2F, 0x00, 0x00, 0x00, 0x2F, 0x00, 0x00, 0x04, 0x2F, 0x00, 0x00,
    0x0C, 0x2F, 0x00, 0x00, 0x0C, 0x2F, 0x00, 0x00, 0x0C, 0x2F, 0x00, 0x00, 0x0C, 0x2F, 0x00, 0x00,
    0x0C, 0x2F, 0x00, 0x00, 0x0C, 0x2F, 0x00, 0x00, 0x0C, 0x2F, 0x00, 0x00, 0x10, 0x2F, 0x00, 0x00,
    0x10, 0x2F, 0x00, 0x00, 0x10, 0x2F, 0x00, 0x00, 0x10, 0x2F, 0x00, 0x00, 0x14, 0x2F, 0x00, 0x00,
    0x1C, 0x2F, 0x00, 0x00, 0x1C, 0x2F, 0x00, 0x00, 0x1C, 0x2F, 0x00, 0x00, 0x1C, 0x2F, 0x00, 0x00,
    0x1C, 0x2F, 0x00, 0x00, 0x1C, 0x2F, 0x00, 0x00, 0x1C, 0x2F, 0x00, 0x00, 0x20, 0x2F, 0x00, 0x00,
    0x20, 0x2F, 0x00, 0x00, 0x20, 0x2F, 0x00, 0x00, 0x20, 0x2F, 0x00, 0x00, 0x24, 0x2F, 0x00, 0x00,
    0x2C, 0x2F, 0x00, 0x00, 0x2C, 0x2F, 0x00, 0x00, 0x2C, 0x2F, 0x00, 0x00, 0x2C, 0x2F, 0x00, 0x00,
    0x2C, 0x2F, 0x00, 0x00, 0x2C, 0x2F, 0x00, 0x00, 0x2C, 0x2F, 0x00, 0x00, 0x30, 0x2F, 0x00, 0x00,
    0x38, 0x2F, 0x00, 0x00, 0x38, 0x2F, 0x00, 0x00, 0x38, 0x2F, 0x00, 0x00, 0x38, 0x2F, 0x00, 0x00,
    0x3C, 0x2F, 0x00, 0x00, 0x3C, 0x2F, 0x00, 0x00, 0x3C, 0x2F, 0x00, 0x00, 0x3C, 0x2F, 0x00, 0x00,
    0x3C, 0x2F, 0x00, 0x00, 0x3C, 0x2F, 0x00, 0x00, 0x3C, 0x2F, 0x00, 0x00, 0x40, 0x2F, 0x00, 0x00,
    0x40, 0x2F, 0x00, 0x00, 0x40, 0x2F, 0x00, 0x00, 0x40, 0x2F, 0x00, 0x00, 0x44, 0x2F, 0x00, 0x00,
    0x4C, 0x2F, 0x00, 0x00, 0x4C, 0x2F, 0x00, 0x00, 0x4C, 0x2F, 0x00, 0x00, 0x4C, 0x2F, 0x00, 0x00,
    0x4C, 0x2F, 0x00, 0x00, 0x4C, 0x2F, 0x00, 0x00, 0x4C, 0x2F, 0x00, 0x00, 0x50, 0x2F, 0x00, 0x00,
    0x50, 0x2F, 0x00, 0x00, 0x50, 0x2F, 0x00, 0x00, 0x50, 0x2F, 0x00, 0x00, 0x54, 0x2F, 0x00, 0x00,
    0x5C, 0x2F, 0x00, 0x00, 0x5C, 0x2F, 0x00, 0x00, 0x5C, 0x2F, 0x00, 0x00, 0x5C, 0x2F, 0x00, 0x00,
    0x5C, 0x2F, 0x00, 0x00, 0x5C, 0x2F, 0x00, 0x00, 0x5C, 0x2F, 0x00, 0x00, 0x60, 0x2F, 0x00, 0x00,
    0x60, 0x2F, 0x00, 0x00, 0x60, 0x2F, 0x00, 0x00, 0x60, 0x2F, 0x00, 0x00, 0x64, 0x2F, 0x00, 0x00,
    0x6C, 0x2F, 0x00, 0x00, 0x6C, 0x2F, 0x00, 0x00, 0x6C, 0x2F, 0x00, 0x00, 0x6C, 0x2F, 0x00, 0x00,
    0x6C, 0x2F, 0x00, 0x00, 0x6C, 0x2F, 0x00, 0x00, 0x6C, 0x2F, 0x00, 0x00, 0x70, 0x2F, 0x00, 0x00,
    0x70, 0x2F, 0x00, 0x00, 0x70, 0x2F, 0x00, 0x00, 0x70, 0x2F, 0x00, 0x00, 0x74, 0x2F, 0x00, 0x00,
    0x7C, 0x2F, 0x00, 0x00, 0x7C, 0x2F, 0x00, 0x00, 0x7C, 0x2F, 0x00, 0x00, 0x7C, 0x2F, 0x00, 0x00,
    0x7C, 0x2F, 0x00, 0x00, 0x7C, 0x2F, 0x00, 0x00, 0x7C, 0x2F, 0x00, 0x00, 0x80, 0x2F, 0x00, 0x00,
    0x80, 0x2F, 0x00, 0x00, 0x80, 0x2F, 0x00, 0x00, 0x80, 0x2F, 0x00, 0x00, 0x80, 0x2F, 0x00, 0x00,
    0x80, 0x2F, 0x00, 0x00, 0x80, 0x2F, 0x00, 0x00, 0x80, 0x2F, 0x00, 0x00, 0x80, 0x2F, 0x00, 0x00,
    0x80, 0x2F, 0x00, 0x00, 0x84, 0x2F, 0x00, 0x00, 0x8C, 0x2F, 0x00, 0x00, 0x8C, 0x2F, 0x00, 0x00,
    0x8C, 0x2F, 0x00, 0x00, 0x8C, 0x2F, 0x00, 0x00, 0x8C, 0x2F, 0x00, 0x00, 0x8C, 0x2F, 0x00, 0x00,
    0x8C, 0x2F, 0x00, 0x00, 0x90, 0x2F, 0x00, 0x00, 0x90, 0x2F, 0x00, 0x00, 0x90, 0x2F, 0x00, 0x00,
    0x90, 0x2F, 0x00, 0x00, 0x94, 0x2F, 0x00, 0x00, 0x9C, 0x2F, 0x00, 0x00, 0x9C, 0x2F, 0x00, 0x00,
    0x9C, 0x2F, 0x00, 0x00, 0x9C, 0x2F, 0x00, 0x00, 0x9C, 0x2F, 0x00, 0x00, 0x9C, 0x2F, 0x00, 0x00,
    0x9C, 0x2F, 0x00, 0x00, 0xA0, 0x2F, 0x00, 0x00, 0xA0, 0x2F, 0x00, 0x00, 0xA0, 0x2F, 0x00, 0x00,
    0xA0, 0x2F, 0x00, 0x00, 0xA4, 0x2F, 0x00, 0x00, 0xAC, 0x2F, 0x00, 0x00, 0xAC, 0x2F, 0x00, 0x00,
    0xAC, 0x2F, 0x00, 0x00, 0xAC, 0x2F, 0x00, 0x00, 0xAC, 0x2F, 0x00, 0x00, 0xAC, 0x2F, 0x00, 0x00,
    0xAC, 0x2F, 0x00, 0x00, 0xB0, 0x2F, 0x00, 0x00, 0xB0, 0x2F, 0x00, 0x00, 0xB0, 0x2F, 0x00, 0x00,
    0xB0, 0x2F, 0x00, 0x00, 0xB4, 0x2F, 0x00, 0x00, 0xBC, 0x2F, 0x00, 0x00, 0xBC, 0x2F, 0x00, 0x00,
    0xBC, 0x2F, 0x00, 0x00, 0xBC, 0x2F, 0x00, 0x00, 0xBC, 0x2F, 0x00, 0x00, 0xBC, 0x2F, 0x00, 0x00,
    0xBC, 0x2F, 0x00, 0x00, 0xC0, 0x2F, 0x00, 0x00, 0xC0, 0x2F, 0x00, 0x00, 0xC0, 0x2F, 0x00, 0x00,
    0xC0, 0x2F, 0x00, 0x00, 0xC4, 0x2F, 0x00, 0x00, 0xCC, 0x2F, 0x00, 0x00, 0xCC, 0x2F, 0x00, 0x00,
    0xCC, 0x2F, 0x00, 0x00, 0xCC, 0x2F, 0x00, 0x00, 0xCC, 0x2F, 0x00, 0x00, 0xCC, 0x2F, 0x00, 0x00,
    0xCC, 0x2F, 0x00, 0x00, 0xD0, 0x2F, 0x00, 0x00, 0xD0, 0x2F, 0x00, 0x00, 0xD0, 0x2F, 0x00, 0x00,
    0xD0, 0x2F, 0x00, 0x00, 0xD4, 0x2F, 0x00, 0x00, 0xDC, 0x2F, 0x00, 0x00, 0xDC, 0x2F, 0x00, 0x00,
    0xDC, 0x2F, 0x00, 0x00, 0xDC, 0x2F, 0x00, 0x00, 0xDC, 0x2F, 0x00, 0x00, 0xDC, 0x2F, 0x00, 0x00,
    0xDC, 0x2F, 0x00, 0x00, 0x01, 0x00, 0x00, 0x00, 0xDC, 0x2F, 0x00, 0x00, 0xE4, 0x2F, 0x00, 0x00,
    0x00, 0x00, 0x00, 0x00, 0xE4, 0x2F, 0x00, 0x00, 0xEC, 0x2F, 0x00, 0x00, 0x03, 0x00, 0x00, 0x00,
    0xEC, 0x2F, 0x00, 0x00, 0xF4, 0x2F, 0x00, 0x00, 0x02, 0x00, 0x00, 0x00, 0xF4, 0x2F, 0x00, 0x00,
    0xFC, 0x2F, 0x00, 0x00, 0x04, 0x00, 0x00, 0x00, 0xFC, 0x2F, 0x00, 0x00, 0x04, 0x30, 0x00, 0x00,
    0x05, 0x00, 0x00, 0x00, 0x04, 0x30, 0x00, 0x00, 0x0C, 0x30, 0x00, 0x00, 0x06, 0x00, 0x00, 0x00,
    0x0C, 0x30, 0x00, 0x00, 0x14, 0x30, 0x00, 0x00, 0x07, 0x00, 0x00, 0x00, 0x14, 0x30, 0x00, 0x00,
    0x1C, 0x30, 0x00, 0x00, 0x08, 0x00, 0x00, 0x00, 0x1C, 0x30, 0x00, 0x00, 0x24, 0x30, 0x00, 0x00,
    0x09, 0x00, 0x00, 0x00, 0x24, 0x30, 0x00, 0x00, 0x2C, 0x30, 0x00, 0x00, 0x0A, 0x00, 0x00, 0x00,
    0x2C, 0x30, 0x00, 0x00, 0x34, 0x30, 0x00, 0x00, 0x0B, 0x00, 0x00, 0x00, 0x34, 0x30, 0x00, 0x00,
    0x3C, 0x30, 0x00, 0x00, 0x0C, 0x00, 0x00, 0x00, 0x3C, 0x30, 0x00, 0x00, 0x44, 0x30, 0x00, 0x00,
    0x0D, 0x00, 0x00, 0x00, 0x44, 0x30, 0x00, 0x00, 0x4C, 0x30, 0x00, 0x00, 0x0E, 0x00, 0x00, 0x00,
    0x4C, 0x30, 0x00, 0x00, 0x54, 0x30, 0x00, 0x00, 0x0F, 0x00, 0x00, 0x00, 0x54, 0x30, 0x00, 0x00,
    0x5C, 0x30, 0x00, 0x00, 0x11, 0x00, 0x00, 0x00, 0x5C, 0x30, 0x00, 0x00, 0x64, 0x30, 0x00, 0x00,
    0x10, 0x00, 0x00, 0x00, 0x64, 0x30, 0x00, 0x00, 0x6C, 0x30, 0x00, 0x00, 0x12, 0x00, 0x00, 0x00,
    0x6C, 0x30, 0x00, 0x00, 0x74, 0x30, 0x00, 0x00, 0x13, 0x00, 0x00, 0x00, 0x74, 0x30, 0x00, 0x00,
    0x7C, 0x30, 0x00, 0x00, 0x14, 0x00, 0x00, 0x00, 0x7C, 0x30, 0x00, 0x00, 0x84, 0x30, 0x00, 0x00,
    0x15, 0x00, 0x00, 0x00, 0x84, 0x30, 0x00, 0x00, 0x8C, 0x30, 0x00, 0x00, 0x16, 0x00, 0x00, 0x00,
    0x8C, 0x30, 0x00, 0x00, 0x94, 0x30, 0x00, 0x00, 0x17, 0x00, 0x00, 0x00, 0x94, 0x30, 0x00, 0x00,
    0x9C, 0x30, 0x00, 0x00, 0x18, 0x00, 0x00, 0x00, 0x9C, 0x30, 0x00, 0x00, 0xA4, 0x30, 0x00, 0x00,
    0x19, 0x00, 0x00, 0x00, 0xA4, 0x30, 0x00, 0x00, 0xAC, 0x30, 0x00, 0x00, 0x1A, 0x00, 0x00, 0x00,
    0xAC, 0x30, 0x00, 0x00, 0xB4, 0x30, 0x00, 0x00, 0x1B, 0x00, 0x00, 0x00, 0xB4, 0x30, 0x00, 0x00,
    0xBC, 0x30, 0x00, 0x00, 0x1C, 0x00, 0x00, 0x00, 0xBC, 0x30, 0x00, 0x00, 0xC4, 0x30, 0x00, 0x00,
    0x1D, 0x00, 0x00, 0x00, 0xC4, 0x30, 0x00, 0x00, 0xCC, 0x30, 0x00, 0x00, 0x1E, 0x00, 0x00, 0x00,
    0xCC, 0x30, 0x00, 0x00, 0xD4, 0x30, 0x00, 0x00, 0x1F, 0x00, 0x00, 0x00, 0xD4, 0x30, 0x00, 0x00,
    0xDC, 0x30, 0x00, 0x00, 0x20, 0x00, 0x00, 0x00, 0xDC, 0x30, 0x00, 0x00, 0xE4, 0x30, 0x00, 0x00,
    0x21, 0x00, 0x00, 0x00, 0xE4, 0x30, 0x00, 0x00, 0xEC, 0x30, 0x00, 0x00, 0x00, 0x00, 0x00, 0x00,
    0xEC, 0x30, 0x00, 0x00, 0xF4, 0x30, 0x00, 0x00, 0x02, 0x00, 0x00, 0x00, 0x01, 0x00, 0x00, 0x00,
    0xF0, 0x30, 0x00, 0x00, 0xF8, 0x30, 0x00, 0x00, 0x03, 0x00, 0x00, 0x00, 0xF8, 0x30, 0x00, 0x00,
    0x00, 0x31, 0x00, 0x00, 0x04, 0x00, 0x00, 0x00, 0x00, 0x31, 0x00, 0x00, 0x08, 0x31, 0x00, 0x00,
    0x0C, 0x31, 0x00, 0x00, 0x00, 0x00, 0x00, 0x00, 0x10, 0x31, 0x00, 0x00, 0x18, 0x31, 0x00, 0x00,
    0x02, 0x00, 0x00, 0x00, 0x01, 0x00, 0x00, 0x00, 0x14, 0x31, 0x00, 0x00, 0x1C, 0x31, 0x00, 0x00,
    0x03, 0x00, 0x00, 0x00, 0x1C, 0x31, 0x00, 0x00, 0x24, 0x31, 0x00, 0x00, 0x04, 0x00, 0x00, 0x00,
    0x24, 0x31, 0x00, 0x00, 0x2C, 0x31, 0x00, 0x00, 0x30, 0x31, 0x00, 0x00, 0x00, 0x00, 0x00, 0x00,
    0x34, 0x31, 0x00, 0x00, 0x3C, 0x31, 0x00, 0x00, 0x02, 0x00, 0x00, 0x00, 0x01, 0x00, 0x00, 0x00,
    0x38, 0x31, 0x00, 0x00, 0x40, 0x31, 0x00, 0x00, 0x03, 0x00, 0x00, 0x00, 0x40, 0x31, 0x00, 0x00,
    0x48, 0x31, 0x00, 0x00, 0x04, 0x00, 0x00, 0x00, 0x48, 0x31, 0x00, 0x00, 0x50, 0x31, 0x00, 0x00,
    0x54, 0x31, 0x00, 0x00, 0x00, 0x00, 0x00, 0x00, 0x58, 0x31, 0x00, 0x00, 0x60, 0x31, 0x00, 0x00,
    0x02, 0x00, 0x00, 0x00, 0x01, 0x00, 0x00, 0x00, 0x5C, 0x31, 0x00, 0x00, 0x64, 0x31, 0x00, 0x00,
    0x03, 0x00, 0x00, 0x00, 0x64, 0x31, 0x00, 0x00, 0x6C, 0x31, 0x00, 0x00, 0x04, 0x00, 0x00, 0x00,
    0x6C, 0x31, 0x00, 0x00, 0x74, 0x31, 0x00, 0x00, 0x78, 0x31, 0x00, 0x00, 0x00, 0x00, 0x00, 0x00,
    0x7C, 0x31, 0x00, 0x00, 0x84, 0x31, 0x00, 0x00, 0x88, 0x31, 0x00, 0x00, 0x8C, 0x31, 0x00, 0x00,
    0x90, 0x31, 0x00, 0x00, 0x94, 0x31, 0x00, 0x00, 0x98, 0x31, 0x00, 0x00, 0x9C, 0x31, 0x00, 0x00,
    0xA0, 0x31, 0x00, 0x00, 0xA4, 0x31, 0x00, 0x00, 0xA8, 0x31, 0x00, 0x00, 0xAC, 0x31, 0x00, 0x00,
    0xB0, 0x31, 0x00, 0x00, 0xB4, 0x31, 0x00, 0x00, 0xB8, 0x31, 0x00, 0x00, 0x01, 0x00, 0x00, 0x00,
    0x00, 0x00, 0x00, 0x00, 0x00, 0x00, 0x00, 0x00, 0x00, 0x00, 0x00, 0x00, 0x00, 0x00, 0x00, 0x00,
    0x00, 0x00, 0x00, 0x00, 0x00, 0x00, 0x00, 0x00, 0x00, 0x00, 0x00, 0x00, 0x00, 0x00, 0x00, 0x00,
    0x00, 0x00, 0x00, 0x00, 0x00, 0x00, 0x00, 0x00, 0x00, 0x00, 0x00, 0x00, 0x00, 0x00, 0x00, 0x00,
    0x00, 0x00, 0x00, 0x00, 0x00, 0x00, 0x00, 0x00, 0x00, 0x00, 0x00, 0x00, 0x00, 0x00, 0x00, 0x00,
    0x00, 0x00, 0x00, 0x00, 0x00, 0x00, 0x00, 0x00, 0x00, 0x00, 0x00, 0x00, 0x00, 0x00, 0x00, 0x00,
    0x00, 0x00, 0x00, 0x00, 0x00, 0x00, 0x00, 0x00, 0x00, 0x00, 0x00, 0x00, 0x00, 0x00, 0x00, 0x00,
    0x00, 0x00, 0x00, 0x00, 0x00, 0x00, 0x00, 0x00, 0x00, 0x00, 0x00, 0x00, 0x00, 0x00, 0x00, 0x00,
    0x00, 0x00, 0x00, 0x00, 0x00, 0x00, 0x00, 0x00, 0x00, 0x00, 0x00, 0x00, 0x00, 0x00, 0x00, 0x00,
    0x00, 0x00, 0x00, 0x00, 0x00, 0x00, 0x00, 0x00, 0x00, 0x00, 0x00, 0x00, 0x00, 0x00, 0x00, 0x00,
    0x00, 0x00, 0x00, 0x00, 0x00, 0x00, 0x00, 0x00, 0x00, 0x00, 0x00, 0x00, 0x00, 0x00, 0x00, 0x00,
    0x00, 0x00, 0x00, 0x00, 0x00, 0x00, 0x00, 0x00, 0x00, 0x00, 0x00, 0x00, 0x00, 0x00, 0x00, 0x00,
    0x00, 0x00, 0x00, 0x00, 0x00, 0x00, 0x00, 0x00, 0x00, 0x00, 0x00, 0x00, 0x00, 0x00, 0x00, 0x00,
    0x00, 0x00, 0x00, 0x00, 0x00, 0x00, 0x00, 0x00, 0x00, 0x00, 0x00, 0x00, 0x00, 0x00, 0x00, 0x00,
    0x00, 0x00, 0x00, 0x00, 0x00, 0x00, 0x00, 0x00, 0x00, 0x00, 0x00, 0x00, 0x00, 0x00, 0x00, 0x00,
    0x00, 0x00, 0x00, 0x00, 0x00, 0x00, 0x00, 0x00, 0x00, 0x00, 0x00, 0x00, 0x00, 0x00, 0x00, 0x00,
    0x00, 0x00, 0x00, 0x00, 0x00, 0x00, 0x00, 0x00, 0x00, 0x00, 0x00, 0x00, 0x00, 0x00, 0x00, 0x00,
    0x00, 0x00, 0x00, 0x00, 0x00, 0x00, 0x00, 0x00, 0x00, 0x00, 0x00, 0x00, 0x00, 0x00, 0x00, 0x00,
    0x00, 0x00, 0x00, 0x00, 0x00, 0x00, 0x00, 0x00, 0x00, 0x00, 0x00, 0x00, 0x00, 0x00, 0x00, 0x00,
    0x00, 0x00, 0x00, 0x00, 0x00, 0x00, 0x00, 0x00, 0x00, 0x00, 0x00, 0x00, 0x00, 0x00, 0x00, 0x00,
    0x00, 0x00, 0x00, 0x00, 0x00, 0x00, 0x00, 0x00, 0x00, 0x00, 0x00, 0x00, 0x00, 0x00, 0x00, 0x00,
    0x00, 0x00, 0x00, 0x00, 0x00, 0x00, 0x00, 0x00, 0x00, 0x00, 0x00, 0x00, 0x00, 0x00, 0x00, 0x00,
    0x00, 0x00, 0x00, 0x00, 0x00, 0x00, 0x00, 0x00, 0x00, 0x00, 0x00, 0x00, 0x00, 0x00, 0x00, 0x00,
    0x00, 0x00, 0x00, 0x00, 0x00, 0x00, 0x00, 0x00, 0x00, 0x00, 0x00, 0x00, 0x00, 0x00, 0x00, 0x00,
    0x00, 0x00, 0x00, 0x00, 0x00, 0x00, 0x00, 0x00, 0x00, 0x00, 0x00, 0x00, 0x00, 0x00, 0x00, 0x00,
    0x00, 0x00, 0x00, 0x00, 0x00, 0x00, 0x00, 0x00, 0x00, 0x00, 0x00, 0x00, 0x00, 0x00, 0x00, 0x00,
    0x00, 0x00, 0x00, 0x00, 0x00, 0x00, 0x00, 0x00, 0x00, 0x00, 0x00, 0x00, 0x00, 0x00, 0x00, 0x00,
    0x00, 0x00, 0x00, 0x00, 0x00, 0x00, 0x00, 0x00, 0x00, 0x00, 0x00, 0x00, 0x00, 0x00, 0x00, 0x00,
    0x00, 0x00, 0x00, 0x00, 0x00, 0x00, 0x00, 0x00, 0x00, 0x00, 0x00, 0x00, 0x00, 0x00, 0x00, 0x00,
    0x00, 0x00, 0x00, 0x00, 0x00, 0x00, 0x00, 0x00, 0x00, 0x00, 0x00, 0x00, 0x00, 0x00, 0x00, 0x00,
    0x00, 0x00, 0x00, 0x00, 0x00, 0x00, 0x00, 0x00, 0x00, 0x00, 0x00, 0x00, 0x00, 0x00, 0x00, 0x00,
    0x00, 0x00, 0x00, 0x00, 0x00, 0x00, 0x00, 0x00, 0x00, 0x00, 0x00, 0x00, 0x00, 0x00, 0x00, 0x00,
    0x00, 0x00, 0x00, 0x00, 0x00, 0x00, 0x00, 0x00, 0x00, 0x00, 0x00, 0x00, 0x00, 0x00, 0x00, 0x00,
    0x00, 0x00, 0x00, 0x00, 0x00, 0x00, 0x00, 0x00, 0x00, 0x00, 0x00, 0x00, 0x00, 0x00, 0x00, 0x00,
    0x00, 0x00, 0x00, 0x00, 0x00, 0x00, 0x00, 0x00, 0x00, 0x00, 0x00, 0x00, 0x00, 0x00, 0x00, 0x00,
    0x00, 0x00, 0x00, 0x00, 0x00, 0x00, 0x00, 0x00, 0x00, 0x00, 0x00, 0x00, 0x00, 0x00, 0x00, 0x00,
    0x00, 0x00, 0x00, 0x00, 0x00, 0x00, 0x00, 0x00, 0x00, 0x00, 0x00, 0x00, 0x00, 0x00, 0x00, 0x00,
    0x00, 0x00, 0x00, 0x00, 0x00, 0x00, 0x00, 0x00, 0x00, 0x00, 0x00, 0x00, 0x00, 0x00, 0x00, 0x00,
    0x00, 0x00, 0x00, 0x00, 0x00, 0x00, 0x00, 0x00, 0x00, 0x00, 0x00, 0x00, 0x00, 0x00, 0x00, 0x00,
    0x00, 0x00, 0x00, 0x00, 0x00, 0x00, 0x00, 0x00, 0x00, 0x00, 0x00, 0x00, 0x00, 0x00, 0x00, 0x00,
    0x00, 0x00, 0x00, 0x00, 0x00, 0x00, 0x00, 0x00, 0x00, 0x00, 0x00, 0x00, 0x00, 0x00, 0x00, 0x00,
    0x00, 0x00, 0x00, 0x00, 0x00, 0x00, 0x00, 0x00, 0x00, 0x00, 0x00, 0x00, 0x00, 0x00, 0x00, 0x00,
    0x00, 0x00, 0x00, 0x00, 0x00, 0x00, 0x00, 0x00, 0x00, 0x00, 0x00, 0x00, 0x00, 0x00, 0x00, 0x00,
    0x00, 0x00, 0x00, 0x00, 0x00, 0x00, 0x00, 0x00, 0x00, 0x00, 0x00, 0x00, 0x00, 0x00, 0x00, 0x00,
    0x00, 0x00, 0x00, 0x00, 0x00, 0x00, 0x00, 0x00, 0x00, 0x00, 0x00, 0x00, 0x00, 0x00, 0x00, 0x00,
    0x00, 0x00, 0x00, 0x00, 0x00, 0x00, 0x00, 0x00, 0x00, 0x00, 0x00, 0x00, 0x00, 0x00, 0x00, 0x00,
    0x00, 0x00, 0x00, 0x00, 0x00, 0x00, 0x00, 0x00, 0x00, 0x00, 0x00, 0x00, 0x00, 0x00, 0x00, 0x00,
    0x00, 0x00, 0x00, 0x00, 0x00, 0x00, 0x00, 0x00, 0x00, 0x00, 0x00, 0x00, 0x00, 0x00, 0x00, 0x00,
    0x00, 0x00, 0x00, 0x00, 0x00, 0x00, 0x00, 0x00, 0x00, 0x00, 0x00, 0x00, 0x00, 0x00, 0x00, 0x00,
    0x00, 0x00, 0x00, 0x00, 0x00, 0x00, 0x00, 0x00, 0x00, 0x00, 0x00, 0x00, 0x00, 0x00, 0x00, 0x00,
    0x00, 0x00, 0x00, 0x00, 0x00, 0x00, 0x00, 0x00, 0x00, 0x00, 0x00, 0x00, 0x00, 0x00, 0x00, 0x00,
    0x00, 0x00, 0x00, 0x00, 0x00, 0x00, 0x00, 0x00, 0x00, 0x00, 0x00, 0x00, 0x00, 0x00, 0x00, 0x00,
    0x00, 0x00, 0x00, 0x00, 0x00, 0x00, 0x00, 0x00, 0x00, 0x00, 0x00, 0x00, 0x00, 0x00, 0x00, 0x00,
    0x00, 0x00, 0x00, 0x00, 0x00, 0x00, 0x00, 0x00, 0x00, 0x00, 0x00, 0x00, 0x00, 0x00, 0x00, 0x00,
    0x00, 0x00, 0x00, 0x00, 0x00, 0x00, 0x00, 0x00, 0x00, 0x00, 0x00, 0x00, 0x00, 0x00, 0x00, 0x00,
    0x00, 0x00, 0x00, 0x00, 0x00, 0x00, 0x00, 0x00, 0x00, 0x00, 0x00, 0x00, 0x00, 0x00, 0x00, 0x00,
    0x00, 0x00, 0x00, 0x00, 0x00, 0x00, 0x00, 0x00, 0x00, 0x00, 0x00, 0x00, 0x00, 0x00, 0x00, 0x00,
    0x00, 0x00, 0x00, 0x00, 0x00, 0x00, 0x00, 0x00, 0x00, 0x00, 0x00, 0x00, 0x00, 0x00, 0x00, 0x00,
    0x00, 0x00, 0x00, 0x00, 0x00, 0x00, 0x00, 0x00, 0x00, 0x00, 0x00, 0x00, 0x00, 0x00, 0x00, 0x00,
    0x00, 0x00, 0x00, 0x00, 0x00, 0x00, 0x00, 0x00, 0x00, 0x00, 0x00, 0x00, 0x00, 0x00, 0x00, 0x00,
    0x00, 0x00, 0x00, 0x00, 0x00, 0x00, 0x00, 0x00, 0x00, 0x00, 0x00, 0x00, 0x00, 0x00, 0x00, 0x00,
    0x00, 0x00, 0x00, 0x00, 0x00, 0x00, 0x00, 0x00, 0x00, 0x00, 0x00, 0x00, 0x00, 0x00, 0x00, 0x00,
    0x00, 0x00, 0x00, 0x00, 0x00, 0x00, 0x00, 0x00, 0x00, 0x00, 0x00, 0x00, 0x00, 0x00, 0x00, 0x00,
    0x00, 0x00, 0x00, 0x00, 0x00, 0x00, 0x00, 0x00, 0x00, 0x00, 0x00, 0x00, 0x00, 0x00, 0x00, 0x00,
    0x00, 0x00, 0x00, 0x00, 0x00, 0x00, 0x00, 0x00, 0x00, 0x00, 0x00, 0x00, 0x00, 0x00, 0x00, 0x00,
    0x00, 0x00, 0x00, 0x00, 0x00, 0x00, 0x00, 0x00, 0x00, 0x00, 0x00, 0x00, 0x00, 0x00, 0x00, 0x00,
    0x00, 0x00, 0x00, 0x00, 0x00, 0x00, 0x00, 0x00, 0x00, 0x00, 0x00, 0x00, 0x00, 0x00, 0x00, 0x00,
    0x00, 0xE0, 0x00, 0x00, 0x00, 0xE0, 0x00, 0x00, 0x00, 0xE0, 0x00, 0x00, 0x00, 0xE0, 0x00, 0x00,
    0x00, 0xE0, 0x00, 0x00, 0x00, 0xE0, 0x00, 0x00, 0x00, 0xE0, 0x00, 0x00, 0x00, 0xE0, 0x00, 0x00,
    0x00, 0xE0, 0x00, 0x00, 0x00, 0xE0, 0x00, 0x00, 0x00, 0xE0, 0x00, 0x00, 0x00, 0xE0, 0x00, 0x00,
    0x00, 0xE0, 0x00, 0x00, 0x00, 0xE0, 0x00, 0x00, 0x00, 0xE0, 0x00, 0x00, 0x01, 0x00, 0x00, 0x00,
    0x5C, 0x2D, 0x00, 0x00, 0x00, 0x00, 0x00, 0x00, 0x00, 0xE0, 0x00, 0x00, 0x00, 0xE0, 0x00, 0x00,
    0x00, 0xE0, 0x00, 0x00, 0x00, 0x00, 0x00, 0x00, 0x00, 0x00, 0x00, 0x00, 0x01, 0x00, 0x00, 0x00,
    0x00, 0x00, 0x00, 0x00, 0x05, 0x00, 0x00, 0x00, 0x38, 0x2D, 0x00, 0x00, 0x00, 0xE0, 0x00, 0x00,
    0x00, 0xE0, 0x00, 0x00, 0x00, 0xE0, 0x00, 0x00, 0x00, 0x00, 0x00, 0x00, 0x00, 0x00, 0x00, 0x00,
    0x00, 0x00, 0x00, 0x00, 0x00, 0xE0, 0x00, 0x00, 0x00, 0xE0, 0x00, 0x00, 0x00, 0xE0, 0x00, 0x00,
    0x00, 0xE0, 0x00, 0x00, 0x00, 0xE0, 0x00, 0x00, 0x00, 0xE0, 0x00, 0x00, 0x00, 0xE0, 0x00, 0x00,
    0x00, 0xE0, 0x00, 0x00, 0x00, 0xE0, 0x00, 0x00, 0x00, 0x00, 0x00, 0x00, 0x00, 0x00, 0x00, 0x00,
    0x00, 0x00, 0x00, 0x00, 0x00, 0xE0, 0x00, 0x00, 0x00, 0xE0, 0x00, 0x00, 0x00, 0xE0, 0x00, 0x00,
    0x00, 0xE0, 0x00, 0x00, 0x00, 0xE0, 0x00, 0x00, 0x00, 0xE0, 0x00, 0x00, 0x00, 0x00, 0x00, 0x00,
    0x00, 0x00, 0x00, 0x00, 0x00, 0x00, 0x00, 0x00, 0x00, 0xE0, 0x00, 0x00, 0x00, 0xE0, 0x00, 0x00,
    0x00, 0xE0, 0x00, 0x00, 0x00, 0xE0, 0x00, 0x00, 0x00, 0xE0, 0x00, 0x00, 0x00, 0xE0, 0x00, 0x00,
    0x00, 0xE0, 0x00, 0x00, 0x00, 0xE0, 0x00, 0x00, 0x00, 0xE0, 0x00, 0x00, 0x00, 0xE0, 0x00, 0x00,
    0x00, 0xE0, 0x00, 0x00, 0x00, 0xE0, 0x00, 0x00, 0x01, 0x60, 0x00, 0xF0, 0x02, 0x00, 0x00, 0x00,
    0x00, 0x00, 0x00, 0x00, 0x00, 0x00, 0x00, 0x00, 0x00, 0x00, 0x00, 0x00, 0x00, 0xE0, 0x00, 0x00,
    0x00, 0xE0, 0x00, 0x00, 0x00, 0xE0, 0x00, 0x00, 0x00, 0xE0, 0x00, 0x00, 0x00, 0xE0, 0x00, 0x00,
    0x00, 0xE0, 0x00, 0x00, 0x00, 0xE0, 0x00, 0x00, 0x00, 0xE0, 0x00, 0x00, 0x00, 0xE0, 0x00, 0x00,
    0x02, 0x60, 0x00, 0xF0, 0x02, 0x00, 0x00, 0x00, 0x00, 0x00, 0x00, 0x00, 0x00, 0x00, 0x00, 0x00,
    0x00, 0x00, 0x00, 0x00, 0x00, 0xE0, 0x00, 0x00, 0x00, 0xE0, 0x00, 0x00, 0x00, 0xE0, 0x00, 0x00,
    0x00, 0xE0, 0x00, 0x00, 0x00, 0xE0, 0x00, 0x00, 0x00, 0xE0, 0x00, 0x00, 0x00, 0xE0, 0x00, 0x00,
    0x00, 0xE0, 0x00, 0x00, 0x00, 0xE0, 0x00, 0x00, 0x03, 0x60, 0x00, 0xF0, 0x02, 0x00, 0x00, 0x00,
    0x00, 0x00, 0x00, 0x00, 0x00, 0x00, 0x00, 0x00, 0x00, 0x00, 0x00, 0x00, 0x00, 0xE0, 0x00, 0x00,
    0x00, 0xE0, 0x00, 0x00, 0x00, 0xE0, 0x00, 0x00, 0x00, 0xE0, 0x00, 0x00, 0x00, 0xE0, 0x00, 0x00,
    0x00, 0xE0, 0x00, 0x00, 0x00, 0xE0, 0x00, 0x00, 0x00, 0xE0, 0x00, 0x00, 0x00, 0xE0, 0x00, 0x00,
    0x00, 0xE0, 0x00, 0x00, 0x00, 0xE0, 0x00, 0x00, 0x00, 0xE0, 0x00, 0x00, 0x00, 0x60, 0x00, 0xF0,
    0x07, 0x00, 0x00, 0x00, 0x00, 0xE0, 0x00, 0x00, 0x00, 0xE0, 0x00, 0x00, 0x00, 0xE0, 0x00, 0x00,
    0x00, 0xE0, 0x00, 0x00, 0x00, 0xE0, 0x00, 0x00, 0x00, 0xE0, 0x00, 0x00, 0x00, 0xE0, 0x00, 0x00,
    0x00, 0xE0, 0x00, 0x00, 0x00, 0xE0, 0x00, 0x00, 0x00, 0xE0, 0x00, 0x00, 0x00, 0xE0, 0x00, 0x00,
    0x00, 0xE0, 0x00, 0x00, 0x00, 0xE0, 0x00, 0x00, 0x00, 0xE0, 0x00, 0x00, 0x00, 0xE0, 0x00, 0x00,
    0x00, 0xE0, 0x00, 0x00, 0x00, 0xE0, 0x00, 0x00, 0x00, 0xE0, 0x00, 0x00, 0x0B, 0x60, 0x00, 0xE0,
    0x00, 0xE0, 0x00, 0x00, 0x00, 0xE0, 0x00, 0x00, 0x00, 0xE0, 0x00, 0x00, 0x00, 0xE0, 0x00, 0x00,
    0x00, 0xE0, 0x00, 0x00, 0x00, 0xE0, 0x00, 0x00, 0x00, 0xE0, 0x00, 0x00, 0x00, 0xE0, 0x00, 0x00,
    0x00, 0xE0, 0x00, 0x00, 0x00, 0xE0, 0x00, 0x00, 0x00, 0xE0, 0x00, 0x00, 0x00, 0xE0, 0x00, 0x00,
    0x07, 0x60, 0x00, 0xE0, 0x00, 0xE0, 0x00, 0x00, 0x00, 0xE0, 0x00, 0x00, 0x00, 0xE0, 0x00, 0x00,
    0x00, 0xE0, 0x00, 0x00, 0x00, 0xE0, 0x00, 0x00, 0x00, 0xE0, 0x00, 0x00, 0x08, 0x60, 0x00, 0xE0,
    0x00, 0xE0, 0x00, 0x00, 0x00, 0xE0, 0x00, 0x00, 0x00, 0xE0, 0x00, 0x00, 0x00, 0xE0, 0x00, 0x00,
    0x00, 0xE0, 0x00, 0x00, 0x00, 0xE0, 0x00, 0x00, 0x00, 0xE0, 0x00, 0x00, 0x00, 0xE0, 0x00, 0x00,
    0x00, 0xE0, 0x00, 0x00, 0x0C, 0x60, 0x00, 0xE0, 0x00, 0xE0, 0x00, 0x00, 0x00, 0xE0, 0x00, 0x00,
    0x00, 0xE0, 0x00, 0x00, 0x00, 0xE0, 0x00, 0x00, 0x00, 0xE0, 0x00, 0x00, 0x00, 0xE0, 0x00, 0x00,
    0x00, 0xE0, 0x00, 0x00, 0x00, 0xE0, 0x00, 0x00, 0x00, 0xE0, 0x00, 0x00, 0x00, 0xE0, 0x00, 0x00,
    0x00, 0xE0, 0x00, 0x00, 0x00, 0xE0, 0x00, 0x00, 0x04, 0x60, 0x00, 0xE0, 0x00, 0xE0, 0x00, 0x00,
    0x00, 0xE0, 0x00, 0x00, 0x00, 0xE0, 0x00, 0x00, 0x00, 0xE0, 0x00, 0x00, 0x00, 0xE0, 0x00, 0x00,
    0x00, 0xE0, 0x00, 0x00, 0x00, 0xE0, 0x00, 0x00, 0x00, 0xE0, 0x00, 0x00, 0x00, 0xE0, 0x00, 0x00,
    0x06, 0x60, 0x00, 0xE0, 0x00, 0xE0, 0x00, 0x00, 0x00, 0xE0, 0x00, 0x00, 0x00, 0xE0, 0x00, 0x00,
    0x00, 0xE0, 0x00, 0x00, 0x00, 0xE0, 0x00, 0x00, 0x00, 0xE0, 0x00, 0x00, 0x00, 0xE0, 0x00, 0x00,
    0x00, 0xE0, 0x00, 0x00, 0x00, 0xE0, 0x00, 0x00, 0x05, 0x60, 0x00, 0xE0, 0x00, 0xE0, 0x00, 0x00,
    0x00, 0xE0, 0x00, 0x00, 0x00, 0xE0, 0x00, 0x00, 0x00, 0xE0, 0x00, 0x00, 0x00, 0xE0, 0x00, 0x00,
    0x00, 0xE0, 0x00, 0x00, 0x00, 0xE0, 0x00, 0x00, 0x00, 0xE0, 0x00, 0x00, 0x00, 0xE0, 0x00, 0x00,
    0x06, 0x60, 0x00, 0xE0, 0x00, 0xE0, 0x00, 0x00, 0x00, 0xE0, 0x00, 0x00, 0x00, 0xE0, 0x00, 0x00,
    0x00, 0xE0, 0x00, 0x00, 0x00, 0xE0, 0x00, 0x00, 0x00, 0xE0, 0x00, 0x00, 0x00, 0xE0, 0x00, 0x00,
    0x00, 0xE0, 0x00, 0x00, 0x00, 0xE0, 0x00, 0x00, 0x00, 0xE0, 0x00, 0x00, 0x00, 0xE0, 0x00, 0x00,
    0x00, 0xE0, 0x00, 0x00, 0x00, 0xE0, 0x00, 0x00, 0x00, 0xE0, 0x00, 0x00, 0x00, 0xE0, 0x00, 0x00,
    0x00, 0xE0, 0x00, 0x00, 0x00, 0xE0, 0x00, 0x00, 0x00, 0xE0, 0x00, 0x00, 0x00, 0xE0, 0x00, 0x00,
    0x00, 0xE0, 0x00, 0x00, 0x00, 0xE0, 0x00, 0x00, 0x00, 0xE0, 0x00, 0x00, 0x00, 0xE0, 0x00, 0x00,
    0x00, 0xE0, 0x00, 0x00, 0x00, 0xE0, 0x00, 0x00, 0x00, 0xE0, 0x00, 0x00, 0x00, 0xE0, 0x00, 0x00,
    0x00, 0xE0, 0x00, 0x00, 0x00, 0xE0, 0x00, 0x00, 0x00, 0xE0, 0x00, 0x00, 0x00, 0xE0, 0x00, 0x00,
    0x00, 0xE0, 0x00, 0x00, 0x00, 0xE0, 0x00, 0x00, 0x00, 0xE0, 0x00, 0x00, 0x00, 0xE0, 0x00, 0x00,
    0x00, 0xE0, 0x00, 0x00, 0x00, 0xE0, 0x00, 0x00, 0x00, 0xE0, 0x00, 0x00, 0x00, 0xE0, 0x00, 0x00,
    0x00, 0xE0, 0x00, 0x00, 0x00, 0xE0, 0x00, 0x00, 0x00, 0xE0, 0x00, 0x00, 0x00, 0xE0, 0x00, 0x00,
    0x00, 0xE0, 0x00, 0x00, 0x00, 0xE0, 0x00, 0x00, 0x00, 0xE0, 0x00, 0x00, 0x00, 0xE0, 0x00, 0x00,
    0x00, 0xE0, 0x00, 0x00, 0x00, 0xE0, 0x00, 0x00, 0x00, 0xE0, 0x00, 0x00, 0x00, 0xE0, 0x00, 0x00,
    0x00, 0xE0, 0x00, 0x00, 0x00, 0xE0, 0x00, 0x00, 0x00, 0xE0, 0x00, 0x00, 0x00, 0xE0, 0x00, 0x00,
    0x00, 0xE0, 0x00, 0x00, 0x00, 0xE0, 0x00, 0x00, 0x00, 0xE0, 0x00, 0x00, 0x00, 0xE0, 0x00, 0x00,
    0x00, 0xE0, 0x00, 0x00, 0x00, 0xE0, 0x00, 0x00, 0x00, 0xE0, 0x00, 0x00, 0x00, 0xE0, 0x00, 0x00,
    0x00, 0xE0, 0x00, 0x00, 0x00, 0xE0, 0x00, 0x00, 0x00, 0xE0, 0x00, 0x00, 0x00, 0xE0, 0x00, 0x00,
    0x00, 0xE0, 0x00, 0x00, 0x00, 0xE0, 0x00, 0x00, 0x10, 0x60, 0x05, 0x00, 0x00, 0xA0, 0x07, 0x00,
    0x00, 0xA0, 0x05, 0x00, 0x0A, 0xC0, 0x00, 0xE0, 0x00, 0xE0, 0x00, 0x00, 0x00, 0xE0, 0x00, 0x00,
    0x00, 0xE0, 0x00, 0x00, 0x10, 0x60, 0x05, 0x00, 0x00, 0xA0, 0x07, 0x00, 0x00, 0xA0, 0x00, 0xE0,
    0x00, 0xE0, 0x00, 0x00, 0x00, 0xE0, 0x00, 0x00, 0x00, 0xE0, 0x00, 0x00, 0x10, 0x60, 0x05, 0x00,
    0x00, 0xA0, 0x02, 0x00, 0x00, 0xA0, 0x00, 0xE0, 0x00, 0xE0, 0x00, 0x00, 0x00, 0xE0, 0x00, 0x00,
    0x00, 0xE0, 0x00, 0x00, 0x10, 0x60, 0x05, 0x00, 0x00, 0xA0, 0x08, 0x00, 0x00, 0xA0, 0x05, 0x00,
    0x0A, 0xC0, 0x00, 0xE0, 0x10, 0x60, 0x05, 0x00, 0x00, 0xA0, 0x08, 0x00, 0x00, 0xA0, 0x00, 0xE0,
    0x00, 0xE0, 0x00, 0x00, 0x00, 0xE0, 0x00, 0x00, 0x00, 0xE0, 0x00, 0x00, 0x10, 0x60, 0x05, 0x00,
    0x00, 0xA0, 0x09, 0x00, 0x00, 0xA0, 0x00, 0xE0, 0x00, 0xE0, 0x00, 0x00, 0x00, 0xE0, 0x00, 0x00,
    0x00, 0xE0, 0x00, 0x00, 0x00, 0xE0, 0x00, 0x00, 0x00, 0xE0, 0x00, 0x00, 0x00, 0xE0, 0x00, 0x00,
    0x00, 0xE0, 0x00, 0x00, 0x00, 0xE0, 0x00, 0x00, 0x00, 0xE0, 0x00, 0x00, 0x00, 0xE0, 0x00, 0x00,
    0x00, 0xE0, 0x00, 0x00, 0x00, 0xE0, 0x00, 0x00, 0x00, 0xE0, 0x00, 0x00, 0x00, 0xE0, 0x00, 0x00,
    0x00, 0xE0, 0x00, 0x00, 0x00, 0xE0, 0x00, 0x00, 0x00, 0xE0, 0x00, 0x00, 0x00, 0xE0, 0x00, 0x00,
    0x00, 0xE0, 0x00, 0x00, 0x00, 0xE0, 0x00, 0x00, 0x00, 0xE0, 0x00, 0x00, 0x00, 0xE0, 0x00, 0x00,
    0x00, 0xE0, 0x00, 0x00, 0x00, 0xE0, 0x00, 0x00, 0x01, 0x00, 0x00, 0x00, 0x88, 0x28, 0x00, 0x00,
    0x00, 0x00, 0x00, 0x00, 0x00, 0xE0, 0x00, 0x00, 0x00, 0xE0, 0x00, 0x00, 0x00, 0xE0, 0x00, 0x00,
    0x00, 0xE0, 0x00, 0x00, 0x00, 0xE0, 0x00, 0x00, 0x00, 0xE0, 0x00, 0x00, 0x0A, 0x60, 0x05, 0x00,
    0x00, 0xA0, 0x08, 0x00, 0x00, 0xA0, 0x00, 0xE0, 0x00, 0xE0, 0x00, 0x00, 0x00, 0xE0, 0x00, 0x00,
    0x00, 0xE0, 0x00, 0x00, 0x00, 0xE0, 0x00, 0x00, 0x00, 0xE0, 0x00, 0x00, 0x00, 0xE0, 0x00, 0x00,
    0x0A, 0x60, 0x05, 0x00, 0x00, 0xA0, 0x02, 0x00, 0x00, 0xA0, 0x09, 0x00, 0x0D, 0xC0, 0x0A, 0x00,
    0x0B, 0x00, 0x16, 0xC0, 0x00, 0xE0, 0x00, 0x00, 0x00, 0xE0, 0x00, 0x00, 0x00, 0xE0, 0x00, 0x00,
    0x00, 0xE0, 0x00, 0x00, 0x0A, 0x60, 0x05, 0x00, 0x00, 0xA0, 0x05, 0x00, 0x00, 0xA0, 0x00, 0xE0,
    0x00, 0xE0, 0x00, 0x00, 0x00, 0xE0, 0x00, 0x00, 0x00, 0xE0, 0x00, 0x00, 0x0A, 0x60, 0x05, 0x00,
    0x00, 0xA0, 0x07, 0x00, 0x00, 0xA0, 0x00, 0xE0, 0x00, 0xE0, 0x00, 0x00, 0x00, 0xE0, 0x00, 0x00,
    0x00, 0xE0, 0x00, 0x00, 0x0A, 0x60, 0x05, 0x00, 0x00, 0xA0, 0x09, 0x00, 0x00, 0xA0, 0x00, 0xE0,
    0x00, 0xE0, 0x00, 0x00, 0x00, 0xE0, 0x00, 0x00, 0x00, 0xE0, 0x00, 0x00, 0x00, 0xE0, 0x00, 0x00,
    0x00, 0xE0, 0x00, 0x00, 0x00, 0xE0, 0x00, 0x00, 0x0C, 0x00, 0x00, 0xE0, 0x0A, 0x60, 0x05, 0x00,
    0x00, 0xA0, 0x02, 0x00, 0x00, 0xA0, 0x00, 0xE0, 0x00, 0xE0, 0x00, 0x00, 0x00, 0xE0, 0x00, 0x00,
    0x00, 0xE0, 0x00, 0x00, 0x00, 0xE0, 0x00, 0x00, 0x00, 0xE0, 0x00, 0x00, 0x00, 0xE0, 0x00, 0x00,
    0x0A, 0x60, 0x05, 0x00, 0x00, 0xA0, 0x02, 0x00, 0x00, 0xA0, 0x00, 0xE0, 0x00, 0xE0, 0x00, 0x00,
    0x00, 0xE0, 0x00, 0x00, 0x00, 0xE0, 0x00, 0x00, 0x00, 0xE0, 0x00, 0x00, 0x00, 0xE0, 0x00, 0x00,
    0x00, 0xE0, 0x00, 0x00, 0x00, 0xE0, 0x00, 0x00, 0x00, 0xE0, 0x00, 0x00, 0x00, 0xE0, 0x00, 0x00,
    0x09, 0x60, 0x05, 0x00, 0x0B, 0xC0, 0x00, 0xE0, 0x00, 0xE0, 0x00, 0x00, 0x00, 0xE0, 0x00, 0x00,
    0x00, 0xE0, 0x00, 0x00, 0x01, 0x00, 0x00, 0x00, 0x60, 0x27, 0x00, 0x00, 0x00, 0x00, 0x00, 0x00,
    0x00, 0xE0, 0x00, 0x00, 0x00, 0xE0, 0x00, 0x00, 0x00, 0xE0, 0x00, 0x00, 0x00, 0xE0, 0x00, 0x00,
    0x00, 0xE0, 0x00, 0x00, 0x00, 0xE0, 0x00, 0x00, 0x0A, 0x60, 0x09, 0x00, 0x00, 0xA0, 0x08, 0x00,
    0x00, 0xA0, 0x00, 0xE0, 0x00, 0xE0, 0x00, 0x00, 0x00, 0xE0, 0x00, 0x00, 0x00, 0xE0, 0x00, 0x00,
    0x00, 0xE0, 0x00, 0x00, 0x00, 0xE0, 0x00, 0x00, 0x00, 0xE0, 0x00, 0x00, 0x0A, 0x60, 0x09, 0x00,
    0x00, 0xA0, 0x02, 0x00, 0x00, 0xA0, 0x09, 0x00, 0x0D, 0xC0, 0x0A, 0x00, 0x0B, 0x00, 0x16, 0xC0,
    0x00, 0xE0, 0x00, 0x00, 0x00, 0xE0, 0x00, 0x00, 0x00, 0xE0, 0x00, 0x00, 0x00, 0xE0, 0x00, 0x00,
    0x0A, 0x60, 0x09, 0x00, 0x00, 0xA0, 0x05, 0x00, 0x00, 0xA0, 0x00, 0xE0, 0x00, 0xE0, 0x00, 0x00,
    0x00, 0xE0, 0x00, 0x00, 0x00, 0xE0, 0x00, 0x00, 0x0A, 0x60, 0x09, 0x00, 0x00, 0xA0, 0x07, 0x00,
    0x00, 0xA0, 0x00, 0xE0, 0x00, 0xE0, 0x00, 0x00, 0x00, 0xE0, 0x00, 0x00, 0x00, 0xE0, 0x00, 0x00,
    0x0A, 0x60, 0x09, 0x00, 0x00, 0xA0, 0x09, 0x00, 0x00, 0xA0, 0x00, 0xE0, 0x00, 0xE0, 0x00, 0x00,
    0x00, 0xE0, 0x00, 0x00, 0x00, 0xE0, 0x00, 0x00, 0x00, 0xE0, 0x00, 0x00, 0x00, 0xE0, 0x00, 0x00,
    0x00, 0xE0, 0x00, 0x00, 0x0C, 0x00, 0x00, 0xE0, 0x0A, 0x60, 0x09, 0x00, 0x00, 0xA0, 0x02, 0x00,
    0x00, 0xA0, 0x00, 0xE0, 0x00, 0xE0, 0x00, 0x00, 0x00, 0xE0, 0x00, 0x00, 0x00, 0xE0, 0x00, 0x00,
    0x00, 0xE0, 0x00, 0x00, 0x00, 0xE0, 0x00, 0x00, 0x00, 0xE0, 0x00, 0x00, 0x0A, 0x60, 0x09, 0x00,
    0x00, 0xA0, 0x02, 0x00, 0x00, 0xA0, 0x00, 0xE0, 0x00, 0xE0, 0x00, 0x00, 0x00, 0xE0, 0x00, 0x00,
    0x00, 0xE0, 0x00, 0x00, 0x00, 0xE0, 0x00, 0x00, 0x00, 0xE0, 0x00, 0x00, 0x00, 0xE0, 0x00, 0x00,
    0x00, 0xE0, 0x00, 0x00, 0x00, 0xE0, 0x00, 0x00, 0x00, 0xE0, 0x00, 0x00, 0x09, 0x60, 0x09, 0x00,
    0x0B, 0xC0, 0x00, 0xE0, 0x00, 0xE0, 0x00, 0x00, 0x00, 0xE0, 0x00, 0x00, 0x00, 0xE0, 0x00, 0x00,
    0x01, 0x00, 0x00, 0x00, 0x38, 0x26, 0x00, 0x00, 0x00, 0x00, 0x00, 0x00, 0x00, 0xE0, 0x00, 0x00,
    0x00, 0xE0, 0x00, 0x00, 0x00, 0xE0, 0x00, 0x00, 0x0A, 0x60, 0x02, 0x00, 0x00, 0xA0, 0x08, 0x00,
    0x00, 0xA0, 0x00, 0xE0, 0x00, 0xE0, 0x00, 0x00, 0x00, 0xE0, 0x00, 0x00, 0x00, 0xE0, 0x00, 0x00,
    0x00, 0xE0, 0x00, 0x00, 0x00, 0xE0, 0x00, 0x00, 0x00, 0xE0, 0x00, 0x00, 0x00, 0xE0, 0x00, 0x00,
    0x00, 0xE0, 0x00, 0x00, 0x00, 0xE0, 0x00, 0x00, 0x0A, 0x60, 0x02, 0x00, 0x00, 0xA0, 0x02, 0x00,
    0x00, 0xA0, 0x09, 0x00, 0x0D, 0xC0, 0x0A, 0x00, 0x0B, 0x00, 0x16, 0xC0, 0x00, 0xE0, 0x00, 0x00,
    0x00, 0xE0, 0x00, 0x00, 0x00, 0xE0, 0x00, 0x00, 0x00, 0xE0, 0x00, 0x00, 0x0A, 0x60, 0x02, 0x00,
    0x00, 0xA0, 0x05, 0x00, 0x00, 0xA0, 0x00, 0xE0, 0x00, 0xE0, 0x00, 0x00, 0x00, 0xE0, 0x00, 0x00,
    0x00, 0xE0, 0x00, 0x00, 0x0A, 0x60, 0x02, 0x00, 0x00, 0xA0, 0x07, 0x00, 0x00, 0xA0, 0x00, 0xE0,
    0x00, 0xE0, 0x00, 0x00, 0x00, 0xE0, 0x00, 0x00, 0x00, 0xE0, 0x00, 0x00, 0x0A, 0x60, 0x02, 0x00,
    0x00, 0xA0, 0x09, 0x00, 0x00, 0xA0, 0x00, 0xE0, 0x00, 0xE0, 0x00, 0x00, 0x00, 0xE0, 0x00, 0x00,
    0x00, 0xE0, 0x00, 0x00, 0x00, 0xE0, 0x00, 0x00, 0x00, 0xE0, 0x00, 0x00, 0x00, 0xE0, 0x00, 0x00,
    0x0C, 0x00, 0x00, 0xE0, 0x0A, 0x60, 0x02, 0x00, 0x00, 0xA0, 0x02, 0x00, 0x00, 0xA0, 0x00, 0xE0,
    0x00, 0xE0, 0x00, 0x00, 0x00, 0xE0, 0x00, 0x00, 0x00, 0xE0, 0x00, 0x00, 0x00, 0xE0, 0x00, 0x00,
    0x00, 0xE0, 0x00, 0x00, 0x00, 0xE0, 0x00, 0x00, 0x0A, 0x60, 0x02, 0x00, 0x00, 0xA0, 0x02, 0x00,
    0x00, 0xA0, 0x00, 0xE0, 0x00, 0xE0, 0x00, 0x00, 0x00, 0xE0, 0x00, 0x00, 0x00, 0xE0, 0x00, 0x00,
    0x00, 0xE0, 0x00, 0x00, 0x00, 0xE0, 0x00, 0x00, 0x00, 0xE0, 0x00, 0x00, 0x00, 0xE0, 0x00, 0x00,
    0x00, 0xE0, 0x00, 0x00, 0x00, 0xE0, 0x00, 0x00, 0x09, 0x60, 0x02, 0x00, 0x0B, 0xC0, 0x00, 0xE0,
    0x00, 0xE0, 0x00, 0x00, 0x00, 0xE0, 0x00, 0x00, 0x00, 0xE0, 0x00, 0x00, 0x01, 0x00, 0x00, 0x00,
    0x10, 0x25, 0x00, 0x00, 0x00, 0x00, 0x00, 0x00, 0x00, 0xE0, 0x00, 0x00, 0x00, 0xE0, 0x00, 0x00,
    0x00, 0xE0, 0x00, 0x00, 0x00, 0xE0, 0x00, 0x00, 0x00, 0xE0, 0x00, 0x00, 0x00, 0xE0, 0x00, 0x00,
    0x0A, 0x60, 0x08, 0x00, 0x00, 0xA0, 0x08, 0x00, 0x00, 0xA0, 0x00, 0xE0, 0x00, 0xE0, 0x00, 0x00,
    0x00, 0xE0, 0x00, 0x00, 0x00, 0xE0, 0x00, 0x00, 0x00, 0xE0, 0x00, 0x00, 0x00, 0xE0, 0x00, 0x00,
    0x00, 0xE0, 0x00, 0x00, 0x0A, 0x60, 0x08, 0x00, 0x00, 0xA0, 0x02, 0x00, 0x00, 0xA0, 0x09, 0x00,
    0x0D, 0xC0, 0x0A, 0x00, 0x0B, 0x00, 0x16, 0xC0, 0x00, 0xE0, 0x00, 0x00, 0x00, 0xE0, 0x00, 0x00,
    0x00, 0xE0, 0x00, 0x00, 0x00, 0xE0, 0x00, 0x00, 0x0A, 0x60, 0x08, 0x00, 0x00, 0xA0, 0x05, 0x00,
    0x00, 0xA0, 0x00, 0xE0, 0x00, 0xE0, 0x00, 0x00, 0x00, 0xE0, 0x00, 0x00, 0x00, 0xE0, 0x00, 0x00,
    0x0A, 0x60, 0x08, 0x00, 0x00, 0xA0, 0x07, 0x00, 0x00, 0xA0, 0x00, 0xE0, 0x00, 0xE0, 0x00, 0x00,
    0x00, 0xE0, 0x00, 0x00, 0x00, 0xE0, 0x00, 0x00, 0x0A, 0x60, 0x08, 0x00, 0x00, 0xA0, 0x09, 0x00,
    0x00, 0xA0, 0x00, 0xE0, 0x00, 0xE0, 0x00, 0x00, 0x00, 0xE0, 0x00, 0x00, 0x00, 0xE0, 0x00, 0x00,
    0x00, 0xE0, 0x00, 0x00, 0x00, 0xE0, 0x00, 0x00, 0x00, 0xE0, 0x00, 0x00, 0x0C, 0x00, 0x00, 0xE0,
    0x0A, 0x60, 0x08, 0x00, 0x00, 0xA0, 0x02, 0x00, 0x00, 0xA0, 0x00, 0xE0, 0x00, 0xE0, 0x00, 0x00,
    0x00, 0xE0, 0x00, 0x00, 0x00, 0xE0, 0x00, 0x00, 0x00, 0xE0, 0x00, 0x00, 0x00, 0xE0, 0x00, 0x00,
    0x00, 0xE0, 0x00, 0x00, 0x0A, 0x60, 0x08, 0x00, 0x00, 0xA0, 0x02, 0x00, 0x00, 0xA0, 0x00, 0xE0,
    0x00, 0xE0, 0x00, 0x00, 0x00, 0xE0, 0x00, 0x00, 0x00, 0xE0, 0x00, 0x00, 0x00, 0xE0, 0x00, 0x00,
    0x00, 0xE0, 0x00, 0x00, 0x00, 0xE0, 0x00, 0x00, 0x00, 0xE0, 0x00, 0x00, 0x00, 0xE0, 0x00, 0x00,
    0x00, 0xE0, 0x00, 0x00, 0x09, 0x60, 0x08, 0x00, 0x0B, 0xC0, 0x00, 0xE0, 0x00, 0xE0, 0x00, 0x00,
    0x00, 0xE0, 0x00, 0x00, 0x00, 0xE0, 0x00, 0x00, 0x01, 0x00, 0x00, 0x00, 0xE8, 0x23, 0x00, 0x00,
    0x00, 0x00, 0x00, 0x00, 0x00, 0xE0, 0x00, 0x00, 0x00, 0xE0, 0x00, 0x00, 0x00, 0xE0, 0x00, 0x00,
    0x00, 0xE0, 0x00, 0x00, 0x00, 0xE0, 0x00, 0x00, 0x00, 0xE0, 0x00, 0x00, 0x0A, 0x60, 0x07, 0x00,
    0x00, 0xA0, 0x08, 0x00, 0x00, 0xA0, 0x00, 0xE0, 0x00, 0xE0, 0x00, 0x00, 0x00, 0xE0, 0x00, 0x00,
    0x00, 0xE0, 0x00, 0x00, 0x00, 0xE0, 0x00, 0x00, 0x00, 0xE0, 0x00, 0x00, 0x00, 0xE0, 0x00, 0x00,
    0x0A, 0x60, 0x07, 0x00, 0x00, 0xA0, 0x02, 0x00, 0x00, 0xA0, 0x09, 0x00, 0x0D, 0xC0, 0x0A, 0x00,
    0x0B, 0x00, 0x16, 0xC0, 0x00, 0xE0, 0x00, 0x00, 0x00, 0xE0, 0x00, 0x00, 0x00, 0xE0, 0x00, 0x00,
    0x00, 0xE0, 0x00, 0x00, 0x0A, 0x60, 0x07, 0x00, 0x00, 0xA0, 0x05, 0x00, 0x00, 0xA0, 0x00, 0xE0,
    0x00, 0xE0, 0x00, 0x00, 0x00, 0xE0, 0x00, 0x00, 0x00, 0xE0, 0x00, 0x00, 0x0A, 0x60, 0x07, 0x00,
    0x00, 0xA0, 0x07, 0x00, 0x00, 0xA0, 0x00, 0xE0, 0x00, 0xE0, 0x00, 0x00, 0x00, 0xE0, 0x00, 0x00,
    0x00, 0xE0, 0x00, 0x00, 0x0A, 0x60, 0x07, 0x00, 0x00, 0xA0, 0x09, 0x00, 0x00, 0xA0, 0x00, 0xE0,
    0x00, 0xE0, 0x00, 0x00, 0x00, 0xE0, 0x00, 0x00, 0x00, 0xE0, 0x00, 0x00, 0x00, 0xE0, 0x00, 0x00,
    0x00, 0xE0, 0x00, 0x00, 0x00, 0xE0, 0x00, 0x00, 0x0C, 0x00, 0x00, 0xE0, 0x0A, 0x60, 0x07, 0x00,
    0x00, 0xA0, 0x02, 0x00, 0x00, 0xA0, 0x00, 0xE0, 0x00, 0xE0, 0x00, 0x00, 0x00, 0xE0, 0x00, 0x00,
    0x00, 0xE0, 0x00, 0x00, 0x00, 0xE0, 0x00, 0x00, 0x00, 0xE0, 0x00, 0x00, 0x00, 0xE0, 0x00, 0x00,
    0x0A, 0x60, 0x07, 0x00, 0x00, 0xA0, 0x02, 0x00, 0x00, 0xA0, 0x00, 0xE0, 0x00, 0xE0, 0x00, 0x00,
    0x00, 0xE0, 0x00, 0x00, 0x00, 0xE0, 0x00, 0x00, 0x00, 0xE0, 0x00, 0x00, 0x00, 0xE0, 0x00, 0x00,
    0x00, 0xE0, 0x00, 0x00, 0x00, 0xE0, 0x00, 0x00, 0x00, 0xE0, 0x00, 0x00, 0x00, 0xE0, 0x00, 0x00,
    0x09, 0x60, 0x07, 0x00, 0x0B, 0xC0, 0x00, 0xE0, 0x00, 0xE0, 0x00, 0x00, 0x00, 0xE0, 0x00, 0x00,
    0x00, 0xE0, 0x00, 0x00, 0x01, 0x00, 0x00, 0x00, 0xC0, 0x22, 0x00, 0x00, 0x00, 0x00, 0x00, 0x00,
    0x00, 0xE0, 0x00, 0x00, 0x00, 0xE0, 0x00, 0x00, 0x00, 0xE0, 0x00, 0x00, 0x00, 0xE0, 0x00, 0x00,
    0x00, 0xE0, 0x00, 0x00, 0x00, 0xE0, 0x00, 0x00, 0x0A, 0x60, 0x0D, 0x00, 0x00, 0xA0, 0x08, 0x00,
    0x00, 0xA0, 0x00, 0xE0, 0x00, 0xE0, 0x00, 0x00, 0x00, 0xE0, 0x00, 0x00, 0x00, 0xE0, 0x00, 0x00,
    0x00, 0xE0, 0x00, 0x00, 0x00, 0xE0, 0x00, 0x00, 0x00, 0xE0, 0x00, 0x00, 0x0A, 0x60, 0x08, 0x00,
    0x00, 0xA0, 0x02, 0x00, 0x00, 0xA0, 0x09, 0x00, 0x0D, 0xC0, 0x0A, 0x00, 0x0B, 0x00, 0x16, 0xC0,
    0x00, 0xE0, 0x00, 0x00, 0x00, 0xE0, 0x00, 0x00, 0x00, 0xE0, 0x00, 0x00, 0x00, 0xE0, 0x00, 0x00,
    0x0A, 0x60, 0x0D, 0x00, 0x00, 0xA0, 0x05, 0x00, 0x00, 0xA0, 0x00, 0xE0, 0x00, 0xE0, 0x00, 0x00,
    0x00, 0xE0, 0x00, 0x00, 0x00, 0xE0, 0x00, 0x00, 0x0A, 0x60, 0x0D, 0x00, 0x00, 0xA0, 0x09, 0x00,
    0x00, 0xA0, 0x00, 0xE0, 0x00, 0xE0, 0x00, 0x00, 0x00, 0xE0, 0x00, 0x00, 0x00, 0xE0, 0x00, 0x00,
    0x0A, 0x60, 0x0D, 0x00, 0x00, 0xA0, 0x07, 0x00, 0x00, 0xA0, 0x00, 0xE0, 0x00, 0xE0, 0x00, 0x00,
    0x00, 0xE0, 0x00, 0x00, 0x00, 0xE0, 0x00, 0x00, 0x00, 0xE0, 0x00, 0x00, 0x00, 0xE0, 0x00, 0x00,
    0x00, 0xE0, 0x00, 0x00, 0x0C, 0x00, 0x00, 0xE0, 0x0A, 0x60, 0x0D, 0x00, 0x00, 0xA0, 0x02, 0x00,
    0x00, 0xA0, 0x00, 0xE0, 0x00, 0xE0, 0x00, 0x00, 0x00, 0xE0, 0x00, 0x00, 0x00, 0xE0, 0x00, 0x00,
    0x0A, 0x60, 0x0D, 0x00, 0x00, 0xA0, 0x02, 0x00, 0x00, 0xA0, 0x00, 0xE0, 0x00, 0xE0, 0x00, 0x00,
    0x00, 0xE0, 0x00, 0x00, 0x00, 0xE0, 0x00, 0x00, 0x00, 0xE0, 0x00, 0x00, 0x00, 0xE0, 0x00, 0x00,
    0x00, 0xE0, 0x00, 0x00, 0x00, 0xE0, 0x00, 0x00, 0x00, 0xE0, 0x00, 0x00, 0x00, 0xE0, 0x00, 0x00,
    0x00, 0xE0, 0x00, 0x00, 0x00, 0xE0, 0x00, 0x00, 0x00, 0xE0, 0x00, 0x00, 0x09, 0x60, 0x0D, 0x00,
    0x0B, 0xC0, 0x00, 0xE0, 0x00, 0xE0, 0x00, 0x00, 0x00, 0xE0, 0x00, 0x00, 0x00, 0xE0, 0x00, 0x00,
    0x01, 0x00, 0x00, 0x00, 0x98, 0x21, 0x00, 0x00, 0x00, 0x00, 0x00, 0x00, 0x00, 0xE0, 0x00, 0x00,
    0x00, 0xE0, 0x00, 0x00, 0x00, 0xE0, 0x00, 0x00, 0x00, 0xE0, 0x00, 0x00, 0x00, 0xE0, 0x00, 0x00,
    0x00, 0xE0, 0x00, 0x00, 0x0A, 0x60, 0x0E, 0x00, 0x00, 0xA0, 0x08, 0x00, 0x00, 0xA0, 0x00, 0xE0,
    0x00, 0xE0, 0x00, 0x00, 0x00, 0xE0, 0x00, 0x00, 0x00, 0xE0, 0x00, 0x00, 0x00, 0xE0, 0x00, 0x00,
    0x00, 0xE0, 0x00, 0x00, 0x00, 0xE0, 0x00, 0x00, 0x0A, 0x60, 0x0E, 0x00, 0x00, 0xA0, 0x02, 0x00,
    0x00, 0xA0, 0x09, 0x00, 0x0D, 0xC0, 0x0A, 0x00, 0x0B, 0x00, 0x16, 0xC0, 0x00, 0xE0, 0x00, 0x00,
    0x00, 0xE0, 0x00, 0x00, 0x00, 0xE0, 0x00, 0x00, 0x00, 0xE0, 0x00, 0x00, 0x0A, 0x60, 0x0E, 0x00,
    0x00, 0xA0, 0x05, 0x00, 0x00, 0xA0, 0x00, 0xE0, 0x00, 0xE0, 0x00, 0x00, 0x00, 0xE0, 0x00, 0x00,
    0x00, 0xE0, 0x00, 0x00, 0x0A, 0x60, 0x08, 0x00, 0x00, 0xA0, 0x09, 0x00, 0x00, 0xA0, 0x00, 0xE0,
    0x00, 0xE0, 0x00, 0x00, 0x00, 0xE0, 0x00, 0x00, 0x00, 0xE0, 0x00, 0x00, 0x0A, 0x60, 0x0E, 0x00,
    0x00, 0xA0, 0x07, 0x00, 0x00, 0xA0, 0x00, 0xE0, 0x00, 0xE0, 0x00, 0x00, 0x00, 0xE0, 0x00, 0x00,
    0x00, 0xE0, 0x00, 0x00, 0x00, 0xE0, 0x00, 0x00, 0x00, 0xE0, 0x00, 0x00, 0x00, 0xE0, 0x00, 0x00,
    0x0C, 0x00, 0x00, 0xE0, 0x0A, 0x60, 0x0E, 0x00, 0x00, 0xA0, 0x02, 0x00, 0x00, 0xA0, 0x00, 0xE0,
    0x00, 0xE0, 0x00, 0x00, 0x00, 0xE0, 0x00, 0x00, 0x00, 0xE0, 0x00, 0x00, 0x00, 0xE0, 0x00, 0x00,
    0x00, 0xE0, 0x00, 0x00, 0x00, 0xE0, 0x00, 0x00, 0x0A, 0x60, 0x0E, 0x00, 0x00, 0xA0, 0x02, 0x00,
    0x00, 0xA0, 0x00, 0xE0, 0x00, 0xE0, 0x00, 0x00, 0x00, 0xE0, 0x00, 0x00, 0x00, 0xE0, 0x00, 0x00,
    0x00, 0xE0, 0x00, 0x00, 0x00, 0xE0, 0x00, 0x00, 0x00, 0xE0, 0x00, 0x00, 0x00, 0xE0, 0x00, 0x00,
    0x00, 0xE0, 0x00, 0x00, 0x00, 0xE0, 0x00, 0x00, 0x09, 0x60, 0x0E, 0x00, 0x0B, 0xC0, 0x00, 0xE0,
    0x00, 0xE0, 0x00, 0x00, 0x00, 0xE0, 0x00, 0x00, 0x00, 0xE0, 0x00, 0x00, 0x01, 0x00, 0x00, 0x00,
    0x70, 0x20, 0x00, 0x00, 0x00, 0x00, 0x00, 0x00, 0x00, 0xE0, 0x00, 0x00, 0x00, 0xE0, 0x00, 0x00,
    0x00, 0xE0, 0x00, 0x00, 0x00, 0xE0, 0x00, 0x00, 0x00, 0xE0, 0x00, 0x00, 0x00, 0xE0, 0x00, 0x00,
    0x0A, 0x60, 0x0F, 0x00, 0x00, 0xA0, 0x08, 0x00, 0x00, 0xA0, 0x00, 0xE0, 0x00, 0xE0, 0x00, 0x00,
    0x00, 0xE0, 0x00, 0x00, 0x00, 0xE0, 0x00, 0x00, 0x00, 0xE0, 0x00, 0x00, 0x00, 0xE0, 0x00, 0x00,
    0x00, 0xE0, 0x00, 0x00, 0x0A, 0x60, 0x08, 0x00, 0x00, 0xA0, 0x02, 0x00, 0x00, 0xA0, 0x09, 0x00,
    0x0D, 0xC0, 0x0A, 0x00, 0x0B, 0x00, 0x16, 0xC0, 0x00, 0xE0, 0x00, 0x00, 0x00, 0xE0, 0x00, 0x00,
    0x00, 0xE0, 0x00, 0x00, 0x00, 0xE0, 0x00, 0x00, 0x0A, 0x60, 0x0F, 0x00, 0x00, 0xA0, 0x05, 0x00,
    0x00, 0xA0, 0x00, 0xE0, 0x00, 0xE0, 0x00, 0x00, 0x00, 0xE0, 0x00, 0x00, 0x00, 0xE0, 0x00, 0x00,
    0x0A, 0x60, 0x0F, 0x00, 0x00, 0xA0, 0x09, 0x00, 0x00, 0xA0, 0x00, 0xE0, 0x00, 0xE0, 0x00, 0x00,
    0x00, 0xE0, 0x00, 0x00, 0x00, 0xE0, 0x00, 0x00, 0x0A, 0x60, 0x0F, 0x00, 0x00, 0xA0, 0x07, 0x00,
    0x00, 0xA0, 0x00, 0xE0, 0x00, 0xE0, 0x00, 0x00, 0x00, 0xE0, 0x00, 0x00, 0x00, 0xE0, 0x00, 0x00,
    0x00, 0xE0, 0x00, 0x00, 0x00, 0xE0, 0x00, 0x00, 0x00, 0xE0, 0x00, 0x00, 0x0C, 0x00, 0x00, 0xE0,
    0x0A, 0x60, 0x0F, 0x00, 0x00, 0xA0, 0x02, 0x00, 0x00, 0xA0, 0x00, 0xE0, 0x00, 0xE0, 0x00, 0x00,
    0x00, 0xE0, 0x00, 0x00, 0x00, 0xE0, 0x00, 0x00, 0x00, 0xE0, 0x00, 0x00, 0x00, 0xE0, 0x00, 0x00,
    0x00, 0xE0, 0x00, 0x00, 0x0A, 0x60, 0x0F, 0x00, 0x00, 0xA0, 0x02, 0x00, 0x00, 0xA0, 0x00, 0xE0,
    0x00, 0xE0, 0x00, 0x00, 0x00, 0xE0, 0x00, 0x00, 0x00, 0xE0, 0x00, 0x00, 0x00, 0xE0, 0x00, 0x00,
    0x00, 0xE0, 0x00, 0x00, 0x00, 0xE0, 0x00, 0x00, 0x00, 0xE0, 0x00, 0x00, 0x00, 0xE0, 0x00, 0x00,
    0x00, 0xE0, 0x00, 0x00, 0x09, 0x60, 0x0F, 0x00, 0x0B, 0xC0, 0x00, 0xE0, 0x00, 0xE0, 0x00, 0x00,
    0x00, 0xE0, 0x00, 0x00, 0x00, 0xE0, 0x00, 0x00, 0x01, 0x00, 0x00, 0x00, 0x48, 0x1F, 0x00, 0x00,
    0x00, 0x00, 0x00, 0x00, 0x00, 0xE0, 0x00, 0x00, 0x00, 0xE0, 0x00, 0x00, 0x00, 0xE0, 0x00, 0x00,
    0x00, 0xE0, 0x00, 0x00, 0x00, 0xE0, 0x00, 0x00, 0x00, 0xE0, 0x00, 0x00, 0x0A, 0x60, 0x10, 0x00,
    0x00, 0xA0, 0x08, 0x00, 0x00, 0xA0, 0x00, 0xE0, 0x00, 0xE0, 0x00, 0x00, 0x00, 0xE0, 0x00, 0x00,
    0x00, 0xE0, 0x00, 0x00, 0x00, 0xE0, 0x00, 0x00, 0x00, 0xE0, 0x00, 0x00, 0x00, 0xE0, 0x00, 0x00,
    0x0A, 0x60, 0x08, 0x00, 0x00, 0xA0, 0x02, 0x00, 0x00, 0xA0, 0x09, 0x00, 0x0D, 0xC0, 0x0A, 0x00,
    0x0B, 0x00, 0x16, 0xC0, 0x00, 0xE0, 0x00, 0x00, 0x00, 0xE0, 0x00, 0x00, 0x00, 0xE0, 0x00, 0x00,
    0x00, 0xE0, 0x00, 0x00, 0x0A, 0x60, 0x10, 0x00, 0x00, 0xA0, 0x05, 0x00, 0x00, 0xA0, 0x00, 0xE0,
    0x00, 0xE0, 0x00, 0x00, 0x00, 0xE0, 0x00, 0x00, 0x00, 0xE0, 0x00, 0x00, 0x0A, 0x60, 0x10, 0x00,
    0x00, 0xA0, 0x07, 0x00, 0x00, 0xA0, 0x00, 0xE0, 0x00, 0xE0, 0x00, 0x00, 0x00, 0xE0, 0x00, 0x00,
    0x00, 0xE0, 0x00, 0x00, 0x00, 0xE0, 0x00, 0x00, 0x00, 0xE0, 0x00, 0x00, 0x00, 0xE0, 0x00, 0x00,
    0x0C, 0x00, 0x00, 0xE0, 0x0A, 0x60, 0x10, 0x00, 0x00, 0xA0, 0x02, 0x00, 0x00, 0xA0, 0x00, 0xE0,
    0x00, 0xE0, 0x00, 0x00, 0x00, 0xE0, 0x00, 0x00, 0x00, 0xE0, 0x00, 0x00, 0x00, 0xE0, 0x00, 0x00,
    0x00, 0xE0, 0x00, 0x00, 0x00, 0xE0, 0x00, 0x00, 0x0A, 0x60, 0x10, 0x00, 0x00, 0xA0, 0x02, 0x00,
    0x00, 0xA0, 0x00, 0xE0, 0x00, 0xE0, 0x00, 0x00, 0x00, 0xE0, 0x00, 0x00, 0x00, 0xE0, 0x00, 0x00,
    0x00, 0xE0, 0x00, 0x00, 0x00, 0xE0, 0x00, 0x00, 0x00, 0xE0, 0x00, 0x00, 0x00, 0xE0, 0x00, 0x00,
    0x00, 0xE0, 0x00, 0x00, 0x00, 0xE0, 0x00, 0x00, 0x09, 0x60, 0x10, 0x00, 0x0B, 0xC0, 0x00, 0xE0,
    0x00, 0xE0, 0x00, 0x00, 0x00, 0xE0, 0x00, 0x00, 0x00, 0xE0, 0x00, 0x00, 0x0A, 0x60, 0x10, 0x00,
    0x00, 0xA0, 0x09, 0x00, 0x00, 0xA0, 0x00, 0xE0, 0x00, 0xE0, 0x00, 0x00, 0x00, 0xE0, 0x00, 0x00,
    0x00, 0xE0, 0x00, 0x00, 0x01, 0x00, 0x00, 0x00, 0x20, 0x1E, 0x00, 0x00, 0x00, 0x00, 0x00, 0x00,
    0x00, 0xE0, 0x00, 0x00, 0x00, 0xE0, 0x00, 0x00, 0x00, 0xE0, 0x00, 0x00, 0x00, 0xE0, 0x00, 0x00,
    0x00, 0xE0, 0x00, 0x00, 0x00, 0xE0, 0x00, 0x00, 0x0A, 0x60, 0x11, 0x00, 0x00, 0xA0, 0x08, 0x00,
    0x00, 0xA0, 0x00, 0xE0, 0x00, 0xE0, 0x00, 0x00, 0x00, 0xE0, 0x00, 0x00, 0x00, 0xE0, 0x00, 0x00,
    0x00, 0xE0, 0x00, 0x00, 0x00, 0xE0, 0x00, 0x00, 0x00, 0xE0, 0x00, 0x00, 0x0A, 0x60, 0x11, 0x00,
    0x00, 0xA0, 0x05, 0x00, 0x00, 0xA0, 0x00, 0xE0, 0x00, 0xE0, 0x00, 0x00, 0x00, 0xE0, 0x00, 0x00,
    0x00, 0xE0, 0x00, 0x00, 0x0A, 0x60, 0x08, 0x00, 0x00, 0xA0, 0x02, 0x00, 0x00, 0xA0, 0x09, 0x00,
    0x0D, 0xC0, 0x0A, 0x00, 0x0B, 0x00, 0x16, 0xC0, 0x00, 0xE0, 0x00, 0x00, 0x00, 0xE0, 0x00, 0x00,
    0x00, 0xE0, 0x00, 0x00, 0x00, 0xE0, 0x00, 0x00, 0x0A, 0x60, 0x12, 0x00, 0x00, 0xA0, 0x09, 0x00,
    0x00, 0xA0, 0x00, 0xE0, 0x00, 0xE0, 0x00, 0x00, 0x00, 0xE0, 0x00, 0x00, 0x00, 0xE0, 0x00, 0x00,
    0x0A, 0x60, 0x11, 0x00, 0x00, 0xA0, 0x07, 0x00, 0x00, 0xA0, 0x00, 0xE0, 0x00, 0xE0, 0x00, 0x00,
    0x00, 0xE0, 0x00, 0x00, 0x00, 0xE0, 0x00, 0x00, 0x00, 0xE0, 0x00, 0x00, 0x00, 0xE0, 0x00, 0x00,
    0x00, 0xE0, 0x00, 0x00, 0x0C, 0x00, 0x00, 0xE0, 0x0A, 0x60, 0x11, 0x00, 0x00, 0xA0, 0x02, 0x00,
    0x00, 0xA0, 0x00, 0xE0, 0x00, 0xE0, 0x00, 0x00, 0x00, 0xE0, 0x00, 0x00, 0x00, 0xE0, 0x00, 0x00,
    0x00, 0xE0, 0x00, 0x00, 0x00, 0xE0, 0x00, 0x00, 0x00, 0xE0, 0x00, 0x00, 0x0A, 0x60, 0x11, 0x00,
    0x00, 0xA0, 0x02, 0x00, 0x00, 0xA0, 0x00, 0xE0, 0x00, 0xE0, 0x00, 0x00, 0x00, 0xE0, 0x00, 0x00,
    0x00, 0xE0, 0x00, 0x00, 0x00, 0xE0, 0x00, 0x00, 0x00, 0xE0, 0x00, 0x00, 0x00, 0xE0, 0x00, 0x00,
    0x00, 0xE0, 0x00, 0x00, 0x00, 0xE0, 0x00, 0x00, 0x00, 0xE0, 0x00, 0x00, 0x09, 0x60, 0x11, 0x00,
    0x0B, 0xC0, 0x00, 0xE0, 0x00, 0xE0, 0x00, 0x00, 0x00, 0xE0, 0x00, 0x00, 0x00, 0xE0, 0x00, 0x00,
    0x00, 0xE0, 0x00, 0x00, 0x00, 0xE0, 0x00, 0x00, 0x00, 0xE0, 0x00, 0x00, 0x0D, 0x60, 0x00, 0xF0,
    0x07, 0x00, 0x00, 0x00, 0x00, 0xE0, 0x00, 0x00, 0x00, 0xE0, 0x00, 0x00, 0x00, 0xE0, 0x00, 0x00,
    0x00, 0x00, 0x00, 0x00, 0x00, 0x00, 0x00, 0x00, 0x00, 0x00, 0x00, 0x00, 0x00, 0xE0, 0x00, 0x00,
    0x00, 0xE0, 0x00, 0x00, 0x00, 0xE0, 0x00, 0x00, 0x00, 0xE0, 0x00, 0x00, 0x00, 0xE0, 0x00, 0x00,
    0x00, 0xE0, 0x00, 0x00, 0x13, 0x00, 0x0D, 0x60, 0x00, 0xC0, 0x14, 0x00, 0x00, 0xC0, 0x00, 0xE0,
    0x00, 0xE0, 0x00, 0x00, 0x00, 0xE0, 0x00, 0x00, 0x00, 0xE0, 0x00, 0x00, 0x00, 0xE0, 0x00, 0x00,
    0x00, 0xE0, 0x00, 0x00, 0x00, 0xE0, 0x00, 0x00, 0x00, 0xE0, 0x00, 0x00, 0x00, 0xE0, 0x00, 0x00,
    0x00, 0xE0, 0x00, 0x00, 0x00, 0xE0, 0x00, 0x00, 0x00, 0xE0, 0x00, 0x00, 0x00, 0xE0, 0x00, 0x00,
    0x00, 0xE0, 0x00, 0x00, 0x00, 0xE0, 0x00, 0x00, 0x00, 0xE0, 0x00, 0x00, 0x00, 0xE0, 0x00, 0x00,
    0x00, 0xE0, 0x00, 0x00, 0x00, 0xE0, 0x00, 0x00, 0x00, 0xE0, 0x00, 0x00, 0x00, 0xE0, 0x00, 0x00,
    0x00, 0xE0, 0x00, 0x00, 0x00, 0xE0, 0x00, 0x00, 0x00, 0xE0, 0x00, 0x00, 0x00, 0xE0, 0x00, 0x00,
    0x00, 0xE0, 0x00, 0x00, 0x00, 0xE0, 0x00, 0x00, 0x00, 0xE0, 0x00, 0x00, 0x00, 0xE0, 0x00, 0x00,
    0x00, 0xE0, 0x00, 0x00, 0x00, 0xE0, 0x00, 0x00, 0x00, 0xE0, 0x00, 0x00, 0x00, 0xE0, 0x00, 0x00,
    0x00, 0xE0, 0x00, 0x00, 0x00, 0xE0, 0x00, 0x00, 0x00, 0xE0, 0x00, 0x00, 0x00, 0xE0, 0x00, 0x00,
    0x00, 0xE0, 0x00, 0x00, 0x00, 0xE0, 0x00, 0x00, 0x00, 0xE0, 0x00, 0x00, 0x00, 0xE0, 0x00, 0x00,
    0x00, 0xE0, 0x00, 0x00, 0x00, 0xE0, 0x00, 0x00, 0x10, 0x60, 0x05, 0x00, 0x00, 0xA0, 0x05, 0x00,
    0x00, 0xA0, 0x00, 0xE0, 0x00, 0xE0, 0x00, 0x00, 0x00, 0xE0, 0x00, 0x00, 0x00, 0xE0, 0x00, 0x00,
    0x10, 0x60, 0x05, 0x00, 0x00, 0xA0, 0x07, 0x00, 0x00, 0xA0, 0x00, 0xE0, 0x00, 0xE0, 0x00, 0x00,
    0x00, 0xE0, 0x00, 0x00, 0x00, 0xE0, 0x00, 0x00, 0x10, 0x60, 0x05, 0x00, 0x00, 0xA0, 0x02, 0x00,
    0x00, 0xA0, 0x00, 0xE0, 0x00, 0xE0, 0x00, 0x00, 0x00, 0xE0, 0x00, 0x00, 0x00, 0xE0, 0x00, 0x00,
    0x10, 0x60, 0x05, 0x00, 0x00, 0xA0, 0x08, 0x00, 0x00, 0xA0, 0x05, 0x00, 0x0A, 0xC0, 0x00, 0xE0,
    0x10, 0x60, 0x05, 0x00, 0x00, 0xA0, 0x08, 0x00, 0x00, 0xA0, 0x00, 0xE0, 0x00, 0xE0, 0x00, 0x00,
    0x00, 0xE0, 0x00, 0x00, 0x00, 0xE0, 0x00, 0x00, 0x10, 0x60, 0x05, 0x00, 0x00, 0xA0, 0x09, 0x00,
    0x00, 0xA0, 0x00, 0xE0, 0x00, 0xE0, 0x00, 0x00, 0x00, 0xE0, 0x00, 0x00, 0x00, 0xE0, 0x00, 0x00,
    0x00, 0xE0, 0x00, 0x00, 0x00, 0xE0, 0x00, 0x00, 0x00, 0xE0, 0x00, 0x00, 0x10, 0x60, 0x09, 0x00,
    0x00, 0xA0, 0x05, 0x00, 0x00, 0xA0, 0x00, 0xE0, 0x00, 0xE0, 0x00, 0x00, 0x00, 0xE0, 0x00, 0x00,
    0x00, 0xE0, 0x00, 0x00, 0x10, 0x60, 0x09, 0x00, 0x00, 0xA0, 0x07, 0x00, 0x00, 0xA0, 0x00, 0xE0,
    0x00, 0xE0, 0x00, 0x00, 0x00, 0xE0, 0x00, 0x00, 0x00, 0xE0, 0x00, 0x00, 0x10, 0x60, 0x09, 0x00,
    0x00, 0xA0, 0x02, 0x00, 0x00, 0xA0, 0x00, 0xE0, 0x00, 0xE0, 0x00, 0x00, 0x00, 0xE0, 0x00, 0x00,
    0x00, 0xE0, 0x00, 0x00, 0x10, 0x60, 0x09, 0x00, 0x00, 0xA0, 0x08, 0x00, 0x00, 0xA0, 0x05, 0x00,
    0x0A, 0xC0, 0x00, 0xE0, 0x10, 0x60, 0x09, 0x00, 0x00, 0xA0, 0x08, 0x00, 0x00, 0xA0, 0x00, 0xE0,
    0x00, 0xE0, 0x00, 0x00, 0x00, 0xE0, 0x00, 0x00, 0x00, 0xE0, 0x00, 0x00, 0x10, 0x60, 0x09, 0x00,
    0x00, 0xA0, 0x09, 0x00, 0x00, 0xA0, 0x00, 0xE0, 0x00, 0xE0, 0x00, 0x00, 0x00, 0xE0, 0x00, 0x00,
    0x00, 0xE0, 0x00, 0x00, 0x00, 0xE0, 0x00, 0x00, 0x00, 0xE0, 0x00, 0x00, 0x00, 0xE0, 0x00, 0x00,
    0x10, 0x60, 0x02, 0x00, 0x00, 0xA0, 0x05, 0x00, 0x00, 0xA0, 0x00, 0xE0, 0x00, 0xE0, 0x00, 0x00,
    0x00, 0xE0, 0x00, 0x00, 0x00, 0xE0, 0x00, 0x00, 0x10, 0x60, 0x02, 0x00, 0x00, 0xA0, 0x07, 0x00,
    0x00, 0xA0, 0x00, 0xE0, 0x00, 0xE0, 0x00, 0x00, 0x00, 0xE0, 0x00, 0x00, 0x00, 0xE0, 0x00, 0x00,
    0x10, 0x60, 0x02, 0x00, 0x00, 0xA0, 0x02, 0x00, 0x00, 0xA0, 0x00, 0xE0, 0x00, 0xE0, 0x00, 0x00,
    0x00, 0xE0, 0x00, 0x00, 0x00, 0xE0, 0x00, 0x00, 0x10, 0x60, 0x02, 0x00, 0x00, 0xA0, 0x08, 0x00,
    0x00, 0xA0, 0x05, 0x00, 0x0A, 0xC0, 0x00, 0xE0, 0x10, 0x60, 0x02, 0x00, 0x00, 0xA0, 0x08, 0x00,
    0x00, 0xA0, 0x00, 0xE0, 0x00, 0xE0, 0x00, 0x00, 0x00, 0xE0, 0x00, 0x00, 0x00, 0xE0, 0x00, 0x00,
    0x10, 0x60, 0x02, 0x00, 0x00, 0xA0, 0x09, 0x00, 0x00, 0xA0, 0x00, 0xE0, 0x00, 0xE0, 0x00, 0x00,
    0x00, 0xE0, 0x00, 0x00, 0x00, 0xE0, 0x00, 0x00, 0x00, 0xE0, 0x00, 0x00, 0x00, 0xE0, 0x00, 0x00,
    0x00, 0xE0, 0x00, 0x00, 0x10, 0x60, 0x08, 0x00, 0x00, 0xA0, 0x05, 0x00, 0x00, 0xA0, 0x00, 0xE0,
    0x00, 0xE0, 0x00, 0x00, 0x00, 0xE0, 0x00, 0x00, 0x00, 0xE0, 0x00, 0x00, 0x10, 0x60, 0x08, 0x00,
    0x00, 0xA0, 0x07, 0x00, 0x00, 0xA0, 0x00, 0xE0, 0x00, 0xE0, 0x00, 0x00, 0x00, 0xE0, 0x00, 0x00,
    0x00, 0xE0, 0x00, 0x00, 0x10, 0x60, 0x08, 0x00, 0x00, 0xA0, 0x02, 0x00, 0x00, 0xA0, 0x00, 0xE0,
    0x00, 0xE0, 0x00, 0x00, 0x00, 0xE0, 0x00, 0x00, 0x00, 0xE0, 0x00, 0x00, 0x10, 0x60, 0x08, 0x00,
    0x00, 0xA0, 0x08, 0x00, 0x00, 0xA0, 0x05, 0x00, 0x0A, 0xC0, 0x00, 0xE0, 0x10, 0x60, 0x08, 0x00,
    0x00, 0xA0, 0x08, 0x00, 0x00, 0xA0, 0x00, 0xE0, 0x00, 0xE0, 0x00, 0x00, 0x00, 0xE0, 0x00, 0x00,
    0x00, 0xE0, 0x00, 0x00, 0x10, 0x60, 0x08, 0x00, 0x00, 0xA0, 0x09, 0x00, 0x00, 0xA0, 0x00, 0xE0,
    0x00, 0xE0, 0x00, 0x00, 0x00, 0xE0, 0x00, 0x00, 0x00, 0xE0, 0x00, 0x00, 0x00, 0xE0, 0x00, 0x00,
    0x00, 0xE0, 0x00, 0x00, 0x00, 0xE0, 0x00, 0x00, 0x10, 0x60, 0x07, 0x00, 0x00, 0xA0, 0x05, 0x00,
    0x00, 0xA0, 0x00, 0xE0, 0x00, 0xE0, 0x00, 0x00, 0x00, 0xE0, 0x00, 0x00, 0x00, 0xE0, 0x00, 0x00,
    0x10, 0x60, 0x07, 0x00, 0x00, 0xA0, 0x02, 0x00, 0x00, 0xA0, 0x00, 0xE0, 0x00, 0xE0, 0x00, 0x00,
    0x00, 0xE0, 0x00, 0x00, 0x00, 0xE0, 0x00, 0x00, 0x10, 0x60, 0x07, 0x00, 0x00, 0xA0, 0x07, 0x00,
    0x00, 0xA0, 0x00, 0xE0, 0x00, 0xE0, 0x00, 0x00, 0x00, 0xE0, 0x00, 0x00, 0x00, 0xE0, 0x00, 0x00,
    0x10, 0x60, 0x07, 0x00, 0x00, 0xA0, 0x08, 0x00, 0x00, 0xA0, 0x05, 0x00, 0x0A, 0xC0, 0x00, 0xE0,
    0x10, 0x60, 0x07, 0x00, 0x00, 0xA0, 0x08, 0x00, 0x00, 0xA0, 0x00, 0xE0, 0x00, 0xE0, 0x00, 0x00,
    0x00, 0xE0, 0x00, 0x00, 0x00, 0xE0, 0x00, 0x00, 0x10, 0x60, 0x07, 0x00, 0x00, 0xA0, 0x09, 0x00,
    0x00, 0xA0, 0x00, 0xE0, 0x00, 0xE0, 0x00, 0x00, 0x00, 0xE0, 0x00, 0x00, 0x00, 0xE0, 0x00, 0x00,
    0x00, 0xE0, 0x00, 0x00, 0x00, 0xE0, 0x00, 0x00, 0x00, 0xE0, 0x00, 0x00, 0x10, 0x60, 0x0D, 0x00,
    0x00, 0xA0, 0x05, 0x00, 0x00, 0xA0, 0x00, 0xE0, 0x00, 0xE0, 0x00, 0x00, 0x00, 0xE0, 0x00, 0x00,
    0x00, 0xE0, 0x00, 0x00, 0x10, 0x60, 0x0D, 0x00, 0x00, 0xA0, 0x07, 0x00, 0x00, 0xA0, 0x00, 0xE0,
    0x00, 0xE0, 0x00, 0x00, 0x00, 0xE0, 0x00, 0x00, 0x00, 0xE0, 0x00, 0x00, 0x10, 0x60, 0x0D, 0x00,
    0x00, 0xA0, 0x02, 0x00, 0x00, 0xA0, 0x00, 0xE0, 0x00, 0xE0, 0x00, 0x00, 0x00, 0xE0, 0x00, 0x00,
    0x00, 0xE0, 0x00, 0x00, 0x10, 0x60, 0x0D, 0x00, 0x00, 0xA0, 0x08, 0x00, 0x00, 0xA0, 0x05, 0x00,
    0x0A, 0xC0, 0x00, 0xE0, 0x10, 0x60, 0x0D, 0x00, 0x00, 0xA0, 0x08, 0x00, 0x00, 0xA0, 0x00, 0xE0,
    0x00, 0xE0, 0x00, 0x00, 0x00, 0xE0, 0x00, 0x00, 0x00, 0xE0, 0x00, 0x00, 0x10, 0x60, 0x0D, 0x00,
    0x00, 0xA0, 0x09, 0x00, 0x00, 0xA0, 0x00, 0xE0, 0x00, 0xE0, 0x00, 0x00, 0x00, 0xE0, 0x00, 0x00,
    0x00, 0xE0, 0x00, 0x00, 0x00, 0xE0, 0x00, 0x00, 0x00, 0xE0, 0x00, 0x00, 0x00, 0xE0, 0x00, 0x00,
    0x10, 0x60, 0x0E, 0x00, 0x00, 0xA0, 0x05, 0x00, 0x00, 0xA0, 0x00, 0xE0, 0x00, 0xE0, 0x00, 0x00,
    0x00, 0xE0, 0x00, 0x00, 0x00, 0xE0, 0x00, 0x00, 0x10, 0x60, 0x0E, 0x00, 0x00, 0xA0, 0x07, 0x00,
    0x00, 0xA0, 0x00, 0xE0, 0x00, 0xE0, 0x00, 0x00, 0x00, 0xE0, 0x00, 0x00, 0x00, 0xE0, 0x00, 0x00,
    0x10, 0x60, 0x0E, 0x00, 0x00, 0xA0, 0x02, 0x00, 0x00, 0xA0, 0x00, 0xE0, 0x00, 0xE0, 0x00, 0x00,
    0x00, 0xE0, 0x00, 0x00, 0x00, 0xE0, 0x00, 0x00, 0x10, 0x60, 0x0E, 0x00, 0x00, 0xA0, 0x08, 0x00,
    0x00, 0xA0, 0x05, 0x00, 0x0A, 0xC0, 0x00, 0xE0, 0x10, 0x60, 0x0E, 0x00, 0x00, 0xA0, 0x08, 0x00,
    0x00, 0xA0, 0x00, 0xE0, 0x00, 0xE0, 0x00, 0x00, 0x00, 0xE0, 0x00, 0x00, 0x00, 0xE0, 0x00, 0x00,
    0x10, 0x60, 0x0E, 0x00, 0x00, 0xA0, 0x09, 0x00, 0x00, 0xA0, 0x00, 0xE0, 0x00, 0xE0, 0x00, 0x00,
    0x00, 0xE0, 0x00, 0x00, 0x00, 0xE0, 0x00, 0x00, 0x00, 0xE0, 0x00, 0x00, 0x00, 0xE0, 0x00, 0x00,
    0x00, 0xE0, 0x00, 0x00, 0x10, 0x60, 0x0F, 0x00, 0x00, 0xA0, 0x05, 0x00, 0x00, 0xA0, 0x00, 0xE0,
    0x00, 0xE0, 0x00, 0x00, 0x00, 0xE0, 0x00, 0x00, 0x00, 0xE0, 0x00, 0x00, 0x10, 0x60, 0x0F, 0x00,
    0x00, 0xA0, 0x07, 0x00, 0x00, 0xA0, 0x00, 0xE0, 0x00, 0xE0, 0x00, 0x00, 0x00, 0xE0, 0x00, 0x00,
    0x00, 0xE0, 0x00, 0x00, 0x10, 0x60, 0x0F, 0x00, 0x00, 0xA0, 0x02, 0x00, 0x00, 0xA0, 0x00, 0xE0,
    0x00, 0xE0, 0x00, 0x00, 0x00, 0xE0, 0x00, 0x00, 0x00, 0xE0, 0x00, 0x00, 0x10, 0x60, 0x0E, 0x00,
    0x00, 0xA0, 0x08, 0x00, 0x00, 0xA0, 0x05, 0x00, 0x0A, 0xC0, 0x00, 0xE0, 0x10, 0x60, 0x0F, 0x00,
    0x00, 0xA0, 0x08, 0x00, 0x00, 0xA0, 0x00, 0xE0, 0x00, 0xE0, 0x00, 0x00, 0x00, 0xE0, 0x00, 0x00,
    0x00, 0xE0, 0x00, 0x00, 0x10, 0x60, 0x0F, 0x00, 0x00, 0xA0, 0x09, 0x00, 0x00, 0xA0, 0x00, 0xE0,
    0x00, 0xE0, 0x00, 0x00, 0x00, 0xE0, 0x00, 0x00, 0x00, 0xE0, 0x00, 0x00, 0x00, 0xE0, 0x00, 0x00,
    0x00, 0xE0, 0x00, 0x00, 0x00, 0xE0, 0x00, 0x00, 0x10, 0x60, 0x15, 0x00, 0x00, 0xA0, 0x05, 0x00,
    0x00, 0xA0, 0x00, 0xE0, 0x00, 0xE0, 0x00, 0x00, 0x00, 0xE0, 0x00, 0x00, 0x00, 0xE0, 0x00, 0x00,
    0x10, 0x60, 0x15, 0x00, 0x00, 0xA0, 0x07, 0x00, 0x00, 0xA0, 0x00, 0xE0, 0x00, 0xE0, 0x00, 0x00,
    0x00, 0xE0, 0x00, 0x00, 0x00, 0xE0, 0x00, 0x00, 0x10, 0x60, 0x15, 0x00, 0x00, 0xA0, 0x02, 0x00,
    0x00, 0xA0, 0x00, 0xE0, 0x00, 0xE0, 0x00, 0x00, 0x00, 0xE0, 0x00, 0x00, 0x00, 0xE0, 0x00, 0x00,
    0x10, 0x60, 0x0F, 0x00, 0x00, 0xA0, 0x08, 0x00, 0x00, 0xA0, 0x05, 0x00, 0x0A, 0xC0, 0x00, 0xE0,
    0x10, 0x60, 0x15, 0x00, 0x00, 0xA0, 0x08, 0x00, 0x00, 0xA0, 0x00, 0xE0, 0x00, 0xE0, 0x00, 0x00,
    0x00, 0xE0, 0x00, 0x00, 0x00, 0xE0, 0x00, 0x00, 0x10, 0x60, 0x15, 0x00, 0x00, 0xA0, 0x09, 0x00,
    0x00, 0xA0, 0x00, 0xE0, 0x00, 0xE0, 0x00, 0x00, 0x00, 0xE0, 0x00, 0x00, 0x00, 0xE0, 0x00, 0x00,
    0x00, 0x00, 0x00, 0x00, 0x00, 0x00, 0x00, 0x00, 0x00, 0x00, 0x00, 0x00, 0x00, 0xE0, 0x00, 0x00,
    0x00, 0xE0, 0x00, 0x00, 0x00, 0xE0, 0x00, 0x00, 0x00, 0xE0, 0x00, 0x00, 0x00, 0xE0, 0x00, 0x00,
    0x00, 0xE0, 0x00, 0x00, 0x00, 0xE0, 0x00, 0x00, 0x00, 0xE0, 0x00, 0x00, 0x00, 0xE0, 0x00, 0x00,
    0x00, 0xE0, 0x00, 0x00, 0x00, 0xE0, 0x00, 0x00, 0x00, 0xE0, 0x00, 0x00, 0x18, 0x60, 0x16, 0x00,
    0x0A, 0xC0, 0x00, 0xE0, 0x00, 0xE0, 0x00, 0x00, 0x00, 0xE0, 0x00, 0x00, 0x00, 0xE0, 0x00, 0x00,
    0x00, 0xE0, 0x00, 0x00, 0x00, 0xE0, 0x00, 0x00, 0x00, 0xE0, 0x00, 0x00, 0x00, 0xE0, 0x00, 0x00,
    0x00, 0xE0, 0x00, 0x00, 0x00, 0xE0, 0x00, 0x00, 0x00, 0xE0, 0x00, 0x00, 0x00, 0xE0, 0x00, 0x00,
    0x00, 0xE0, 0x00, 0x00, 0x01, 0x00, 0x00, 0x00, 0x64, 0x16, 0x00, 0x00, 0x00, 0x00, 0x00, 0x00,
    0x00, 0xE0, 0x00, 0x00, 0x00, 0xE0, 0x00, 0x00, 0x00, 0xE0, 0x00, 0x00, 0x00, 0xE0, 0x00, 0x00,
    0x00, 0xE0, 0x00, 0x00, 0x00, 0xE0, 0x00, 0x00, 0x01, 0x00, 0x00, 0x00, 0x44, 0x16, 0x00, 0x00,
    0x00, 0x00, 0x00, 0x00, 0x00, 0xE0, 0x00, 0x00, 0x00, 0xE0, 0x00, 0x00, 0x00, 0xE0, 0x00, 0x00,
    0x00, 0xE0, 0x00, 0x00, 0x00, 0xE0, 0x00, 0x00, 0x00, 0xE0, 0x00, 0x00, 0x01, 0x00, 0x00, 0x00,
    0x24, 0x16, 0x00, 0x00, 0x00, 0x00, 0x00, 0x00, 0x00, 0xE0, 0x00, 0x00, 0x00, 0xE0, 0x00, 0x00,
    0x00, 0xE0, 0x00, 0x00, 0x00, 0xE0, 0x00, 0x00, 0x00, 0xE0, 0x00, 0x00, 0x00, 0xE0, 0x00, 0x00,
    0x01, 0x00, 0x00, 0x00, 0x04, 0x16, 0x00, 0x00, 0x00, 0x00, 0x00, 0x00, 0x00, 0xE0, 0x00, 0x00,
    0x00, 0xE0, 0x00, 0x00, 0x00, 0xE0, 0x00, 0x00, 0x00, 0xE0, 0x00, 0x00, 0x00, 0xE0, 0x00, 0x00,
    0x00, 0xE0, 0x00, 0x00, 0x01, 0x00, 0x00, 0x00, 0xE4, 0x15, 0x00, 0x00, 0x00, 0x00, 0x00, 0x00,
    0x00, 0xE0, 0x00, 0x00, 0x00, 0xE0, 0x00, 0x00, 0x00, 0xE0, 0x00, 0x00, 0x00, 0xE0, 0x00, 0x00,
    0x00, 0xE0, 0x00, 0x00, 0x00, 0xE0, 0x00, 0x00, 0x01, 0x00, 0x00, 0x00, 0xC4, 0x15, 0x00, 0x00,
    0x00, 0x00, 0x00, 0x00, 0x00, 0xE0, 0x00, 0x00, 0x00, 0xE0, 0x00, 0x00, 0x00, 0xE0, 0x00, 0x00,
    0x00, 0xE0, 0x00, 0x00, 0x00, 0xE0, 0x00, 0x00, 0x00, 0xE0, 0x00, 0x00, 0x01, 0x00, 0x00, 0x00,
    0xA4, 0x15, 0x00, 0x00, 0x00, 0x00, 0x00, 0x00, 0x00, 0xE0, 0x00, 0x00, 0x00, 0xE0, 0x00, 0x00,
    0x00, 0xE0, 0x00, 0x00, 0x00, 0xE0, 0x00, 0x00, 0x00, 0xE0, 0x00, 0x00, 0x00, 0xE0, 0x00, 0x00,
    0x01, 0x00, 0x00, 0x00, 0x84, 0x15, 0x00, 0x00, 0x00, 0x00, 0x00, 0x00, 0x00, 0xE0, 0x00, 0x00,
    0x00, 0xE0, 0x00, 0x00, 0x00, 0xE0, 0x00, 0x00, 0x00, 0xE0, 0x00, 0x00, 0x00, 0xE0, 0x00, 0x00,
    0x00, 0xE0, 0x00, 0x00, 0x01, 0x00, 0x00, 0x00, 0x64, 0x15, 0x00, 0x00, 0x00, 0x00, 0x00, 0x00,
    0x00, 0xE0, 0x00, 0x00, 0x00, 0xE0, 0x00, 0x00, 0x00, 0xE0, 0x00, 0x00, 0x00, 0xE0, 0x00, 0x00,
    0x00, 0xE0, 0x00, 0x00, 0x00, 0xE0, 0x00, 0x00, 0x00, 0xE0, 0x00, 0x00, 0x00, 0xE0, 0x00, 0x00,
    0x00, 0xE0, 0x00, 0x00, 0x01, 0x00, 0x00, 0x00, 0x38, 0x15, 0x00, 0x00, 0x00, 0x00, 0x00, 0x00,
    0x00, 0xE0, 0x00, 0x00, 0x00, 0xE0, 0x00, 0x00, 0x00, 0xE0, 0x00, 0x00, 0x01, 0x00, 0x00, 0x00,
    0x24, 0x15, 0x00, 0x00, 0x00, 0x00, 0x00, 0x00, 0x00, 0xE0, 0x00, 0x00, 0x00, 0xE0, 0x00, 0x00,
    0x00, 0xE0, 0x00, 0x00, 0x00, 0xE0, 0x00, 0x00, 0x00, 0xE0, 0x00, 0x00, 0x00, 0xE0, 0x00, 0x00,
    0x01, 0x00, 0x00, 0x00, 0x04, 0x15, 0x00, 0x00, 0x00, 0x00, 0x00, 0x00, 0x00, 0xE0, 0x00, 0x00,
    0x00, 0xE0, 0x00, 0x00, 0x00, 0xE0, 0x00, 0x00, 0x00, 0xE0, 0x00, 0x00, 0x00, 0xE0, 0x00, 0x00,
    0x00, 0xE0, 0x00, 0x00, 0x01, 0x00, 0x00, 0x00, 0xE4, 0x14, 0x00, 0x00, 0x00, 0x00, 0x00, 0x00,
    0x00, 0xE0, 0x00, 0x00, 0x00, 0xE0, 0x00, 0x00, 0x00, 0xE0, 0x00, 0x00, 0x00, 0xE0, 0x00, 0x00,
    0x00, 0xE0, 0x00, 0x00, 0x00, 0xE0, 0x00, 0x00, 0x01, 0x00, 0x00, 0x00, 0xC4, 0x14, 0x00, 0x00,
    0x00, 0x00, 0x00, 0x00, 0x00, 0xE0, 0x00, 0x00, 0x00, 0xE0, 0x00, 0x00, 0x00, 0xE0, 0x00, 0x00,
    0x00, 0xE0, 0x00, 0x00, 0x00, 0xE0, 0x00, 0x00, 0x00, 0xE0, 0x00, 0x00, 0x01, 0x00, 0x00, 0x00,
    0xA4, 0x14, 0x00, 0x00, 0x00, 0x00, 0x00, 0x00, 0x00, 0xE0, 0x00, 0x00, 0x00, 0xE0, 0x00, 0x00,
    0x00, 0xE0, 0x00, 0x00, 0x00, 0xE0, 0x00, 0x00, 0x00, 0xE0, 0x00, 0x00, 0x00, 0xE0, 0x00, 0x00,
    0x01, 0x00, 0x00, 0x00, 0x84, 0x14, 0x00, 0x00, 0x00, 0x00, 0x00, 0x00, 0x00, 0xE0, 0x00, 0x00,
    0x00, 0xE0, 0x00, 0x00, 0x00, 0xE0, 0x00, 0x00, 0x00, 0xE0, 0x00, 0x00, 0x00, 0xE0, 0x00, 0x00,
    0x00, 0xE0, 0x00, 0x00, 0x01, 0x00, 0x00, 0x00, 0x64, 0x14, 0x00, 0x00, 0x00, 0x00, 0x00, 0x00,
    0x00, 0xE0, 0x00, 0x00, 0x00, 0xE0, 0x00, 0x00, 0x00, 0xE0, 0x00, 0x00, 0x00, 0xE0, 0x00, 0x00,
    0x00, 0xE0, 0x00, 0x00, 0x00, 0xE0, 0x00, 0x00, 0x01, 0x00, 0x00, 0x00, 0x44, 0x14, 0x00, 0x00,
    0x00, 0x00, 0x00, 0x00, 0x00, 0xE0, 0x00, 0x00, 0x00, 0xE0, 0x00, 0x00, 0x00, 0xE0, 0x00, 0x00,
    0x00, 0xE0, 0x00, 0x00, 0x00, 0xE0, 0x00, 0x00, 0x00, 0xE0, 0x00, 0x00, 0x01, 0x00, 0x00, 0x00,
    0x24, 0x14, 0x00, 0x00, 0x00, 0x00, 0x00, 0x00, 0x00, 0xE0, 0x00, 0x00, 0x00, 0xE0, 0x00, 0x00,
    0x00, 0xE0, 0x00, 0x00, 0x00, 0xE0, 0x00, 0x00, 0x00, 0xE0, 0x00, 0x00, 0x00, 0xE0, 0x00, 0x00,
    0x01, 0x00, 0x00, 0x00, 0x04, 0x14, 0x00, 0x00, 0x00, 0x00, 0x00, 0x00, 0x00, 0xE0, 0x00, 0x00,
    0x00, 0xE0, 0x00, 0x00, 0x00, 0xE0, 0x00, 0x00, 0x00, 0xE0, 0x00, 0x00, 0x00, 0xE0, 0x00, 0x00,
    0x00, 0xE0, 0x00, 0x00, 0x01, 0x00, 0x00, 0x00, 0xE4, 0x13, 0x00, 0x00, 0x00, 0x00, 0x00, 0x00,
    0x00, 0xE0, 0x00, 0x00, 0x00, 0xE0, 0x00, 0x00, 0x00, 0xE0, 0x00, 0x00, 0x00, 0xE0, 0x00, 0x00,
    0x00, 0xE0, 0x00, 0x00, 0x00, 0xE0, 0x00, 0x00, 0x01, 0x00, 0x00, 0x00, 0xC4, 0x13, 0x00, 0x00,
    0x00, 0x00, 0x00, 0x00, 0x00, 0xE0, 0x00, 0x00, 0x00, 0xE0, 0x00, 0x00, 0x00, 0xE0, 0x00, 0x00,
    0x00, 0xE0, 0x00, 0x00, 0x00, 0xE0, 0x00, 0x00, 0x00, 0xE0, 0x00, 0x00, 0x01, 0x00, 0x00, 0x00,
    0xA4, 0x13, 0x00, 0x00, 0x00, 0x00, 0x00, 0x00, 0x00, 0xE0, 0x00, 0x00, 0x00, 0xE0, 0x00, 0x00,
    0x00, 0xE0, 0x00, 0x00, 0x00, 0xE0, 0x00, 0x00, 0x00, 0xE0, 0x00, 0x00, 0x00, 0xE0, 0x00, 0x00,
    0x01, 0x00, 0x00, 0x00, 0x84, 0x13, 0x00, 0x00, 0x00, 0x00, 0x00, 0x00, 0x00, 0xE0, 0x00, 0x00,
    0x00, 0xE0, 0x00, 0x00, 0x00, 0xE0, 0x00, 0x00, 0x00, 0xE0, 0x00, 0x00, 0x00, 0xE0, 0x00, 0x00,
    0x00, 0xE0, 0x00, 0x00, 0x01, 0x00, 0x00, 0x00, 0x64, 0x13, 0x00, 0x00, 0x00, 0x00, 0x00, 0x00,
    0x00, 0xE0, 0x00, 0x00, 0x00, 0xE0, 0x00, 0x00, 0x00, 0xE0, 0x00, 0x00, 0x00, 0xE0, 0x00, 0x00,
    0x00, 0xE0, 0x00, 0x00, 0x00, 0xE0, 0x00, 0x00, 0x01, 0x00, 0x00, 0x00, 0x44, 0x13, 0x00, 0x00,
    0x00, 0x00, 0x00, 0x00, 0x00, 0xE0, 0x00, 0x00, 0x00, 0xE0, 0x00, 0x00, 0x00, 0xE0, 0x00, 0x00,
    0x00, 0xE0, 0x00, 0x00, 0x00, 0xE0, 0x00, 0x00, 0x00, 0xE0, 0x00, 0x00, 0x01, 0x00, 0x00, 0x00,
    0x24, 0x13, 0x00, 0x00, 0x00, 0x00, 0x00, 0x00, 0x00, 0xE0, 0x00, 0x00, 0x00, 0xE0, 0x00, 0x00,
    0x00, 0xE0, 0x00, 0x00, 0x00, 0xE0, 0x00, 0x00, 0x00, 0xE0, 0x00, 0x00, 0x00, 0xE0, 0x00, 0x00,
    0x01, 0x00, 0x00, 0x00, 0x04, 0x13, 0x00, 0x00, 0x00, 0x00, 0x00, 0x00, 0x00, 0xE0, 0x00, 0x00,
    0x00, 0xE0, 0x00, 0x00, 0x00, 0xE0, 0x00, 0x00, 0x00, 0xE0, 0x00, 0x00, 0x00, 0xE0, 0x00, 0x00,
    0x00, 0xE0, 0x00, 0x00, 0x00, 0xE0, 0x00, 0x00, 0x00, 0xE0, 0x00, 0x00, 0x00, 0xE0, 0x00, 0x00,
    0x01, 0x00, 0x00, 0x00, 0xD8, 0x12, 0x00, 0x00, 0x00, 0x00, 0x00, 0x00, 0x00, 0xE0, 0x00, 0x00,
    0x00, 0xE0, 0x00, 0x00, 0x00, 0xE0, 0x00, 0x00, 0x00, 0xE0, 0x00, 0x00, 0x00, 0xE0, 0x00, 0x00,
    0x00, 0xE0, 0x00, 0x00, 0x01, 0x00, 0x00, 0x00, 0xB8, 0x12, 0x00, 0x00, 0x00, 0x00, 0x00, 0x00,
    0x00, 0xE0, 0x00, 0x00, 0x00, 0xE0, 0x00, 0x00, 0x00, 0xE0, 0x00, 0x00, 0x00, 0xE0, 0x00, 0x00,
    0x00, 0xE0, 0x00, 0x00, 0x00, 0xE0, 0x00, 0x00, 0x01, 0x00, 0x00, 0x00, 0x98, 0x12, 0x00, 0x00,
    0x00, 0x00, 0x00, 0x00, 0x00, 0xE0, 0x00, 0x00, 0x00, 0xE0, 0x00, 0x00, 0x00, 0xE0, 0x00, 0x00,
    0x00, 0xE0, 0x00, 0x00, 0x00, 0xE0, 0x00, 0x00, 0x00, 0xE0, 0x00, 0x00, 0x01, 0x00, 0x00, 0x00,
    0x78, 0x12, 0x00, 0x00, 0x00, 0x00, 0x00, 0x00, 0x00, 0xE0, 0x00, 0x00, 0x00, 0xE0, 0x00, 0x00,
    0x00, 0xE0, 0x00, 0x00, 0x00, 0xE0, 0x00, 0x00, 0x00, 0xE0, 0x00, 0x00, 0x00, 0xE0, 0x00, 0x00,
    0x01, 0x00, 0x00, 0x00, 0x58, 0x12, 0x00, 0x00, 0x00, 0x00, 0x00, 0x00, 0x00, 0xE0, 0x00, 0x00,
    0x00, 0xE0, 0x00, 0x00, 0x00, 0xE0, 0x00, 0x00, 0x00, 0xE0, 0x00, 0x00, 0x00, 0xE0, 0x00, 0x00,
    0x00, 0xE0, 0x00, 0x00, 0x01, 0x00, 0x00, 0x00, 0x38, 0x12, 0x00, 0x00, 0x00, 0x00, 0x00, 0x00,
    0x00, 0xE0, 0x00, 0x00, 0x00, 0xE0, 0x00, 0x00, 0x00, 0xE0, 0x00, 0x00, 0x00, 0xE0, 0x00, 0x00,
    0x00, 0xE0, 0x00, 0x00, 0x00, 0xE0, 0x00, 0x00, 0x16, 0x60, 0x00, 0xE0, 0x00, 0xE0, 0x00, 0x00,
    0x00, 0xE0, 0x00, 0x00, 0x00, 0xE0, 0x00, 0x00, 0x16, 0x60, 0x00, 0xE0, 0x00, 0xE0, 0x00, 0x00,
    0x00, 0xE0, 0x00, 0x00, 0x00, 0xE0, 0x00, 0x00, 0x14, 0x60, 0x00, 0xE0, 0x00, 0xE0, 0x00, 0x00,
    0x00, 0xE0, 0x00, 0x00, 0x00, 0xE0, 0x00, 0x00, 0x15, 0x60, 0x00, 0xE0, 0x00, 0xE0, 0x00, 0x00,
    0x00, 0xE0, 0x00, 0x00, 0x00, 0xE0, 0x00, 0x00, 0x17, 0x60, 0x00, 0xE0, 0x00, 0xE0, 0x00, 0x00,
    0x00, 0xE0, 0x00, 0x00, 0x00, 0xE0, 0x00, 0x00, 0x00, 0xE0, 0x00, 0x00, 0x00, 0xE0, 0x00, 0x00,
    0x00, 0xE0, 0x00, 0x00, 0x00, 0xE0, 0x00, 0x00, 0x00, 0xE0, 0x00, 0x00, 0x00, 0xE0, 0x00, 0x00,
    0x00, 0x00, 0x00, 0x00, 0x00, 0x00, 0x00, 0x00, 0x01, 0x00, 0x00, 0x00, 0xA8, 0x11, 0x00, 0x00,
    0xAC, 0x11, 0x00, 0x00, 0x00, 0x00, 0x00, 0x00, 0x00, 0x00, 0x00, 0x00, 0x01, 0x00, 0x00, 0x00,
    0xA0, 0x11, 0x00, 0x00, 0xA4, 0x11, 0x00, 0x00, 0x00, 0x00, 0x00, 0x00, 0x00, 0x00, 0x00, 0x00,
    0x01, 0x00, 0x00, 0x00, 0x98, 0x11, 0x00, 0x00, 0x9C, 0x11, 0x00, 0x00, 0x00, 0x00, 0x00, 0x00,
    0x00, 0x00, 0x00, 0x00, 0x01, 0x00, 0x00, 0x00, 0x90, 0x11, 0x00, 0x00, 0x94, 0x11, 0x00, 0x00,
    0x00, 0x00, 0x00, 0x00, 0x00, 0x00, 0x00, 0x00, 0x01, 0x00, 0x00, 0x00, 0x01, 0x00, 0x00, 0x00,
    0x84, 0x11, 0x00, 0x00, 0x01, 0x00, 0x00, 0x00, 0x80, 0x11, 0x00, 0x00, 0x84, 0x11, 0x00, 0x00,
    0x01, 0x00, 0x00, 0x00, 0x80, 0x11, 0x00, 0x00, 0x01, 0x00, 0x00, 0x00, 0x7C, 0x11, 0x00, 0x00,
    0x80, 0x11, 0x00, 0x00, 0x01, 0x00, 0x00, 0x00, 0x7C, 0x11, 0x00, 0x00, 0x01, 0x00, 0x00, 0x00,
    0x78, 0x11, 0x00, 0x00, 0x7C, 0x11, 0x00, 0x00, 0x01, 0x00, 0x00, 0x00, 0x78, 0x11, 0x00, 0x00,
    0x01, 0x00, 0x00, 0x00, 0x74, 0x11, 0x00, 0x00, 0x78, 0x11, 0x00, 0x00, 0x01, 0x00, 0x00, 0x00,
    0x74, 0x11, 0x00, 0x00, 0x01, 0x00, 0x00, 0x00, 0x70, 0x11, 0x00, 0x00, 0x74, 0x11, 0x00, 0x00,
    0x01, 0x00, 0x00, 0x00, 0x70, 0x11, 0x00, 0x00, 0x01, 0x00, 0x00, 0x00, 0x6C, 0x11, 0x00, 0x00,
    0x70, 0x11, 0x00, 0x00, 0x01, 0x00, 0x00, 0x00, 0x6C, 0x11, 0x00, 0x00, 0x01, 0x00, 0x00, 0x00,
    0x68, 0x11, 0x00, 0x00, 0x6C, 0x11, 0x00, 0x00, 0x01, 0x00, 0x00, 0x00, 0x68, 0x11, 0x00, 0x00,
    0x01, 0x00, 0x00, 0x00, 0x64, 0x11, 0x00, 0x00, 0x68, 0x11, 0x00, 0x00, 0x01, 0x00, 0x00, 0x00,
    0x64, 0x11, 0x00, 0x00, 0x01, 0x00, 0x00, 0x00, 0x60, 0x11, 0x00, 0x00, 0x64, 0x11, 0x00, 0x00,
    0x01, 0x00, 0x00, 0x00, 0x60, 0x11, 0x00, 0x00, 0x01, 0x00, 0x00, 0x00, 0x5C, 0x11, 0x00, 0x00,
    0x60, 0x11, 0x00, 0x00, 0x01, 0x00, 0x00, 0x00, 0x5C, 0x11, 0x00, 0x00, 0x01, 0x00, 0x00, 0x00,
    0x58, 0x11, 0x00, 0x00, 0x5C, 0x11, 0x00, 0x00, 0x01, 0x00, 0x00, 0x00, 0x58, 0x11, 0x00, 0x00,
    0x01, 0x00, 0x00, 0x00, 0x54, 0x11, 0x00, 0x00, 0x58, 0x11, 0x00, 0x00, 0x01, 0x00, 0x00, 0x00,
    0x54, 0x11, 0x00, 0x00, 0x01, 0x00, 0x00, 0x00, 0x50, 0x11, 0x00, 0x00, 0x54, 0x11, 0x00, 0x00,
    0x01, 0x00, 0x00, 0x00, 0x50, 0x11, 0x00, 0x00, 0x01, 0x00, 0x00, 0x00, 0x4C, 0x11, 0x00, 0x00,
    0x50, 0x11, 0x00, 0x00, 0x01, 0x00, 0x00, 0x00, 0x4C, 0x11, 0x00, 0x00, 0x01, 0x00, 0x00, 0x00,
    0x48, 0x11, 0x00, 0x00, 0x4C, 0x11, 0x00, 0x00, 0x01, 0x00, 0x00, 0x00, 0x48, 0x11, 0x00, 0x00,
    0x01, 0x00, 0x00, 0x00, 0x44, 0x11, 0x00, 0x00, 0x48, 0x11, 0x00, 0x00, 0x01, 0x00, 0x00, 0x00,
    0x44, 0x11, 0x00, 0x00, 0x01, 0x00, 0x00, 0x00, 0x40, 0x11, 0x00, 0x00, 0x44, 0x11, 0x00, 0x00,
    0x01, 0x00, 0x00, 0x00, 0x40, 0x11, 0x00, 0x00, 0x01, 0x00, 0x00, 0x00, 0x3C, 0x11, 0x00, 0x00,
    0x40, 0x11, 0x00, 0x00, 0x01, 0x00, 0x00, 0x00, 0x3C, 0x11, 0x00, 0x00, 0x01, 0x00, 0x00, 0x00,
    0x38, 0x11, 0x00, 0x00, 0x3C, 0x11, 0x00, 0x00, 0x01, 0x00, 0x00, 0x00, 0x38, 0x11, 0x00, 0x00,
    0x01, 0x00, 0x00, 0x00, 0x34, 0x11, 0x00, 0x00, 0x38, 0x11, 0x00, 0x00, 0x01, 0x00, 0x00, 0x00,
    0x34, 0x11, 0x00, 0x00, 0x01, 0x00, 0x00, 0x00, 0x30, 0x11, 0x00, 0x00, 0x34, 0x11, 0x00, 0x00,
    0x01, 0x00, 0x00, 0x00, 0x30, 0x11, 0x00, 0x00, 0x01, 0x00, 0x00, 0x00, 0x2C, 0x11, 0x00, 0x00,
    0x30, 0x11, 0x00, 0x00, 0x01, 0x00, 0x00, 0x00, 0x2C, 0x11, 0x00, 0x00, 0x01, 0x00, 0x00, 0x00,
    0x28, 0x11, 0x00, 0x00, 0x2C, 0x11, 0x00, 0x00, 0x01, 0x00, 0x00, 0x00, 0x28, 0x11, 0x00, 0x00,
    0x01, 0x00, 0x00, 0x00, 0x24, 0x11, 0x00, 0x00, 0x28, 0x11, 0x00, 0x00, 0x01, 0x00, 0x00, 0x00,
    0x24, 0x11, 0x00, 0x00, 0x01, 0x00, 0x00, 0x00, 0x20, 0x11, 0x00, 0x00, 0x24, 0x11, 0x00, 0x00,
    0x01, 0x00, 0x00, 0x00, 0x20, 0x11, 0x00, 0x00, 0x01, 0x00, 0x00, 0x00, 0x1C, 0x11, 0x00, 0x00,
    0x20, 0x11, 0x00, 0x00, 0x01, 0x00, 0x00, 0x00, 0x1C, 0x11, 0x00, 0x00, 0x01, 0x00, 0x00, 0x00,
    0x18, 0x11, 0x00, 0x00, 0x1C, 0x11, 0x00, 0x00, 0x01, 0x00, 0x00, 0x00, 0x18, 0x11, 0x00, 0x00,
    0x01, 0x00, 0x00, 0x00, 0x14, 0x11, 0x00, 0x00, 0x18, 0x11, 0x00, 0x00, 0x01, 0x00, 0x00, 0x00,
    0x14, 0x11, 0x00, 0x00, 0x01, 0x00, 0x00, 0x00, 0x10, 0x11, 0x00, 0x00, 0x14, 0x11, 0x00, 0x00,
    0x01, 0x00, 0x00, 0x00, 0x10, 0x11, 0x00, 0x00, 0x01, 0x00, 0x00, 0x00, 0x0C, 0x11, 0x00, 0x00,
    0x10, 0x11, 0x00, 0x00, 0x01, 0x00, 0x00, 0x00, 0x0C, 0x11, 0x00, 0x00, 0x01, 0x00, 0x00, 0x00,
    0x08, 0x11, 0x00, 0x00, 0x0C, 0x11, 0x00, 0x00, 0x01, 0x00, 0x00, 0x00, 0x08, 0x11, 0x00, 0x00,
    0x01, 0x00, 0x00, 0x00, 0x04, 0x11, 0x00, 0x00, 0x08, 0x11, 0x00, 0x00, 0x01, 0x00, 0x00, 0x00,
    0x04, 0x11, 0x00, 0x00, 0x01, 0x00, 0x00, 0x00, 0x00, 0x11, 0x00, 0x00, 0x04, 0x11, 0x00, 0x00,
    0x01, 0x00, 0x00, 0x00, 0x00, 0x11, 0x00, 0x00, 0x01, 0x00, 0x00, 0x00, 0xFC, 0x10, 0x00, 0x00,
    0x00, 0x11, 0x00, 0x00, 0x00, 0x00, 0x00, 0x00, 0x00, 0x00, 0x00, 0x00, 0x01, 0x00, 0x00, 0x00,
    0xF4, 0x10, 0x00, 0x00, 0xF8, 0x10, 0x00, 0x00, 0x00, 0x00, 0x00, 0x00, 0x00, 0x00, 0x00, 0x00,
    0x01, 0x00, 0x00, 0x00, 0xEC, 0x10, 0x00, 0x00, 0xF0, 0x10, 0x00, 0x00, 0x00, 0x00, 0x00, 0x00,
    0x00, 0x00, 0x00, 0x00, 0x01, 0x00, 0x00, 0x00, 0xE4, 0x10, 0x00, 0x00, 0xE8, 0x10, 0x00, 0x00,
    0x00, 0x00, 0x00, 0x00, 0x00, 0x00, 0x00, 0x00, 0x01, 0x00, 0x00, 0x00, 0xDC, 0x10, 0x00, 0x00,
    0xE0, 0x10, 0x00, 0x00, 0x00, 0x00, 0x00, 0x00, 0x00, 0x00, 0x00, 0x00, 0x01, 0x00, 0x00, 0x00,
    0xD4, 0x10, 0x00, 0x00, 0xD8, 0x10, 0x00, 0x00, 0x00, 0x00, 0x00, 0x00, 0x00, 0x00, 0x00, 0x00,
    0x01, 0x00, 0x00, 0x00, 0xCC, 0x10, 0x00, 0x00, 0xD0, 0x10, 0x00, 0x00, 0x00, 0x00, 0x00, 0x00,
    0x00, 0x00, 0x00, 0x00, 0x00, 0x00, 0x00, 0x00, 0x00, 0x00, 0x00, 0x00, 0x00, 0xE0, 0x00, 0x00,
    0x00, 0xE0, 0x00, 0x00, 0x00, 0xE0, 0x00, 0x00, 0x00, 0xE0, 0x00, 0x00, 0x00, 0xE0, 0x00, 0x00,
    0x00, 0xE0, 0x00, 0x00, 0x00, 0xE0, 0x00, 0x00, 0x00, 0xE0, 0x00, 0x00, 0x00, 0xE0, 0x00, 0x00,
    0x00, 0xE0, 0x00, 0x00, 0x00, 0xE0, 0x00, 0x00, 0x00, 0xE0, 0x00, 0x00, 0x00, 0xE0, 0x00, 0x00,
    0x00, 0xE0, 0x00, 0x00, 0x00, 0xE0, 0x00, 0x00, 0x0E, 0x60, 0x02, 0x00, 0x0E, 0xC0, 0x00, 0xE0,
    0x01, 0x00, 0x00, 0x00, 0x78, 0x10, 0x00, 0x00, 0x00, 0x00, 0x00, 0x00, 0x00, 0xE0, 0x00, 0x00,
    0x00, 0xE0, 0x00, 0x00, 0x00, 0xE0, 0x00, 0x00, 0x00, 0xE0, 0x00, 0x00, 0x00, 0xE0, 0x00, 0x00,
    0x00, 0xE0, 0x00, 0x00, 0x11, 0x60, 0x05, 0x00, 0x0B, 0xC0, 0x00, 0xE0, 0x00, 0xE0, 0x00, 0x00,
    0x00, 0xE0, 0x00, 0x00, 0x00, 0xE0, 0x00, 0x00, 0x0E, 0x60, 0x02, 0x00, 0x0E, 0xC0, 0x00, 0xE0,
    0x01, 0x00, 0x00, 0x00, 0x3C, 0x10, 0x00, 0x00, 0x00, 0x00, 0x00, 0x00, 0x00, 0xE0, 0x00, 0x00,
    0x00, 0xE0, 0x00, 0x00, 0x00, 0xE0, 0x00, 0x00, 0x00, 0xE0, 0x00, 0x00, 0x00, 0xE0, 0x00, 0x00,
    0x00, 0xE0, 0x00, 0x00, 0x11, 0x60, 0x09, 0x00, 0x0B, 0xC0, 0x00, 0xE0, 0x00, 0xE0, 0x00, 0x00,
    0x00, 0xE0, 0x00, 0x00, 0x00, 0xE0, 0x00, 0x00, 0x0E, 0x60, 0x02, 0x00, 0x0E, 0xC0, 0x00, 0xE0,
    0x01, 0x00, 0x00, 0x00, 0x00, 0x10, 0x00, 0x00, 0x00, 0x00, 0x00, 0x00, 0x00, 0xE0, 0x00, 0x00,
    0x00, 0xE0, 0x00, 0x00, 0x00, 0xE0, 0x00, 0x00, 0x00, 0xE0, 0x00, 0x00, 0x00, 0xE0, 0x00, 0x00,
    0x00, 0xE0, 0x00, 0x00, 0x11, 0x60, 0x02, 0x00, 0x0B, 0xC0, 0x00, 0xE0, 0x00, 0xE0, 0x00, 0x00,
    0x00, 0xE0, 0x00, 0x00, 0x00, 0xE0, 0x00, 0x00, 0x0E, 0x60, 0x02, 0x00, 0x0E, 0xC0, 0x00, 0xE0,
    0x01, 0x00, 0x00, 0x00, 0xC4, 0x0F, 0x00, 0x00, 0x00, 0x00, 0x00, 0x00, 0x00, 0xE0, 0x00, 0x00,
    0x00, 0xE0, 0x00, 0x00, 0x00, 0xE0, 0x00, 0x00, 0x00, 0xE0, 0x00, 0x00, 0x00, 0xE0, 0x00, 0x00,
    0x00, 0xE0, 0x00, 0x00, 0x11, 0x60, 0x08, 0x00, 0x0B, 0xC0, 0x00, 0xE0, 0x00, 0xE0, 0x00, 0x00,
    0x00, 0xE0, 0x00, 0x00, 0x00, 0xE0, 0x00, 0x00, 0x0E, 0x60, 0x02, 0x00, 0x0E, 0xC0, 0x00, 0xE0,
    0x01, 0x00, 0x00, 0x00, 0x88, 0x0F, 0x00, 0x00, 0x00, 0x00, 0x00, 0x00, 0x00, 0xE0, 0x00, 0x00,
    0x00, 0xE0, 0x00, 0x00, 0x00, 0xE0, 0x00, 0x00, 0x00, 0xE0, 0x00, 0x00, 0x00, 0xE0, 0x00, 0x00,
    0x00, 0xE0, 0x00, 0x00, 0x11, 0x60, 0x07, 0x00, 0x0B, 0xC0, 0x00, 0xE0, 0x00, 0xE0, 0x00, 0x00,
    0x00, 0xE0, 0x00, 0x00, 0x00, 0xE0, 0x00, 0x00, 0x0E, 0x60, 0x02, 0x00, 0x0E, 0xC0, 0x00, 0xE0,
    0x01, 0x00, 0x00, 0x00, 0x4C, 0x0F, 0x00, 0x00, 0x00, 0x00, 0x00, 0x00, 0x00, 0xE0, 0x00, 0x00,
    0x00, 0xE0, 0x00, 0x00, 0x00, 0xE0, 0x00, 0x00, 0x00, 0xE0, 0x00, 0x00, 0x00, 0xE0, 0x00, 0x00,
    0x00, 0xE0, 0x00, 0x00, 0x11, 0x60, 0x0D, 0x00, 0x0B, 0xC0, 0x00, 0xE0, 0x00, 0xE0, 0x00, 0x00,
    0x00, 0xE0, 0x00, 0x00, 0x00, 0xE0, 0x00, 0x00, 0x0E, 0x60, 0x02, 0x00, 0x0E, 0xC0, 0x00, 0xE0,
    0x01, 0x00, 0x00, 0x00, 0x10, 0x0F, 0x00, 0x00, 0x00, 0x00, 0x00, 0x00, 0x00, 0xE0, 0x00, 0x00,
    0x00, 0xE0, 0x00, 0x00, 0x00, 0xE0, 0x00, 0x00, 0x00, 0xE0, 0x00, 0x00, 0x00, 0xE0, 0x00, 0x00,
    0x00, 0xE0, 0x00, 0x00, 0x11, 0x60, 0x0E, 0x00, 0x0B, 0xC0, 0x00, 0xE0, 0x00, 0xE0, 0x00, 0x00,
    0x00, 0xE0, 0x00, 0x00, 0x00, 0xE0, 0x00, 0x00, 0x0E, 0x60, 0x02, 0x00, 0x0E, 0xC0, 0x00, 0xE0,
    0x01, 0x00, 0x00, 0x00, 0xD4, 0x0E, 0x00, 0x00, 0x00, 0x00, 0x00, 0x00, 0x00, 0xE0, 0x00, 0x00,
    0x00, 0xE0, 0x00, 0x00, 0x00, 0xE0, 0x00, 0x00, 0x00, 0xE0, 0x00, 0x00, 0x00, 0xE0, 0x00, 0x00,
    0x00, 0xE0, 0x00, 0x00, 0x11, 0x60, 0x0F, 0x00, 0x0B, 0xC0, 0x00, 0xE0, 0x00, 0xE0, 0x00, 0x00,
    0x00, 0xE0, 0x00, 0x00, 0x00, 0xE0, 0x00, 0x00, 0x0E, 0x60, 0x02, 0x00, 0x0E, 0xC0, 0x00, 0xE0,
    0x01, 0x00, 0x00, 0x00, 0x98, 0x0E, 0x00, 0x00, 0x00, 0x00, 0x00, 0x00, 0x00, 0xE0, 0x00, 0x00,
    0x00, 0xE0, 0x00, 0x00, 0x00, 0xE0, 0x00, 0x00, 0x00, 0xE0, 0x00, 0x00, 0x00, 0xE0, 0x00, 0x00,
    0x00, 0xE0, 0x00, 0x00, 0x11, 0x60, 0x15, 0x00, 0x0B, 0xC0, 0x00, 0xE0, 0x00, 0xE0, 0x00, 0x00,
    0x00, 0xE0, 0x00, 0x00, 0x00, 0xE0, 0x00, 0x00, 0x0E, 0x60, 0x02, 0x00, 0x0E, 0xC0, 0x00, 0xE0,
    0x01, 0x00, 0x00, 0x00, 0x5C, 0x0E, 0x00, 0x00, 0x00, 0x00, 0x00, 0x00, 0x00, 0xE0, 0x00, 0x00,
    0x00, 0xE0, 0x00, 0x00, 0x00, 0xE0, 0x00, 0x00, 0x00, 0xE0, 0x00, 0x00, 0x00, 0xE0, 0x00, 0x00,
    0x00, 0xE0, 0x00, 0x00, 0x11, 0x60, 0x03, 0x00, 0x0B, 0xC0, 0x00, 0xE0, 0x00, 0xE0, 0x00, 0x00,
    0x00, 0xE0, 0x00, 0x00, 0x00, 0xE0, 0x00, 0x00, 0x0E, 0x60, 0x02, 0x00, 0x0E, 0xC0, 0x00, 0xE0,
    0x01, 0x00, 0x00, 0x00, 0x20, 0x0E, 0x00, 0x00, 0x00, 0x00, 0x00, 0x00, 0x00, 0xE0, 0x00, 0x00,
    0x00, 0xE0, 0x00, 0x00, 0x00, 0xE0, 0x00, 0x00, 0x00, 0xE0, 0x00, 0x00, 0x00, 0xE0, 0x00, 0x00,
    0x00, 0xE0, 0x00, 0x00, 0x0E, 0x60, 0x02, 0x00, 0x0E, 0xC0, 0x00, 0xE0, 0x01, 0x00, 0x00, 0x00,
    0xF8, 0x0D, 0x00, 0x00, 0x00, 0x00, 0x00, 0x00, 0x00, 0xE0, 0x00, 0x00, 0x00, 0xE0, 0x00, 0x00,
    0x00, 0xE0, 0x00, 0x00, 0x11, 0x60, 0x1A, 0x00, 0x0B, 0xC0, 0x00, 0xE0, 0x00, 0xE0, 0x00, 0x00,
    0x00, 0xE0, 0x00, 0x00, 0x00, 0xE0, 0x00, 0x00, 0x00, 0xE0, 0x00, 0x00, 0x00, 0xE0, 0x00, 0x00,
    0x00, 0xE0, 0x00, 0x00, 0x11, 0x60, 0x19, 0x00, 0x0B, 0xC0, 0x00, 0xE0, 0x00, 0xE0, 0x00, 0x00,
    0x00, 0xE0, 0x00, 0x00, 0x00, 0xE0, 0x00, 0x00, 0x0E, 0x60, 0x02, 0x00, 0x0E, 0xC0, 0x00, 0xE0,
    0x01, 0x00, 0x00, 0x00, 0xA8, 0x0D, 0x00, 0x00, 0x00, 0x00, 0x00, 0x00, 0x00, 0xE0, 0x00, 0x00,
    0x00, 0xE0, 0x00, 0x00, 0x00, 0xE0, 0x00, 0x00, 0x00, 0xE0, 0x00, 0x00, 0x00, 0xE0, 0x00, 0x00,
    0x00, 0xE0, 0x00, 0x00, 0x11, 0x60, 0x18, 0x00, 0x0B, 0xC0, 0x00, 0xE0, 0x00, 0xE0, 0x00, 0x00,
    0x00, 0xE0, 0x00, 0x00, 0x00, 0xE0, 0x00, 0x00, 0x0E, 0x60, 0x02, 0x00, 0x0E, 0xC0, 0x00, 0xE0,
    0x01, 0x00, 0x00, 0x00, 0x6C, 0x0D, 0x00, 0x00, 0x00, 0x00, 0x00, 0x00, 0x00, 0xE0, 0x00, 0x00,
    0x00, 0xE0, 0x00, 0x00, 0x00, 0xE0, 0x00, 0x00, 0x00, 0xE0, 0x00, 0x00, 0x00, 0xE0, 0x00, 0x00,
    0x00, 0xE0, 0x00, 0x00, 0x11, 0x60, 0x17, 0x00, 0x0B, 0xC0, 0x00, 0xE0, 0x00, 0xE0, 0x00, 0x00,
    0x00, 0xE0, 0x00, 0x00, 0x00, 0xE0, 0x00, 0x00, 0x0E, 0x60, 0x02, 0x00, 0x0E, 0xC0, 0x00, 0xE0,
    0x01, 0x00, 0x00, 0x00, 0x30, 0x0D, 0x00, 0x00, 0x00, 0x00, 0x00, 0x00, 0x00, 0xE0, 0x00, 0x00,
    0x00, 0xE0, 0x00, 0x00, 0x00, 0xE0, 0x00, 0x00, 0x00, 0xE0, 0x00, 0x00, 0x00, 0xE0, 0x00, 0x00,
    0x00, 0xE0, 0x00, 0x00, 0x11, 0x60, 0x1B, 0x00, 0x0B, 0xC0, 0x00, 0xE0, 0x00, 0xE0, 0x00, 0x00,
    0x00, 0xE0, 0x00, 0x00, 0x00, 0xE0, 0x00, 0x00, 0x0E, 0x60, 0x02, 0x00, 0x0E, 0xC0, 0x00, 0xE0,
    0x01, 0x00, 0x00, 0x00, 0xF4, 0x0C, 0x00, 0x00, 0x00, 0x00, 0x00, 0x00, 0x00, 0xE0, 0x00, 0x00,
    0x00, 0xE0, 0x00, 0x00, 0x00, 0xE0, 0x00, 0x00, 0x00, 0xE0, 0x00, 0x00, 0x00, 0xE0, 0x00, 0x00,
    0x00, 0xE0, 0x00, 0x00, 0x11, 0x60, 0x1C, 0x00, 0x0B, 0xC0, 0x00, 0xE0, 0x00, 0xE0, 0x00, 0x00,
    0x00, 0xE0, 0x00, 0x00, 0x00, 0xE0, 0x00, 0x00, 0x0E, 0x60, 0x02, 0x00, 0x0E, 0xC0, 0x00, 0xE0,
    0x01, 0x00, 0x00, 0x00, 0xB8, 0x0C, 0x00, 0x00, 0x00, 0x00, 0x00, 0x00, 0x00, 0xE0, 0x00, 0x00,
    0x00, 0xE0, 0x00, 0x00, 0x00, 0xE0, 0x00, 0x00, 0x00, 0xE0, 0x00, 0x00, 0x00, 0xE0, 0x00, 0x00,
    0x00, 0xE0, 0x00, 0x00, 0x11, 0x60, 0x1D, 0x00, 0x0B, 0xC0, 0x00, 0xE0, 0x00, 0xE0, 0x00, 0x00,
    0x00, 0xE0, 0x00, 0x00, 0x00, 0xE0, 0x00, 0x00, 0x0E, 0x60, 0x02, 0x00, 0x0E, 0xC0, 0x00, 0xE0,
    0x01, 0x00, 0x00, 0x00, 0x7C, 0x0C, 0x00, 0x00, 0x00, 0x00, 0x00, 0x00, 0x00, 0xE0, 0x00, 0x00,
    0x00, 0xE0, 0x00, 0x00, 0x00, 0xE0, 0x00, 0x00, 0x00, 0xE0, 0x00, 0x00, 0x00, 0xE0, 0x00, 0x00,
    0x00, 0xE0, 0x00, 0x00, 0x11, 0x60, 0x1E, 0x00, 0x0B, 0xC0, 0x00, 0xE0, 0x00, 0xE0, 0x00, 0x00,
    0x00, 0xE0, 0x00, 0x00, 0x00, 0xE0, 0x00, 0x00, 0x0E, 0x60, 0x02, 0x00, 0x0E, 0xC0, 0x00, 0xE0,
    0x01, 0x00, 0x00, 0x00, 0x40, 0x0C, 0x00, 0x00, 0x00, 0x00, 0x00, 0x00, 0x00, 0xE0, 0x00, 0x00,
    0x00, 0xE0, 0x00, 0x00, 0x00, 0xE0, 0x00, 0x00, 0x00, 0xE0, 0x00, 0x00, 0x00, 0xE0, 0x00, 0x00,
    0x00, 0xE0, 0x00, 0x00, 0x11, 0x60, 0x1F, 0x00, 0x0B, 0xC0, 0x00, 0xE0, 0x00, 0xE0, 0x00, 0x00,
    0x00, 0xE0, 0x00, 0x00, 0x00, 0xE0, 0x00, 0x00, 0x0E, 0x60, 0x02, 0x00, 0x0E, 0xC0, 0x00, 0xE0,
    0x01, 0x00, 0x00, 0x00, 0x04, 0x0C, 0x00, 0x00, 0x00, 0x00, 0x00, 0x00, 0x00, 0xE0, 0x00, 0x00,
    0x00, 0xE0, 0x00, 0x00, 0x00, 0xE0, 0x00, 0x00, 0x00, 0xE0, 0x00, 0x00, 0x00, 0xE0, 0x00, 0x00,
    0x00, 0xE0, 0x00, 0x00, 0x11, 0x60, 0x20, 0x00, 0x0B, 0xC0, 0x00, 0xE0, 0x00, 0xE0, 0x00, 0x00,
    0x00, 0xE0, 0x00, 0x00, 0x00, 0xE0, 0x00, 0x00, 0x0E, 0x60, 0x02, 0x00, 0x0E, 0xC0, 0x00, 0xE0,
    0x01, 0x00, 0x00, 0x00, 0xC8, 0x0B, 0x00, 0x00, 0x00, 0x00, 0x00, 0x00, 0x00, 0xE0, 0x00, 0x00,
    0x00, 0xE0, 0x00, 0x00, 0x00, 0xE0, 0x00, 0x00, 0x00, 0xE0, 0x00, 0x00, 0x00, 0xE0, 0x00, 0x00,
    0x00, 0xE0, 0x00, 0x00, 0x11, 0x60, 0x21, 0x00, 0x0B, 0xC0, 0x00, 0xE0, 0x00, 0xE0, 0x00, 0x00,
    0x00, 0xE0, 0x00, 0x00, 0x00, 0xE0, 0x00, 0x00, 0x0E, 0x60, 0x02, 0x00, 0x0E, 0xC0, 0x00, 0xE0,
    0x01, 0x00, 0x00, 0x00, 0x8C, 0x0B, 0x00, 0x00, 0x00, 0x00, 0x00, 0x00, 0x00, 0xE0, 0x00, 0x00,
    0x00, 0xE0, 0x00, 0x00, 0x00, 0xE0, 0x00, 0x00, 0x00, 0xE0, 0x00, 0x00, 0x00, 0xE0, 0x00, 0x00,
    0x00, 0xE0, 0x00, 0x00, 0x11, 0x60, 0x2B, 0x00, 0x0B, 0xC0, 0x00, 0xE0, 0x00, 0xE0, 0x00, 0x00,
    0x00, 0xE0, 0x00, 0x00, 0x00, 0xE0, 0x00, 0x00, 0x0E, 0x60, 0x02, 0x00, 0x0E, 0xC0, 0x00, 0xE0,
    0x01, 0x00, 0x00, 0x00, 0x50, 0x0B, 0x00, 0x00, 0x00, 0x00, 0x00, 0x00, 0x00, 0xE0, 0x00, 0x00,
    0x00, 0xE0, 0x00, 0x00, 0x00, 0xE0, 0x00, 0x00, 0x00, 0xE0, 0x00, 0x00, 0x00, 0xE0, 0x00, 0x00,
    0x00, 0xE0, 0x00, 0x00, 0x0E, 0x60, 0x02, 0x00, 0x0E, 0xC0, 0x00, 0xE0, 0x01, 0x00, 0x00, 0x00,
    0x28, 0x0B, 0x00, 0x00, 0x00, 0x00, 0x00, 0x00, 0x00, 0xE0, 0x00, 0x00, 0x00, 0xE0, 0x00, 0x00,
    0x00, 0xE0, 0x00, 0x00, 0x11, 0x60, 0x27, 0x00, 0x0B, 0xC0, 0x00, 0xE0, 0x00, 0xE0, 0x00, 0x00,
    0x00, 0xE0, 0x00, 0x00, 0x00, 0xE0, 0x00, 0x00, 0x00, 0xE0, 0x00, 0x00, 0x00, 0xE0, 0x00, 0x00,
    0x00, 0xE0, 0x00, 0x00, 0x11, 0x60, 0x26, 0x00, 0x0B, 0xC0, 0x00, 0xE0, 0x00, 0xE0, 0x00, 0x00,
    0x00, 0xE0, 0x00, 0x00, 0x00, 0xE0, 0x00, 0x00, 0x0E, 0x60, 0x02, 0x00, 0x0E, 0xC0, 0x00, 0xE0,
    0x01, 0x00, 0x00, 0x00, 0xD8, 0x0A, 0x00, 0x00, 0x00, 0x00, 0x00, 0x00, 0x00, 0xE0, 0x00, 0x00,
    0x00, 0xE0, 0x00, 0x00, 0x00, 0xE0, 0x00, 0x00, 0x00, 0xE0, 0x00, 0x00, 0x00, 0xE0, 0x00, 0x00,
    0x00, 0xE0, 0x00, 0x00, 0x11, 0x60, 0x25, 0x00, 0x0B, 0xC0, 0x00, 0xE0, 0x00, 0xE0, 0x00, 0x00,
    0x00, 0xE0, 0x00, 0x00, 0x00, 0xE0, 0x00, 0x00, 0x0E, 0x60, 0x02, 0x00, 0x0E, 0xC0, 0x00, 0xE0,
    0x01, 0x00, 0x00, 0x00, 0x9C, 0x0A, 0x00, 0x00, 0x00, 0x00, 0x00, 0x00, 0x00, 0xE0, 0x00, 0x00,
    0x00, 0xE0, 0x00, 0x00, 0x00, 0xE0, 0x00, 0x00, 0x00, 0xE0, 0x00, 0x00, 0x00, 0xE0, 0x00, 0x00,
    0x00, 0xE0, 0x00, 0x00, 0x11, 0x60, 0x24, 0x00, 0x0B, 0xC0, 0x00, 0xE0, 0x00, 0xE0, 0x00, 0x00,
    0x00, 0xE0, 0x00, 0x00, 0x00, 0xE0, 0x00, 0x00, 0x0E, 0x60, 0x02, 0x00, 0x0E, 0xC0, 0x00, 0xE0,
    0x01, 0x00, 0x00, 0x00, 0x60, 0x0A, 0x00, 0x00, 0x00, 0x00, 0x00, 0x00, 0x00, 0xE0, 0x00, 0x00,
    0x00, 0xE0, 0x00, 0x00, 0x00, 0xE0, 0x00, 0x00, 0x00, 0xE0, 0x00, 0x00, 0x00, 0xE0, 0x00, 0x00,
    0x00, 0xE0, 0x00, 0x00, 0x11, 0x60, 0x23, 0x00, 0x0B, 0xC0, 0x00, 0xE0, 0x00, 0xE0, 0x00, 0x00,
    0x00, 0xE0, 0x00, 0x00, 0x00, 0xE0, 0x00, 0x00, 0x0E, 0x60, 0x02, 0x00, 0x0E, 0xC0, 0x00, 0xE0,
    0x01, 0x00, 0x00, 0x00, 0x24, 0x0A, 0x00, 0x00, 0x00, 0x00, 0x00, 0x00, 0x00, 0xE0, 0x00, 0x00,
    0x00, 0xE0, 0x00, 0x00, 0x00, 0xE0, 0x00, 0x00, 0x00, 0xE0, 0x00, 0x00, 0x00, 0xE0, 0x00, 0x00,
    0x00, 0xE0, 0x00, 0x00, 0x11, 0x60, 0x22, 0x00, 0x0B, 0xC0, 0x00, 0xE0, 0x00, 0xE0, 0x00, 0x00,
    0x00, 0xE0, 0x00, 0x00, 0x00, 0xE0, 0x00, 0x00, 0x00, 0xE0, 0x00, 0x00, 0x00, 0xE0, 0x00, 0x00,
    0x00, 0xE0, 0x00, 0x00, 0x00, 0xE0, 0x00, 0x00, 0x00, 0xE0, 0x00, 0x00, 0x00, 0xE0, 0x00, 0x00,
    0x0E, 0x60, 0x02, 0x00, 0x0E, 0xC0, 0x00, 0xE0, 0x01, 0x00, 0x00, 0x00, 0xD0, 0x09, 0x00, 0x00,
    0x00, 0x00, 0x00, 0x00, 0x00, 0xE0, 0x00, 0x00, 0x00, 0xE0, 0x00, 0x00, 0x00, 0xE0, 0x00, 0x00,
    0x00, 0xE0, 0x00, 0x00, 0x00, 0xE0, 0x00, 0x00, 0x00, 0xE0, 0x00, 0x00, 0x11, 0x60, 0x10, 0x00,
    0x0B, 0xC0, 0x00, 0xE0, 0x00, 0xE0, 0x00, 0x00, 0x00, 0xE0, 0x00, 0x00, 0x00, 0xE0, 0x00, 0x00,
    0x0E, 0x60, 0x02, 0x00, 0x0E, 0xC0, 0x00, 0xE0, 0x01, 0x00, 0x00, 0x00, 0x94, 0x09, 0x00, 0x00,
    0x00, 0x00, 0x00, 0x00, 0x00, 0xE0, 0x00, 0x00, 0x00, 0xE0, 0x00, 0x00, 0x00, 0xE0, 0x00, 0x00,
    0x00, 0xE0, 0x00, 0x00, 0x00, 0xE0, 0x00, 0x00, 0x00, 0xE0, 0x00, 0x00, 0x11, 0x60, 0x11, 0x00,
    0x0B, 0xC0, 0x00, 0xE0, 0x00, 0xE0, 0x00, 0x00, 0x00, 0xE0, 0x00, 0x00, 0x00, 0xE0, 0x00, 0x00,
    0x0E, 0x60, 0x02, 0x00, 0x0E, 0xC0, 0x00, 0xE0, 0x01, 0x00, 0x00, 0x00, 0x58, 0x09, 0x00, 0x00,
    0x00, 0x00, 0x00, 0x00, 0x00, 0xE0, 0x00, 0x00, 0x00, 0xE0, 0x00, 0x00, 0x00, 0xE0, 0x00, 0x00,
    0x00, 0xE0, 0x00, 0x00, 0x00, 0xE0, 0x00, 0x00, 0x00, 0xE0, 0x00, 0x00, 0x11, 0x60, 0x12, 0x00,
    0x0B, 0xC0, 0x00, 0xE0, 0x00, 0xE0, 0x00, 0x00, 0x00, 0xE0, 0x00, 0x00, 0x00, 0xE0, 0x00, 0x00,
    0x0E, 0x60, 0x02, 0x00, 0x0E, 0xC0, 0x00, 0xE0, 0x01, 0x00, 0x00, 0x00, 0x1C, 0x09, 0x00, 0x00,
    0x00, 0x00, 0x00, 0x00, 0x00, 0xE0, 0x00, 0x00, 0x00, 0xE0, 0x00, 0x00, 0x00, 0xE0, 0x00, 0x00,
    0x00, 0xE0, 0x00, 0x00, 0x00, 0xE0, 0x00, 0x00, 0x00, 0xE0, 0x00, 0x00, 0x11, 0x60, 0x28, 0x00,
    0x0B, 0xC0, 0x00, 0xE0, 0x00, 0xE0, 0x00, 0x00, 0x00, 0xE0, 0x00, 0x00, 0x00, 0xE0, 0x00, 0x00,
    0x0E, 0x60, 0x02, 0x00, 0x0E, 0xC0, 0x00, 0xE0, 0x01, 0x00, 0x00, 0x00, 0xE0, 0x08, 0x00, 0x00,
    0x00, 0x00, 0x00, 0x00, 0x00, 0xE0, 0x00, 0x00, 0x00, 0xE0, 0x00, 0x00, 0x00, 0xE0, 0x00, 0x00,
    0x00, 0xE0, 0x00, 0x00, 0x00, 0xE0, 0x00, 0x00, 0x00, 0xE0, 0x00, 0x00, 0x11, 0x60, 0x29, 0x00,
    0x0B, 0xC0, 0x00, 0xE0, 0x00, 0xE0, 0x00, 0x00, 0x00, 0xE0, 0x00, 0x00, 0x00, 0xE0, 0x00, 0x00,
    0x0E, 0x60, 0x02, 0x00, 0x0E, 0xC0, 0x00, 0xE0, 0x01, 0x00, 0x00, 0x00, 0xA4, 0x08, 0x00, 0x00,
    0x00, 0x00, 0x00, 0x00, 0x00, 0xE0, 0x00, 0x00, 0x00, 0xE0, 0x00, 0x00, 0x00, 0xE0, 0x00, 0x00,
    0x00, 0xE0, 0x00, 0x00, 0x00, 0xE0, 0x00, 0x00, 0x00, 0xE0, 0x00, 0x00, 0x11, 0x60, 0x2A, 0x00,
    0x0B, 0xC0, 0x00, 0xE0, 0x00, 0x00, 0x00, 0x00, 0x00, 0x00, 0x00, 0x00, 0x01, 0x00, 0x00, 0x00,
    0x74, 0x08, 0x00, 0x00, 0x78, 0x08, 0x00, 0x00, 0x00, 0x00, 0x00, 0x00, 0x00, 0x00, 0x00, 0x00,
    0x01, 0x00, 0x00, 0x00, 0x6C, 0x08, 0x00, 0x00, 0x70, 0x08, 0x00, 0x00, 0x00, 0x00, 0x00, 0x00,
    0x00, 0x00, 0x00, 0x00, 0x01, 0x00, 0x00, 0x00, 0x64, 0x08, 0x00, 0x00, 0x68, 0x08, 0x00, 0x00,
    0x00, 0x00, 0x00, 0x00, 0x00, 0x00, 0x00, 0x00, 0x01, 0x00, 0x00, 0x00, 0x5C, 0x08, 0x00, 0x00,
    0x60, 0x08, 0x00, 0x00, 0x00, 0x00, 0x00, 0x00, 0x00, 0x00, 0x00, 0x00, 0x01, 0x00, 0x00, 0x00,
    0x54, 0x08, 0x00, 0x00, 0x58, 0x08, 0x00, 0x00, 0x00, 0x00, 0x00, 0x00, 0x00, 0x00, 0x00, 0x00,
    0x01, 0x00, 0x00, 0x00, 0x4C, 0x08, 0x00, 0x00, 0x50, 0x08, 0x00, 0x00, 0x00, 0x00, 0x00, 0x00,
    0x00, 0x00, 0x00, 0x00, 0x01, 0x00, 0x00, 0x00, 0x44, 0x08, 0x00, 0x00, 0x48, 0x08, 0x00, 0x00,
    0x00, 0x00, 0x00, 0x00, 0x00, 0x00, 0x00, 0x00, 0x01, 0x00, 0x00, 0x00, 0x3C, 0x08, 0x00, 0x00,
    0x40, 0x08, 0x00, 0x00, 0x00, 0x00, 0x00, 0x00, 0x00, 0x00, 0x00, 0x00, 0x01, 0x00, 0x00, 0x00,
    0x34, 0x08, 0x00, 0x00, 0x38, 0x08, 0x00, 0x00, 0x00, 0x00, 0x00, 0x00, 0x00, 0x00, 0x00, 0x00,
    0x01, 0x00, 0x00, 0x00, 0x2C, 0x08, 0x00, 0x00, 0x30, 0x08, 0x00, 0x00, 0x00, 0x00, 0x00, 0x00,
    0x00, 0x00, 0x00, 0x00, 0x01, 0x00, 0x00, 0x00, 0x24, 0x08, 0x00, 0x00, 0x28, 0x08, 0x00, 0x00,
    0x00, 0x00, 0x00, 0x00, 0x00, 0x00, 0x00, 0x00, 0x01, 0x00, 0x00, 0x00, 0x1C, 0x08, 0x00, 0x00,
    0x20, 0x08, 0x00, 0x00, 0x00, 0x00, 0x00, 0x00, 0x00, 0x00, 0x00, 0x00, 0x01, 0x00, 0x00, 0x00,
    0x14, 0x08, 0x00, 0x00, 0x18, 0x08, 0x00, 0x00, 0x00, 0x00, 0x00, 0x00, 0x00, 0x00, 0x00, 0x00,
    0x01, 0x00, 0x00, 0x00, 0x0C, 0x08, 0x00, 0x00, 0x10, 0x08, 0x00, 0x00, 0x00, 0x00, 0x00, 0x00,
    0x00, 0x00, 0x00, 0x00, 0x01, 0x00, 0x00, 0x00, 0x04, 0x08, 0x00, 0x00, 0x08, 0x08, 0x00, 0x00,
    0x00, 0x00, 0x00, 0x00, 0x00, 0x00, 0x00, 0x00, 0x01, 0x00, 0x00, 0x00, 0xFC, 0x07, 0x00, 0x00,
    0x00, 0x08, 0x00, 0x00, 0x00, 0x00, 0x00, 0x00, 0x00, 0x00, 0x00, 0x00, 0x01, 0x00, 0x00, 0x00,
    0xF4, 0x07, 0x00, 0x00, 0xF8, 0x07, 0x00, 0x00, 0x00, 0x00, 0x00, 0x00, 0x00, 0x00, 0x00, 0x00,
    0x01, 0x00, 0x00, 0x00, 0xEC, 0x07, 0x00, 0x00, 0xF0, 0x07, 0x00, 0x00, 0x00, 0x00, 0x00, 0x00,
    0x00, 0x00, 0x00, 0x00, 0x01, 0x00, 0x00, 0x00, 0xE4, 0x07, 0x00, 0x00, 0xE8, 0x07, 0x00, 0x00,
    0x00, 0x00, 0x00, 0x00, 0x00, 0x00, 0x00, 0x00, 0x01, 0x00, 0x00, 0x00, 0xDC, 0x07, 0x00, 0x00,
    0xE0, 0x07, 0x00, 0x00, 0x00, 0x00, 0x00, 0x00, 0x00, 0x00, 0x00, 0x00, 0x01, 0x00, 0x00, 0x00,
    0xD4, 0x07, 0x00, 0x00, 0xD8, 0x07, 0x00, 0x00, 0x00, 0x00, 0x00, 0x00, 0x00, 0x00, 0x00, 0x00,
    0x01, 0x00, 0x00, 0x00, 0xCC, 0x07, 0x00, 0x00, 0xD0, 0x07, 0x00, 0x00, 0x00, 0x00, 0x00, 0x00,
    0x00, 0x00, 0x00, 0x00, 0x01, 0x00, 0x00, 0x00, 0xC4, 0x07, 0x00, 0x00, 0xC8, 0x07, 0x00, 0x00,
    0x00, 0x00, 0x00, 0x00, 0x00, 0x00, 0x00, 0x00, 0x01, 0x00, 0x00, 0x00, 0xBC, 0x07, 0x00, 0x00,
    0xC0, 0x07, 0x00, 0x00, 0x00, 0x00, 0x00, 0x00, 0x00, 0x00, 0x00, 0x00, 0x01, 0x00, 0x00, 0x00,
    0xB4, 0x07, 0x00, 0x00, 0xB8, 0x07, 0x00, 0x00, 0x00, 0x00, 0x00, 0x00, 0x00, 0x00, 0x00, 0x00,
    0x01, 0x00, 0x00, 0x00, 0xAC, 0x07, 0x00, 0x00, 0xB0, 0x07, 0x00, 0x00, 0x00, 0x00, 0x00, 0x00,
    0x00, 0x00, 0x00, 0x00, 0x01, 0x00, 0x00, 0x00, 0xA4, 0x07, 0x00, 0x00, 0xA8, 0x07, 0x00, 0x00,
    0x00, 0x00, 0x00, 0x00, 0x00, 0x00, 0x00, 0x00, 0x01, 0x00, 0x00, 0x00, 0x9C, 0x07, 0x00, 0x00,
    0xA0, 0x07, 0x00, 0x00, 0x00, 0x00, 0x00, 0x00, 0x00, 0x00, 0x00, 0x00, 0x01, 0x00, 0x00, 0x00,
    0x94, 0x07, 0x00, 0x00, 0x98, 0x07, 0x00, 0x00, 0x00, 0x00, 0x00, 0x00, 0x00, 0x00, 0x00, 0x00,
    0x01, 0x00, 0x00, 0x00, 0x8C, 0x07, 0x00, 0x00, 0x90, 0x07, 0x00, 0x00, 0x00, 0x00, 0x00, 0x00,
    0x00, 0x00, 0x00, 0x00, 0x01, 0x00, 0x00, 0x00, 0x84, 0x07, 0x00, 0x00, 0x88, 0x07, 0x00, 0x00,
    0x00, 0x00, 0x00, 0x00, 0x00, 0x00, 0x00, 0x00, 0x01, 0x00, 0x00, 0x00, 0x7C, 0x07, 0x00, 0x00,
    0x80, 0x07, 0x00, 0x00, 0x00, 0x00, 0x00, 0x00, 0x00, 0x00, 0x00, 0x00, 0x01, 0x00, 0x00, 0x00,
    0x74, 0x07, 0x00, 0x00, 0x78, 0x07, 0x00, 0x00, 0x00, 0x00, 0x00, 0x00, 0x00, 0x00, 0x00, 0x00,
    0x01, 0x00, 0x00, 0x00, 0x6C, 0x07, 0x00, 0x00, 0x70, 0x07, 0x00, 0x00, 0x01, 0x00, 0x00, 0x00,
    0x6C, 0x07, 0x00, 0x00, 0x01, 0x00, 0x00, 0x00, 0x68, 0x07, 0x00, 0x00, 0x6C, 0x07, 0x00, 0x00,
    0x01, 0x00, 0x00, 0x00, 0x6C, 0x07, 0x00, 0x00, 0x01, 0x00, 0x00, 0x00, 0x68, 0x07, 0x00, 0x00,
    0x6C, 0x07, 0x00, 0x00, 0x01, 0x00, 0x00, 0x00, 0x6C, 0x07, 0x00, 0x00, 0x01, 0x00, 0x00, 0x00,
    0x68, 0x07, 0x00, 0x00, 0x6C, 0x07, 0x00, 0x00, 0x01, 0x00, 0x00, 0x00, 0x6C, 0x07, 0x00, 0x00,
    0x01, 0x00, 0x00, 0x00, 0x68, 0x07, 0x00, 0x00, 0x6C, 0x07, 0x00, 0x00, 0x01, 0x00, 0x00, 0x00,
    0x68, 0x07, 0x00, 0x00, 0x01, 0x00, 0x00, 0x00, 0x01, 0x00, 0x00, 0x00, 0x60, 0x07, 0x00, 0x00,
    0x01, 0x00, 0x00, 0x00, 0x5C, 0x07, 0x00, 0x00, 0x60, 0x07, 0x00, 0x00, 0x01, 0x00, 0x00, 0x00,
    0x5C, 0x07, 0x00, 0x00, 0x01, 0x00, 0x00, 0x00, 0x58, 0x07, 0x00, 0x00, 0x5C, 0x07, 0x00, 0x00,
    0x01, 0x00, 0x00, 0x00, 0x58, 0x07, 0x00, 0x00, 0x01, 0x00, 0x00, 0x00, 0x54, 0x07, 0x00, 0x00,
    0x58, 0x07, 0x00, 0x00, 0x01, 0x00, 0x00, 0x00, 0x54, 0x07, 0x00, 0x00, 0x01, 0x00, 0x00, 0x00,
    0x50, 0x07, 0x00, 0x00, 0x54, 0x07, 0x00, 0x00, 0x01, 0x00, 0x00, 0x00, 0x50, 0x07, 0x00, 0x00,
    0x01, 0x00, 0x00, 0x00, 0x01, 0x00, 0x00, 0x00, 0x48, 0x07, 0x00, 0x00, 0x01, 0x00, 0x00, 0x00,
    0x44, 0x07, 0x00, 0x00, 0x48, 0x07, 0x00, 0x00, 0x01, 0x00, 0x00, 0x00, 0x44, 0x07, 0x00, 0x00,
    0x01, 0x00, 0x00, 0x00, 0x40, 0x07, 0x00, 0x00, 0x44, 0x07, 0x00, 0x00, 0x01, 0x00, 0x00, 0x00,
    0x40, 0x07, 0x00, 0x00, 0x01, 0x00, 0x00, 0x00, 0x3C, 0x07, 0x00, 0x00, 0x40, 0x07, 0x00, 0x00,
    0x01, 0x00, 0x00, 0x00, 0x3C, 0x07, 0x00, 0x00, 0x01, 0x00, 0x00, 0x00, 0x38, 0x07, 0x00, 0x00,
    0x3C, 0x07, 0x00, 0x00, 0x01, 0x00, 0x00, 0x00, 0x38, 0x07, 0x00, 0x00, 0x01, 0x00, 0x00, 0x00,
    0x01, 0x00, 0x00, 0x00, 0x30, 0x07, 0x00, 0x00, 0x01, 0x00, 0x00, 0x00, 0x2C, 0x07, 0x00, 0x00,
    0x30, 0x07, 0x00, 0x00, 0x01, 0x00, 0x00, 0x00, 0x2C, 0x07, 0x00, 0x00, 0x01, 0x00, 0x00, 0x00,
    0x28, 0x07, 0x00, 0x00, 0x2C, 0x07, 0x00, 0x00, 0x01, 0x00, 0x00, 0x00, 0x28, 0x07, 0x00, 0x00,
    0x01, 0x00, 0x00, 0x00, 0x24, 0x07, 0x00, 0x00, 0x28, 0x07, 0x00, 0x00, 0x01, 0x00, 0x00, 0x00,
    0x24, 0x07, 0x00, 0x00, 0x01, 0x00, 0x00, 0x00, 0x20, 0x07, 0x00, 0x00, 0x24, 0x07, 0x00, 0x00,
    0x01, 0x00, 0x00, 0x00, 0x20, 0x07, 0x00, 0x00, 0x01, 0x00, 0x00, 0x00, 0x01, 0x00, 0x00, 0x00,
    0x18, 0x07, 0x00, 0x00, 0x01, 0x00, 0x00, 0x00, 0x14, 0x07, 0x00, 0x00, 0x20, 0x07, 0x00, 0x00,
    0x20, 0x07, 0x00, 0x00, 0x2C, 0x07, 0x00, 0x00, 0x2C, 0x07, 0x00, 0x00, 0x38, 0x07, 0x00, 0x00,
    0x38, 0x07, 0x00, 0x00, 0x44, 0x07, 0x00, 0x00, 0x44, 0x07, 0x00, 0x00, 0x50, 0x07, 0x00, 0x00,
    0x50, 0x07, 0x00, 0x00, 0x54, 0x07, 0x00, 0x00, 0x54, 0x07, 0x00, 0x00, 0x58, 0x07, 0x00, 0x00,
    0x58, 0x07, 0x00, 0x00, 0x5C, 0x07, 0x00, 0x00, 0x5C, 0x07, 0x00, 0x00, 0x60, 0x07, 0x00, 0x00,
    0x60, 0x07, 0x00, 0x00, 0x64, 0x07, 0x00, 0x00, 0x64, 0x07, 0x00, 0x00, 0x68, 0x07, 0x00, 0x00,
    0x68, 0x07, 0x00, 0x00, 0x6C, 0x07, 0x00, 0x00, 0x6C, 0x07, 0x00, 0x00, 0x70, 0x07, 0x00, 0x00,
    0x01, 0x00, 0x00, 0x00, 0x70, 0x07, 0x00, 0x00, 0x01, 0x00, 0x00, 0x00, 0x6C, 0x07, 0x00, 0x00,
    0x6C, 0x07, 0x00, 0x00, 0x6C, 0x07, 0x00, 0x00, 0x6C, 0x07, 0x00, 0x00, 0x6C, 0x07, 0x00, 0x00,
    0x6C, 0x07, 0x00, 0x00, 0x6C, 0x07, 0x00, 0x00, 0x6C, 0x07, 0x00, 0x00, 0x6C, 0x07, 0x00, 0x00,
    0x6C, 0x07, 0x00, 0x00, 0x6C, 0x07, 0x00, 0x00, 0x6C, 0x07, 0x00, 0x00, 0x6C, 0x07, 0x00, 0x00,
    0x6C, 0x07, 0x00, 0x00, 0x6C, 0x07, 0x00, 0x00, 0x6C, 0x07, 0x00, 0x00, 0x6C, 0x07, 0x00, 0x00,
    0x6C, 0x07, 0x00, 0x00, 0x6C, 0x07, 0x00, 0x00, 0x6C, 0x07, 0x00, 0x00, 0x6C, 0x07, 0x00, 0x00,
    0x6C, 0x07, 0x00, 0x00, 0x6C, 0x07, 0x00, 0x00, 0x6C, 0x07, 0x00, 0x00, 0x6C, 0x07, 0x00, 0x00,
    0x6C, 0x07, 0x00, 0x00, 0x6C, 0x07, 0x00, 0x00, 0x6C, 0x07, 0x00, 0x00, 0x6C, 0x07, 0x00, 0x00,
    0x6C, 0x07, 0x00, 0x00, 0x6C, 0x07, 0x00, 0x00, 0x6C, 0x07, 0x00, 0x00, 0x6C, 0x07, 0x00, 0x00,
    0x6C, 0x07, 0x00, 0x00, 0x6C, 0x07, 0x00, 0x00, 0x6C, 0x07, 0x00, 0x00, 0x6C, 0x07, 0x00, 0x00,
    0x6C, 0x07, 0x00, 0x00, 0x6C, 0x07, 0x00, 0x00, 0x6C, 0x07, 0x00, 0x00, 0x6C, 0x07, 0x00, 0x00,
    0x6C, 0x07, 0x00, 0x00, 0x6C, 0x07, 0x00, 0x00, 0x6C, 0x07, 0x00, 0x00, 0x6C, 0x07, 0x00, 0x00,
    0x6C, 0x07, 0x00, 0x00, 0x6C, 0x07, 0x00, 0x00, 0x6C, 0x07, 0x00, 0x00, 0x6C, 0x07, 0x00, 0x00,
    0x6C, 0x07, 0x00, 0x00, 0x09, 0x60, 0x00, 0xF0, 0x07, 0x00, 0x00, 0x00, 0x05, 0x00, 0x00, 0xE0,
    0x09, 0x60, 0x00, 0xF0, 0x07, 0x00, 0x00, 0x00, 0x09, 0x00, 0x00, 0xE0, 0x09, 0x60, 0x00, 0xF0,
    0x07, 0x00, 0x00, 0x00, 0x02, 0x00, 0x00, 0xE0, 0x09, 0x60, 0x00, 0xF0, 0x07, 0x00, 0x00, 0x00,
    0x08, 0x00, 0x00, 0xE0, 0x3C, 0x07, 0x00, 0x00, 0x11, 0x60, 0x00, 0xF0, 0x07, 0x00, 0x00, 0x00,
    0x05, 0x00, 0x00, 0xE0, 0x30, 0x07, 0x00, 0x00, 0x11, 0x60, 0x00, 0xF0, 0x07, 0x00, 0x00, 0x00,
    0x09, 0x00, 0x00, 0xE0, 0x24, 0x07, 0x00, 0x00, 0x11, 0x60, 0x00, 0xF0, 0x07, 0x00, 0x00, 0x00,
    0x02, 0x00, 0x00, 0xE0, 0x18, 0x07, 0x00, 0x00, 0x11, 0x60, 0x00, 0xF0, 0x07, 0x00, 0x00, 0x00,
    0x08, 0x00, 0x00, 0xE0, 0x0C, 0x07, 0x00, 0x00, 0x11, 0x60, 0x00, 0xF0, 0x07, 0x00, 0x00, 0x00,
    0x07, 0x00, 0x00, 0xE0, 0x00, 0x07, 0x00, 0x00, 0x11, 0x60, 0x00, 0xF0, 0x07, 0x00, 0x00, 0x00,
    0x0D, 0x00, 0x00, 0xE0, 0xF4, 0x06, 0x00, 0x00, 0x11, 0x60, 0x00, 0xF0, 0x07, 0x00, 0x00, 0x00,
    0x0E, 0x00, 0x00, 0xE0, 0xE8, 0x06, 0x00, 0x00, 0x11, 0x60, 0x00, 0xF0, 0x07, 0x00, 0x00, 0x00,
    0x17, 0x00, 0x00, 0xE0, 0xDC, 0x06, 0x00, 0x00, 0x11, 0x60, 0x00, 0xF0, 0x07, 0x00, 0x00, 0x00,
    0x18, 0x00, 0x00, 0xE0, 0xD0, 0x06, 0x00, 0x00, 0x11, 0x60, 0x00, 0xF0, 0x07, 0x00, 0x00, 0x00,
    0x19, 0x00, 0x00, 0xE0, 0xC4, 0x06, 0x00, 0x00, 0x11, 0x60, 0x00, 0xF0, 0x07, 0x00, 0x00, 0x00,
    0x1A, 0x00, 0x00, 0xE0, 0xB8, 0x06, 0x00, 0x00, 0x11, 0x60, 0x00, 0xF0, 0x07, 0x00, 0x00, 0x00,
    0x03, 0x00, 0x00, 0xE0, 0xAC, 0x06, 0x00, 0x00, 0x11, 0x60, 0x00, 0xF0, 0x07, 0x00, 0x00, 0x00,
    0x15, 0x00, 0x00, 0xE0, 0xA0, 0x06, 0x00, 0x00, 0x11, 0x60, 0x00, 0xF0, 0x07, 0x00, 0x00, 0x00,
    0x1B, 0x00, 0x00, 0xE0, 0x94, 0x06, 0x00, 0x00, 0x11, 0x60, 0x00, 0xF0, 0x07, 0x00, 0x00, 0x00,
    0x1C, 0x00, 0x00, 0xE0, 0x88, 0x06, 0x00, 0x00, 0x11, 0x60, 0x00, 0xF0, 0x07, 0x00, 0x00, 0x00,
    0x1D, 0x00, 0x00, 0xE0, 0x7C, 0x06, 0x00, 0x00, 0x11, 0x60, 0x00, 0xF0, 0x07, 0x00, 0x00, 0x00,
    0x1E, 0x00, 0x00, 0xE0, 0x70, 0x06, 0x00, 0x00, 0x11, 0x60, 0x00, 0xF0, 0x07, 0x00, 0x00, 0x00,
    0x1F, 0x00, 0x00, 0xE0, 0x64, 0x06, 0x00, 0x00, 0x11, 0x60, 0x00, 0xF0, 0x07, 0x00, 0x00, 0x00,
    0x20, 0x00, 0x00, 0xE0, 0x58, 0x06, 0x00, 0x00, 0x11, 0x60, 0x00, 0xF0, 0x07, 0x00, 0x00, 0x00,
    0x0F, 0x00, 0x00, 0xE0, 0x4C, 0x06, 0x00, 0x00, 0x11, 0x60, 0x00, 0xF0, 0x07, 0x00, 0x00, 0x00,
    0x21, 0x00, 0x00, 0xE0, 0x40, 0x06, 0x00, 0x00, 0x11, 0x60, 0x00, 0xF0, 0x07, 0x00, 0x00, 0x00,
    0x22, 0x00, 0x00, 0xE0, 0x34, 0x06, 0x00, 0x00, 0x11, 0x60, 0x00, 0xF0, 0x07, 0x00, 0x00, 0x00,
    0x23, 0x00, 0x00, 0xE0, 0x28, 0x06, 0x00, 0x00, 0x11, 0x60, 0x00, 0xF0, 0x07, 0x00, 0x00, 0x00,
    0x24, 0x00, 0x00, 0xE0, 0x1C, 0x06, 0x00, 0x00, 0x11, 0x60, 0x00, 0xF0, 0x07, 0x00, 0x00, 0x00,
    0x25, 0x00, 0x00, 0xE0, 0x10, 0x06, 0x00, 0x00, 0x11, 0x60, 0x00, 0xF0, 0x07, 0x00, 0x00, 0x00,
    0x26, 0x00, 0x00, 0xE0, 0x04, 0x06, 0x00, 0x00, 0x11, 0x60, 0x00, 0xF0, 0x07, 0x00, 0x00, 0x00,
    0x27, 0x00, 0x00, 0xE0, 0xF8, 0x05, 0x00, 0x00, 0x11, 0x60, 0x00, 0xF0, 0x07, 0x00, 0x00, 0x00,
    0x10, 0x00, 0x00, 0xE0, 0xEC, 0x05, 0x00, 0x00, 0x11, 0x60, 0x00, 0xF0, 0x07, 0x00, 0x00, 0x00,
    0x11, 0x00, 0x00, 0xE0, 0xE0, 0x05, 0x00, 0x00, 0x11, 0x60, 0x00, 0xF0, 0x07, 0x00, 0x00, 0x00,
    0x12, 0x00, 0x00, 0xE0, 0xD4, 0x05, 0x00, 0x00, 0x11, 0x60, 0x00, 0xF0, 0x07, 0x00, 0x00, 0x00,
    0x28, 0x00, 0x00, 0xE0, 0xC8, 0x05, 0x00, 0x00, 0x11, 0x60, 0x00, 0xF0, 0x07, 0x00, 0x00, 0x00,
    0x29, 0x00, 0x00, 0xE0, 0xBC, 0x05, 0x00, 0x00, 0x11, 0x60, 0x00, 0xF0, 0x07, 0x00, 0x00, 0x00,
    0x2A, 0x00, 0x00, 0xE0, 0xB0, 0x05, 0x00, 0x00, 0x11, 0x60, 0x00, 0xF0, 0x07, 0x00, 0x00, 0x00,
    0x2B, 0x00, 0x00, 0xE0, 0x09, 0x60, 0x00, 0xF0, 0x07, 0x00, 0x00, 0x00, 0x10, 0x00, 0x00, 0xE0,
    0x09, 0x60, 0x00, 0xF0, 0x07, 0x00, 0x00, 0x00, 0x11, 0x00, 0x00, 0xE0, 0x09, 0x60, 0x00, 0xF0,
    0x07, 0x00, 0x00, 0x00, 0x07, 0x00, 0x00, 0xE0, 0x09, 0x60, 0x00, 0xF0, 0x07, 0x00, 0x00, 0x00,
    0x0D, 0x00, 0x00, 0xE0, 0x09, 0x60, 0x00, 0xF0, 0x07, 0x00, 0x00, 0x00, 0x0F, 0x00, 0x00, 0xE0,
    0x09, 0x60, 0x00, 0xF0, 0x07, 0x00, 0x00, 0x00, 0x0E, 0x00, 0x00, 0xE0, 0x5C, 0x05, 0x00, 0x00,
    0x5C, 0x05, 0x00, 0x00, 0x5C, 0x05, 0x00, 0x00, 0x5C, 0x05, 0x00, 0x00, 0x5C, 0x05, 0x00, 0x00,
    0x5C, 0x05, 0x00, 0x00, 0x5C, 0x05, 0x00, 0x00, 0x5C, 0x05, 0x00, 0x00, 0x5C, 0x05, 0x00, 0x00,
    0x5C, 0x05, 0x00, 0x00, 0x5C, 0x05, 0x00, 0x00, 0x5C, 0x05, 0x00, 0x00, 0x5C, 0x05, 0x00, 0x00,
    0x5C, 0x05, 0x00, 0x00, 0x5C, 0x05, 0x00, 0x00, 0x5C, 0x05, 0x00, 0x00, 0x5C, 0x05, 0x00, 0x00,
    0x5C, 0x05, 0x00, 0x00, 0x5C, 0x05, 0x00, 0x00, 0x5C, 0x05, 0x00, 0x00, 0x5C, 0x05, 0x00, 0x00,
    0x5C, 0x05, 0x00, 0x00, 0x5C, 0x05, 0x00, 0x00, 0x5C, 0x05, 0x00, 0x00, 0x5C, 0x05, 0x00, 0x00,
    0x5C, 0x05, 0x00, 0x00, 0x5C, 0x05, 0x00, 0x00, 0x5C, 0x05, 0x00, 0x00, 0x5C, 0x05, 0x00, 0x00,
    0x5C, 0x05, 0x00, 0x00, 0x5C, 0x05, 0x00, 0x00, 0x5C, 0x05, 0x00, 0x00, 0x5C, 0x05, 0x00, 0x00,
    0x5C, 0x05, 0x00, 0x00, 0x11, 0x60, 0x00, 0xF0, 0x07, 0x00, 0x00, 0x00, 0x09, 0x00, 0x00, 0xE0,
    0x11, 0x60, 0x00, 0xF0, 0x07, 0x00, 0x00, 0x00, 0x05, 0x00, 0x00, 0xE0, 0x11, 0x60, 0x00, 0xF0,
    0x07, 0x00, 0x00, 0x00, 0x08, 0x00, 0x00, 0xE0, 0x11, 0x60, 0x00, 0xF0, 0x07, 0x00, 0x00, 0x00,
    0x02, 0x00, 0x00, 0xE0, 0x11, 0x60, 0x00, 0xF0, 0x07, 0x00, 0x00, 0x00, 0x07, 0x00, 0x00, 0xE0,
    0x11, 0x60, 0x00, 0xF0, 0x07, 0x00, 0x00, 0x00, 0x0D, 0x00, 0x00, 0xE0, 0x11, 0x60, 0x00, 0xF0,
    0x07, 0x00, 0x00, 0x00, 0x0E, 0x00, 0x00, 0xE0, 0x11, 0x60, 0x00, 0xF0, 0x07, 0x00, 0x00, 0x00,
    0x0F, 0x00, 0x00, 0xE0, 0x11, 0x60, 0x00, 0xF0, 0x07, 0x00, 0x00, 0x00, 0x15, 0x00, 0x00, 0xE0,
    0x11, 0x60, 0x00, 0xF0, 0x07, 0x00, 0x00, 0x00, 0x03, 0x00, 0x00, 0xE0, 0x11, 0x60, 0x00, 0xF0,
    0x07, 0x00, 0x00, 0x00, 0x1A, 0x00, 0x00, 0xE0, 0x11, 0x60, 0x00, 0xF0, 0x07, 0x00, 0x00, 0x00,
    0x19, 0x00, 0x00, 0xE0, 0x11, 0x60, 0x00, 0xF0, 0x07, 0x00, 0x00, 0x00, 0x18, 0x00, 0x00, 0xE0,
    0x11, 0x60, 0x00, 0xF0, 0x07, 0x00, 0x00, 0x00, 0x17, 0x00, 0x00, 0xE0, 0x11, 0x60, 0x00, 0xF0,
    0x07, 0x00, 0x00, 0x00, 0x1B, 0x00, 0x00, 0xE0, 0x11, 0x60, 0x00, 0xF0, 0x07, 0x00, 0x00, 0x00,
    0x1C, 0x00, 0x00, 0xE0, 0x11, 0x60, 0x00, 0xF0, 0x07, 0x00, 0x00, 0x00, 0x1E, 0x00, 0x00, 0xE0,
    0x11, 0x60, 0x00, 0xF0, 0x07, 0x00, 0x00, 0x00, 0x1D, 0x00, 0x00, 0xE0, 0x11, 0x60, 0x00, 0xF0,
    0x07, 0x00, 0x00, 0x00, 0x1F, 0x00, 0x00, 0xE0, 0x11, 0x60, 0x00, 0xF0, 0x07, 0x00, 0x00, 0x00,
    0x20, 0x00, 0x00, 0xE0, 0x11, 0x60, 0x00, 0xF0, 0x07, 0x00, 0x00, 0x00, 0x21, 0x00, 0x00, 0xE0,
    0x11, 0x60, 0x00, 0xF0, 0x07, 0x00, 0x00, 0x00, 0x2B, 0x00, 0x00, 0xE0, 0x11, 0x60, 0x00, 0xF0,
    0x07, 0x00, 0x00, 0x00, 0x27, 0x00, 0x00, 0xE0, 0x11, 0x60, 0x00, 0xF0, 0x07, 0x00, 0x00, 0x00,
    0x26, 0x00, 0x00, 0xE0, 0x11, 0x60, 0x00, 0xF0, 0x07, 0x00, 0x00, 0x00, 0x25, 0x00, 0x00, 0xE0,
    0x11, 0x60, 0x00, 0xF0, 0x07, 0x00, 0x00, 0x00, 0x24, 0x00, 0x00, 0xE0, 0x11, 0x60, 0x00, 0xF0,
    0x07, 0x00, 0x00, 0x00, 0x23, 0x00, 0x00, 0xE0, 0x11, 0x60, 0x00, 0xF0, 0x07, 0x00, 0x00, 0x00,
    0x22, 0x00, 0x00, 0xE0, 0x11, 0x60, 0x00, 0xF0, 0x07, 0x00, 0x00, 0x00, 0x10, 0x00, 0x00, 0xE0,
    0x11, 0x60, 0x00, 0xF0, 0x07, 0x00, 0x00, 0x00, 0x11, 0x00, 0x00, 0xE0, 0x11, 0x60, 0x00, 0xF0,
    0x07, 0x00, 0x00, 0x00, 0x12, 0x00, 0x00, 0xE0, 0x11, 0x60, 0x00, 0xF0, 0x07, 0x00, 0x00, 0x00,
    0x28, 0x00, 0x00, 0xE0, 0x11, 0x60, 0x00, 0xF0, 0x07, 0x00, 0x00, 0x00, 0x29, 0x00, 0x00, 0xE0,
    0x11, 0x60, 0x00, 0xF0, 0x07, 0x00, 0x00, 0x00, 0x2A, 0x00, 0x00, 0xE0, 0xC4, 0x03, 0x00, 0x00,
    0x01, 0x60, 0x00, 0xF0, 0x02, 0x00, 0x00, 0x00, 0x00, 0x40, 0x05, 0x00, 0x0A, 0xC0, 0x00, 0xE0,
    0xB4, 0x03, 0x00, 0x00, 0x02, 0x60, 0x00, 0xF0, 0x02, 0x00, 0x00, 0x00, 0x00, 0x40, 0x09, 0x00,
    0x0A, 0xC0, 0x00, 0xE0, 0xA4, 0x03, 0x00, 0x00, 0x03, 0x60, 0x00, 0xF0, 0x02, 0x00, 0x00, 0x00,
    0x00, 0x40, 0x02, 0x00, 0x0A, 0xC0, 0x00, 0xE0, 0x94, 0x03, 0x00, 0x00, 0x00, 0x60, 0x00, 0xF0,
    0x07, 0x00, 0x00, 0x00, 0x00, 0x40, 0x00, 0xE0, 0x88, 0x03, 0x00, 0x00, 0x88, 0x03, 0x00, 0x00,
    0x01, 0x60, 0x00, 0xF0, 0x02, 0x00, 0x00, 0x00, 0x06, 0x00, 0x00, 0xE0, 0x7C, 0x03, 0x00, 0x00,
    0x02, 0x60, 0x00, 0xF0, 0x02, 0x00, 0x00, 0x00, 0x16, 0x00, 0x00, 0xE0, 0x70, 0x03, 0x00, 0x00,
    0x03, 0x60, 0x00, 0xF0, 0x02, 0x00, 0x00, 0x00, 0x16, 0x00, 0x00, 0xE0, 0x64, 0x03, 0x00, 0x00,
    0x00, 0x60, 0x00, 0xF0, 0x07, 0x00, 0x00, 0x00, 0x05, 0x00, 0x00, 0xE0, 0x58, 0x03, 0x00, 0x00,
    0x58, 0x03, 0x00, 0x00, 0x01, 0x60, 0x00, 0xF0, 0x02, 0x00, 0x00, 0x00, 0x16, 0x00, 0x00, 0xE0,
    0x4C, 0x03, 0x00, 0x00, 0x02, 0x60, 0x00, 0xF0, 0x02, 0x00, 0x00, 0x00, 0x06, 0x00, 0x00, 0xE0,
    0x40, 0x03, 0x00, 0x00, 0x03, 0x60, 0x00, 0xF0, 0x02, 0x00, 0x00, 0x00, 0x16, 0x00, 0x00, 0xE0,
    0x34, 0x03, 0x00, 0x00, 0x00, 0x60, 0x00, 0xF0, 0x07, 0x00, 0x00, 0x00, 0x09, 0x00, 0x00, 0xE0,
    0x28, 0x03, 0x00, 0x00, 0x28, 0x03, 0x00, 0x00, 0x01, 0x60, 0x00, 0xF0, 0x02, 0x00, 0x00, 0x00,
    0x16, 0x00, 0x00, 0xE0, 0x1C, 0x03, 0x00, 0x00, 0x02, 0x60, 0x00, 0xF0, 0x02, 0x00, 0x00, 0x00,
    0x16, 0x00, 0x00, 0xE0, 0x10, 0x03, 0x00, 0x00, 0x03, 0x60, 0x00, 0xF0, 0x02, 0x00, 0x00, 0x00,
    0x06, 0x00, 0x00, 0xE0, 0x04, 0x03, 0x00, 0x00, 0x00, 0x60, 0x00, 0xF0, 0x07, 0x00, 0x00, 0x00,
    0x02, 0x00, 0x00, 0xE0, 0xF8, 0x02, 0x00, 0x00, 0xF8, 0x02, 0x00, 0x00, 0x0A, 0x60, 0x11, 0x60,
    0x00, 0xA0, 0x05, 0x00, 0x00, 0xA0, 0x00, 0xF0, 0x0D, 0x00, 0x00, 0x00, 0x13, 0x60, 0x00, 0xE0,
    0x0A, 0x60, 0x11, 0x60, 0x00, 0xA0, 0x08, 0x00, 0x00, 0xA0, 0x00, 0xF0, 0x0D, 0x00, 0x00, 0x00,
    0x16, 0x60, 0x00, 0xE0, 0x0A, 0x60, 0x11, 0x60, 0x00, 0xA0, 0x07, 0x00, 0x00, 0xA0, 0x00, 0xF0,
    0x0D, 0x00, 0x00, 0x00, 0x17, 0x60, 0x00, 0xE0, 0x0A, 0x60, 0x11, 0x60, 0x00, 0xA0, 0x02, 0x00,
    0x00, 0xA0, 0x00, 0xF0, 0x07, 0x00, 0x00, 0x00, 0x14, 0x60, 0x00, 0xE0, 0x0A, 0x60, 0x11, 0x60,
    0x00, 0xA0, 0x09, 0x00, 0x00, 0xA0, 0x00, 0xF0, 0x0D, 0x00, 0x00, 0x00, 0x15, 0x60, 0x00, 0xE0,
    0x18, 0x60, 0x00, 0xF0, 0x02, 0x00, 0x00, 0x00, 0x16, 0x00, 0x00, 0xE0, 0x19, 0x60, 0x00, 0xF0,
    0x07, 0x00, 0x00, 0x00, 0x11, 0x60, 0x00, 0xE0, 0x13, 0x60, 0x00, 0xF0, 0x0D, 0x00, 0x00, 0x00,
    0x2C, 0x00, 0x00, 0xE0, 0x16, 0x60, 0x00, 0xF0, 0x0D, 0x00, 0x00, 0x00, 0x2C, 0x00, 0x00, 0xE0,
    0x17, 0x60, 0x00, 0xF0, 0x0D, 0x00, 0x00, 0x00, 0x2C, 0x00, 0x00, 0xE0, 0x14, 0x60, 0x00, 0xF0,
    0x07, 0x00, 0x00, 0x00, 0x05, 0x00, 0x00, 0xE0, 0x15, 0x60, 0x00, 0xF0, 0x0D, 0x00, 0x00, 0x00,
    0x2C, 0x00, 0x00, 0xE0, 0x11, 0x60, 0x00, 0xF0, 0x07, 0x00, 0x00, 0x00, 0x09, 0x00, 0x13, 0xC0,
    0x00, 0xE0, 0x00, 0x00, 0x30, 0x02, 0x00, 0x00, 0x06, 0x00, 0x00, 0x00, 0x02, 0x00, 0x00, 0xE0,
    0x03, 0x00, 0x00, 0xE0, 0x04, 0x00, 0x00, 0xE0, 0x05, 0x00, 0x00, 0xE0, 0x06, 0x00, 0x00, 0xE0,
    0x7F, 0x01, 0x00, 0x00, 0x80, 0x01, 0x01, 0x00, 0x81, 0x01, 0x02, 0x00, 0x82, 0x01, 0x03, 0x00,
    0xA8, 0x01, 0x04, 0x00, 0xA9, 0x01, 0x05, 0x00, 0xAB, 0x01, 0x06, 0x00, 0xAA, 0x01, 0x07, 0x00,
    0xA6, 0x01, 0x08, 0x00, 0xA7, 0x01, 0x09, 0x00, 0x84, 0x01, 0x0A, 0x00, 0x85, 0x01, 0x0B, 0x00,
    0x86, 0x01, 0x0C, 0x00, 0x87, 0x01, 0x0D, 0x00, 0x88, 0x01, 0x0E, 0x00, 0x89, 0x01, 0x0F, 0x00,
    0x8A, 0x01, 0x10, 0x00, 0x8B, 0x01, 0x11, 0x00, 0x8C, 0x01, 0x12, 0x00, 0x8D, 0x01, 0x13, 0x00,
    0x8E, 0x01, 0x14, 0x00, 0x8F, 0x01, 0x15, 0x00, 0x90, 0x01, 0x16, 0x00, 0x97, 0x01, 0x17, 0x00,
    0x91, 0x01, 0x18, 0x00, 0x92, 0x01, 0x19, 0x00, 0x93, 0x01, 0x1A, 0x00, 0x94, 0x01, 0x1B, 0x00,
    0x95, 0x01, 0x1C, 0x00, 0x96, 0x01, 0x1D, 0x00, 0x98, 0x01, 0x1E, 0x00, 0x99, 0x01, 0x1F, 0x00,
    0x9A, 0x01, 0x20, 0x00, 0x9B, 0x01, 0x21, 0x00, 0x9C, 0x01, 0x22, 0x00, 0x9D, 0x01, 0x23, 0x00,
    0x9E, 0x01, 0x24, 0x00, 0xA5, 0x01, 0x25, 0x00, 0x9F, 0x01, 0x26, 0x00, 0xA0, 0x01, 0x27, 0x00,
    0xA1, 0x01, 0x28, 0x00, 0xA2, 0x01, 0x29, 0x00, 0xA3, 0x01, 0x2A, 0x00, 0xA4, 0x01, 0x2B, 0x00,
    0x83, 0x01, 0x2C, 0x00, 0x83, 0x01, 0x2C, 0x00, 0x83, 0x01, 0x2C, 0x00, 0x83, 0x01, 0x2C, 0x00,
    0x83, 0x01, 0x2C, 0x00, 0x83, 0x01, 0x2C, 0x00, 0x83, 0x01, 0x2C, 0x00, 0x83, 0x01, 0x2C, 0x00,
    0x83, 0x01, 0x2C, 0x00, 0x83, 0x01, 0x2C, 0x00, 0x83, 0x01, 0x2C, 0x00, 0x83, 0x01, 0x2C, 0x00,
    0x83, 0x01, 0x2C, 0x00, 0x83, 0x01, 0x2C, 0x00, 0x83, 0x01, 0x2C, 0x00, 0x83, 0x01, 0x2C, 0x00,
    0x83, 0x01, 0x2C, 0x00, 0x83, 0x01, 0x2C, 0x00, 0x83, 0x01, 0x2C, 0x00, 0x83, 0x01, 0x2C, 0x00,
    0x83, 0x01, 0x2C, 0x00, 0x83, 0x01, 0x2C, 0x00, 0x83, 0x01, 0x2C, 0x00, 0x83, 0x01, 0x2C, 0x00,
    0x83, 0x01, 0x2C, 0x00, 0x83, 0x01, 0x2C, 0x00, 0x83, 0x01, 0x2C, 0x00, 0x83, 0x01, 0x2C, 0x00,
    0x83, 0x01, 0x2C, 0x00, 0x83, 0x01, 0x2C, 0x00, 0x83, 0x01, 0x2C, 0x00, 0x83, 0x01, 0x2C, 0x00,
    0x83, 0x01, 0x2C, 0x00, 0x83, 0x01, 0x2C, 0x00, 0x6D, 0x00, 0x00, 0x00, 0x6C, 0x00, 0x01, 0x00,
    0x6F, 0x00, 0x02, 0x00, 0x6E, 0x00, 0x03, 0x00, 0x70, 0x00, 0x04, 0x00, 0x71, 0x00, 0x05, 0x00,
    0x72, 0x00, 0x06, 0x00, 0x73, 0x00, 0x07, 0x00, 0x74, 0x00, 0x08, 0x00, 0x75, 0x00, 0x09, 0x00,
    0x76, 0x00, 0x0A, 0x00, 0x77, 0x00, 0x0B, 0x00, 0x78, 0x00, 0x0C, 0x00, 0x79, 0x00, 0x0D, 0x00,
    0x7A, 0x00, 0x0E, 0x00, 0x7B, 0x00, 0x0F, 0x00, 0x7D, 0x00, 0x10, 0x00, 0x7C, 0x00, 0x11, 0x00,
    0x7E, 0x00, 0x12, 0x00, 0x7F, 0x00, 0x13, 0x00, 0x80, 0x00, 0x14, 0x00, 0x81, 0x00, 0x15, 0x00,
    0x82, 0x00, 0x16, 0x00, 0x83, 0x00, 0x17, 0x00, 0x84, 0x00, 0x18, 0x00, 0x85, 0x00, 0x19, 0x00,
    0x86, 0x00, 0x1A, 0x00, 0x87, 0x00, 0x1B, 0x00, 0x88, 0x00, 0x1C, 0x00, 0x89, 0x00, 0x1D, 0x00,
    0x8A, 0x00, 0x1E, 0x00, 0x8B, 0x00, 0x1F, 0x00, 0x8C, 0x00, 0x20, 0x00, 0x8D, 0x00, 0x21, 0x00,
    0x02, 0x00, 0x01, 0x00, 0x03, 0x00, 0x03, 0x00, 0x04, 0x00, 0x04, 0x00, 0x01, 0x00, 0x02, 0x00,
    0x00, 0x00, 0x00, 0x00, 0x02, 0x00, 0x01, 0x00, 0x03, 0x00, 0x03, 0x00, 0x04, 0x00, 0x04, 0x00,
    0x01, 0x00, 0x02, 0x00, 0x00, 0x00, 0x00, 0x00, 0x02, 0x00, 0x01, 0x00, 0x03, 0x00, 0x03, 0x00,
    0x04, 0x00, 0x04, 0x00, 0x01, 0x00, 0x02, 0x00, 0x00, 0x00, 0x00, 0x00, 0x02, 0x00, 0x01, 0x00,
    0x03, 0x00, 0x03, 0x00, 0x04, 0x00, 0x04, 0x00, 0x01, 0x00, 0x02, 0x00, 0x00, 0x00, 0x00, 0x00,
    0x02, 0x00, 0x01, 0x00, 0x00, 0x00, 0x00, 0x00, 0x34, 0x01, 0x00, 0x00, 0x40, 0x01, 0x00, 0x00,
    0x4C, 0x01, 0x00, 0x00, 0x58, 0x01, 0x00, 0x00, 0x64, 0x01, 0x00, 0x00, 0x70, 0x01, 0x00, 0x00,
    0x7C, 0x01, 0x00, 0x00, 0x88, 0x01, 0x00, 0x00, 0x94, 0x01, 0x00, 0x00, 0xA0, 0x01, 0x00, 0x00,
    0xAC, 0x01, 0x00, 0x00, 0xB8, 0x01, 0x00, 0x00, 0xC4, 0x01, 0x00, 0x00, 0xD0, 0x01, 0x00, 0x00,
    0xDC, 0x01, 0x00, 0x00, 0xE8, 0x01, 0x00, 0x00, 0xF4, 0x01, 0x00, 0x00, 0x00, 0x02, 0x00, 0x00,
    0x0C, 0x02, 0x00, 0x00, 0x18, 0x02, 0x00, 0x00, 0x24, 0x02, 0x00, 0x00, 0x30, 0x02, 0x00, 0x00,
    0x3C, 0x02, 0x00, 0x00, 0x48, 0x02, 0x00, 0x00, 0x54, 0x02, 0x00, 0x00, 0x60, 0x02, 0x00, 0x00,
    0x6C, 0x02, 0x00, 0x00, 0x78, 0x02, 0x00, 0x00, 0x84, 0x02, 0x00, 0x00, 0x90, 0x02, 0x00, 0x00,
    0x9C, 0x02, 0x00, 0x00, 0xA8, 0x02, 0x00, 0x00, 0xB4, 0x02, 0x00, 0x00, 0xC0, 0x02, 0x00, 0x00,
    0xCC, 0x02, 0x00, 0x00, 0xD8, 0x02, 0x00, 0x00, 0xE4, 0x02, 0x00, 0x00, 0xF0, 0x02, 0x00, 0x00,
    0xFC, 0x02, 0x00, 0x00, 0x08, 0x03, 0x00, 0x00, 0x14, 0x03, 0x00, 0x00, 0x20, 0x03, 0x00, 0x00,
    0x2C, 0x03, 0x00, 0x00, 0x38, 0x03, 0x00, 0x00, 0x44, 0x03, 0x00, 0x00, 0x03, 0x00, 0x00, 0x00,
    0x03, 0x03, 0x03, 0x03, 0x03, 0x03, 0x03, 0x03, 0x03, 0x03, 0x03, 0x03, 0x03, 0x03, 0x03, 0x03,
    0x03, 0x03, 0x03, 0x03, 0x03, 0x03, 0x03, 0x03, 0x03, 0x03, 0x03, 0x03, 0x03, 0x03, 0x03, 0x03,
    0x03, 0x03, 0x03, 0x03, 0x03, 0x03, 0x03, 0x03, 0x03, 0x03, 0x03, 0x03, 0x01, 0x00, 0x00, 0x00,
    0x03, 0x03, 0x03, 0x03, 0x03, 0x03, 0x03, 0x03, 0x03, 0x03, 0x03, 0x03, 0x03, 0x03, 0x03, 0x03,
    0x03, 0x03, 0x03, 0x03, 0x03, 0x03, 0x03, 0x03, 0x03, 0x03, 0x03, 0x03, 0x03, 0x03, 0x03, 0x03,
    0x03, 0x03, 0x00, 0x00, 0x03, 0x03, 0x01, 0x03, 0x03, 0x00, 0x00, 0x00, 0x03, 0x03, 0x01, 0x03,
    0x03, 0x00, 0x00, 0x00, 0x03, 0x03, 0x01, 0x03, 0x03, 0x00, 0x00, 0x00, 0x03, 0x03, 0x01, 0x03,
    0x03, 0x00, 0x00, 0x00, 0x03, 0x01, 0x00, 0x00, 0x00, 0x00, 0x00, 0x00, 0x00, 0x00, 0x00, 0x00,
    0x00, 0x00, 0x00, 0x00, 0x00, 0x00, 0x00, 0x00, 0x00, 0x00, 0x00, 0x00, 0x01, 0x00, 0x00, 0x00,
    0x00, 0x00, 0x00, 0x00, 0x00, 0x00, 0x00, 0x00, 0x00, 0x00, 0x00, 0x00, 0x07, 0x00, 0x00, 0x00,
    0x00, 0x00, 0x00, 0x00, 0x02, 0x00, 0x00, 0x00, 0x00, 0x00, 0x00, 0x00, 0x07, 0x00, 0x00, 0x00,
    0x00, 0x00, 0x00, 0x00, 0x09, 0x00, 0x00, 0x00, 0x00, 0x00, 0x00, 0x00, 0x07, 0x00, 0x00, 0x00,
    0x00, 0x00, 0x00, 0x00, 0xC8, 0x00, 0x00, 0x00, 0x00, 0x00, 0x00, 0x00, 0x07, 0x00, 0x00, 0x00,
    0x00, 0x00, 0x00, 0x00, 0x00, 0x00, 0x00, 0x00, 0x00, 0x00, 0x00, 0x00, 0x02, 0x00, 0x00, 0x00,
    0x00, 0x00, 0x00, 0x00, 0x01, 0x00, 0x00, 0x00, 0x00, 0x00, 0x00, 0x00, 0x07, 0x00, 0x00, 0x00,
    0x00, 0x00, 0x00, 0x00, 0x04, 0x00, 0x00, 0x00, 0x00, 0x00, 0x00, 0x00, 0x07, 0x00, 0x00, 0x00,
    0x00, 0x00, 0x00, 0x00, 0x03, 0x00, 0x00, 0x00, 0x00, 0x00, 0x00, 0x00, 0x07, 0x00, 0x00, 0x00,
    0x00, 0x00, 0x00, 0x00, 0x01, 0x00, 0x00, 0x00, 0x00, 0x00, 0x00, 0x00, 0x0E, 0x00, 0x00, 0x00,
    0x00, 0x00, 0x00, 0x00, 0x28, 0x02, 0x00, 0x00, 0x00, 0x00, 0x00, 0x00, 0x0E, 0x00, 0x00, 0x00,
    0x00, 0x00, 0x00, 0x00, 0x28, 0x02, 0x00, 0x00, 0x00, 0x00, 0x00, 0x00, 0x07, 0x00, 0x00, 0x00,
    0x00, 0x00, 0x00, 0x00, 0x64, 0x00, 0x00, 0x00, 0x00, 0x00, 0x00, 0x00, 0x07, 0x00, 0x00, 0x00,
    0x00, 0x00, 0x00, 0x00, 0x05, 0x00, 0x00, 0x00, 0x00, 0x00, 0x00, 0x00, 0x07, 0x00, 0x00, 0x00,
    0x00, 0x00, 0x00, 0x00, 0x06, 0x00, 0x00, 0x00, 0x00, 0x00, 0x00, 0x00, 0x07, 0x00, 0x00, 0x00,
    0x00, 0x00, 0x00, 0x00, 0x07, 0x00, 0x00, 0x00, 0x00, 0x00, 0x00, 0x00, 0x07, 0x00, 0x00, 0x00,
    0x00, 0x00, 0x00, 0x00, 0x1C, 0x00, 0x00, 0x00, 0x00, 0x00, 0x00, 0x00, 0x07, 0x00, 0x00, 0x00,
    0x00, 0x00, 0x00, 0x00, 0x1D, 0x00, 0x00, 0x00, 0x00, 0x00, 0x00, 0x00, 0x07, 0x00, 0x00, 0x00,
    0x00, 0x00, 0x00, 0x00, 0x1E, 0x00, 0x00, 0x00, 0x00, 0x00, 0x00, 0x00, 0x0E, 0x00, 0x00, 0x00,
    0x00, 0x00, 0x00, 0x00, 0xB8, 0x01, 0x00, 0x00, 0x00, 0x00, 0x00, 0x00, 0x0E, 0x00, 0x00, 0x00,
    0x00, 0x00, 0x00, 0x00, 0xB8, 0x01, 0x00, 0x00, 0x00, 0x00, 0x00, 0x00, 0x07, 0x00, 0x00, 0x00,
    0x00, 0x00, 0x00, 0x00, 0x08, 0x00, 0x00, 0x00, 0x00, 0x00, 0x00, 0x00, 0x02, 0x00, 0x00, 0x00,
    0x00, 0x00, 0x00, 0x00, 0x00, 0x00, 0x00, 0x00, 0x00, 0x00, 0x00, 0x00, 0x07, 0x00, 0x00, 0x00,
    0x00, 0x00, 0x00, 0x00, 0x0D, 0x00, 0x00, 0x00, 0x00, 0x00, 0x00, 0x00, 0x07, 0x00, 0x00, 0x00,
    0x00, 0x00, 0x00, 0x00, 0x0C, 0x00, 0x00, 0x00, 0x00, 0x00, 0x00, 0x00, 0x07, 0x00, 0x00, 0x00,
    0x00, 0x00, 0x00, 0x00, 0x0B, 0x00, 0x00, 0x00, 0x00, 0x00, 0x00, 0x00, 0x07, 0x00, 0x00, 0x00,
    0x00, 0x00, 0x00, 0x00, 0x0A, 0x00, 0x00, 0x00, 0x00, 0x00, 0x00, 0x00, 0x07, 0x00, 0x00, 0x00,
    0x00, 0x00, 0x00, 0x00, 0x0E, 0x00, 0x00, 0x00, 0x00, 0x00, 0x00, 0x00, 0x07, 0x00, 0x00, 0x00,
    0x00, 0x00, 0x00, 0x00, 0x0F, 0x00, 0x00, 0x00, 0x00, 0x00, 0x00, 0x00, 0x07, 0x00, 0x00, 0x00,
    0x00, 0x00, 0x00, 0x00, 0x10, 0x00, 0x00, 0x00, 0x00, 0x00, 0x00, 0x00, 0x07, 0x00, 0x00, 0x00,
    0x00, 0x00, 0x00, 0x00, 0x11, 0x00, 0x00, 0x00, 0x00, 0x00, 0x00, 0x00, 0x07, 0x00, 0x00, 0x00,
    0x00, 0x00, 0x00, 0x00, 0x12, 0x00, 0x00, 0x00, 0x00, 0x00, 0x00, 0x00, 0x07, 0x00, 0x00, 0x00,
    0x00, 0x00, 0x00, 0x00, 0x13, 0x00, 0x00, 0x00, 0x00, 0x00, 0x00, 0x00, 0x07, 0x00, 0x00, 0x00,
    0x00, 0x00, 0x00, 0x00, 0x14, 0x00, 0x00, 0x00, 0x00, 0x00, 0x00, 0x00, 0x07, 0x00, 0x00, 0x00,
    0x00, 0x00, 0x00, 0x00, 0x1B, 0x00, 0x00, 0x00, 0x00, 0x00, 0x00, 0x00, 0x07, 0x00, 0x00, 0x00,
    0x00, 0x00, 0x00, 0x00, 0x1A, 0x00, 0x00, 0x00, 0x00, 0x00, 0x00, 0x00, 0x07, 0x00, 0x00, 0x00,
    0x00, 0x00, 0x00, 0x00, 0x19, 0x00, 0x00, 0x00, 0x00, 0x00, 0x00, 0x00, 0x07, 0x00, 0x00, 0x00,
    0x00, 0x00, 0x00, 0x00, 0x18, 0x00, 0x00, 0x00, 0x00, 0x00, 0x00, 0x00, 0x07, 0x00, 0x00, 0x00,
    0x00, 0x00, 0x00, 0x00, 0x17, 0x00, 0x00, 0x00, 0x00, 0x00, 0x00, 0x00, 0x07, 0x00, 0x00, 0x00,
    0x00, 0x00, 0x00, 0x00, 0x16, 0x00, 0x00, 0x00, 0x00, 0x00, 0x00, 0x00, 0x07, 0x00, 0x00, 0x00,
    0x00, 0x00, 0x00, 0x00, 0x1F, 0x00, 0x00, 0x00, 0x00, 0x00, 0x00, 0x00, 0x07, 0x00, 0x00, 0x00,
    0x00, 0x00, 0x00, 0x00, 0x20, 0x00, 0x00, 0x00, 0x00, 0x00, 0x00, 0x00, 0x07, 0x00, 0x00, 0x00,
    0x00, 0x00, 0x00, 0x00, 0x21, 0x00, 0x00, 0x00, 0x00, 0x00, 0x00, 0x00, 0x07, 0x00, 0x00, 0x00,
    0x00, 0x00, 0x00, 0x00, 0x15, 0x00, 0x00, 0x00, 0x00, 0x00, 0x00, 0x00, 0x0E, 0x00, 0x00, 0x00,
    0x00, 0x00, 0x00, 0x00, 0x40, 0x00, 0x00, 0x00, 0x00, 0x00, 0x00, 0x00, 0x23, 0x32, 0x45, 0x37,
    0x44, 0x33, 0x32, 0x20, 0xE5, 0x85, 0x85, 0xE8, 0xB6, 0xB3, 0x23, 0x00, 0x23, 0x42, 0x37, 0x31,
    0x43, 0x31, 0x43, 0xE9, 0xA2, 0x84, 0xE8, 0xAD, 0xA6, 0x23, 0x00, 0x00, 0xE5, 0x87, 0x86, 0xE5,
    0xA4, 0x87, 0xE5, 0x87, 0xBA, 0xE5, 0x85, 0xA5, 0x3A, 0x20, 0x00, 0x00, 0x20, 0x70, 0x63, 0x73,
    0x00, 0x00, 0x00, 0x00, 0x00, 0x00, 0x00, 0x00
};

native_var_t native_vars[] = {
    { NATIVE_VAR_TYPE_NONE, 0, 0 },
};

ActionExecFunc actions[] = {
    action_givetime,
    action_printer,
    action_action_stop_camera,
    action_action_recognize,
    action_iobutton,
};

void ui_init() {
    eez_flow_init(assets, sizeof(assets), (lv_obj_t **)&objects, sizeof(objects), images, sizeof(images), actions);
}

void ui_tick() {
    eez_flow_tick();
    tick_screen(g_currentScreen);
}